Game,Language,Set Name,Set Name (EN),Set Code,Manufacturer,Sport,Season,Year,Release Date,Series,Cards In Set,Cards Listed,Sources
Dragon Ball Super: Masters,English,5th Anniversary Set,5th Anniversary Set,DBS-BE21,,,,,,,,75,tcgcsv
Dragon Ball Super: Masters,English,Assault of the Saiyans,Assault of the Saiyans,DBS-B07,,,,,,,,146,tcgcsv
Dragon Ball Super: Masters,English,Assault of the Saiyans Pre-Release Cards,Assault of the Saiyans Pre-Release Cards,DBS-B07PRE,,,,,,,,108,tcgcsv
Dragon Ball Super: Masters,English,Battle Evolution Booster,Battle Evolution Booster,EB-01,,,,,,,,125,tcgcsv
Dragon Ball Super: Masters,English,Beyond Generations,Beyond Generations,BT24,,,,,,,,140,tcgcsv
Dragon Ball Super: Masters,English,Beyond Generations Pre-Release Cards,Beyond Generations Pre-Release Cards,BT24_PR,,,,,,,,59,tcgcsv
Dragon Ball Super: Masters,English,Chromatic Ascension,Chromatic Ascension,BT32,,,,,,,,0,tcgcsv
Dragon Ball Super: Masters,English,Clash of Fates,Clash of Fates,DBS-TB03,,,,,,,,77,tcgcsv
Dragon Ball Super: Masters,English,Collector's Selection Vol. 1,Collector's Selection Vol. 1,CSV1,,,,,,,,18,tcgcsv
Dragon Ball Super: Masters,English,Collector's Selection Vol. 2,Collector's Selection Vol. 2,CSV2,,,,,,,,18,tcgcsv
Dragon Ball Super: Masters,English,Collector's Selection Vol. 3,Collector's Selection Vol. 3,CSV3,,,,,,,,18,tcgcsv
Dragon Ball Super: Masters,English,Colossal Warfare,Colossal Warfare,DBS-B04,,,,,,,,134,tcgcsv
Dragon Ball Super: Masters,English,Critical Blow,Critical Blow,BT22,,,,,,,,148,tcgcsv
Dragon Ball Super: Masters,English,Critical Blow Pre-Release Cards,Critical Blow Pre-Release Cards,DBS-B22PRE,,,,,,,,59,tcgcsv
Dragon Ball Super: Masters,English,Cross Spirits,Cross Spirits,DBS-B14,,,,,,,,166,tcgcsv
Dragon Ball Super: Masters,English,Cross Spirits Pre-Release Cards,Cross Spirits Pre-Release Cards,DBS-B14PRE,,,,,,,,68,tcgcsv
Dragon Ball Super: Masters,English,Cross Worlds,Cross Worlds,DBS-B03,,,,,,,,133,tcgcsv
Dragon Ball Super: Masters,English,Dawn of the Z-Legends,Dawn of the Z-Legends,DBS-B18,,,,,,,,169,tcgcsv
Dragon Ball Super: Masters,English,Dawn of the Z-Legends Pre-Release Cards,Dawn of the Z-Legends Pre-Release Cards,DBS-B18PRE,,,,,,,,68,tcgcsv
Dragon Ball Super: Masters,English,Destroyer Kings,Destroyer Kings,DBS-B06,,,,,,,,147,tcgcsv
Dragon Ball Super: Masters,English,Destroyer Kings Pre-Release Cards,Destroyer Kings Pre-Release Cards,DBS-B06PRE,,,,,,,,60,tcgcsv
Dragon Ball Super: Masters,English,Draft Box 04 - Dragon Brawl,Draft Box 04 - Dragon Brawl,DB1,,,,,,,,122,tcgcsv
Dragon Ball Super: Masters,English,Draft Box 05 - Divine Multiverse,Draft Box 05 - Divine Multiverse,DB2,,,,,,,,177,tcgcsv
Dragon Ball Super: Masters,English,Draft Box 06 - Giant Force,Draft Box 06 - Giant Force,DB3,,,,,,,,144,tcgcsv
Dragon Ball Super: Masters,English,Draft Boxes,Draft Boxes,DB0,,,,,,,,0,tcgcsv
Dragon Ball Super: Masters,English,Dragon Ball Super Battle Set Bundles,Dragon Ball Super Battle Set Bundles,DBS_BSB,,,,,,,,0,tcgcsv
Dragon Ball Super: Masters,English,Dragon Ball Super: Miscellaneous Sealed Product,Dragon Ball Super: Miscellaneous Sealed Product,MSP,,,,,,,,0,tcgcsv
Dragon Ball Super: Masters,English,Expansion Deck Box Set 01: Mighty Heroes,Expansion Deck Box Set 01: Mighty Heroes,DBS-BE01,,,,,,,,7,tcgcsv
Dragon Ball Super: Masters,English,Expansion Deck Box Set 02: Dark Demon's Villains,Expansion Deck Box Set 02: Dark Demon's Villains,DBS-BE02,,,,,,,,7,tcgcsv
Dragon Ball Super: Masters,English,Expansion Deck Box Set 03: Ultimate Box,Expansion Deck Box Set 03: Ultimate Box,DBS-BE03,,,,,,,,30,tcgcsv
Dragon Ball Super: Masters,English,Expansion Deck Box Set 04: Unity of Saiyans,Expansion Deck Box Set 04: Unity of Saiyans,DBS-BE04,,,,,,,,4,tcgcsv
Dragon Ball Super: Masters,English,Expansion Deck Box Set 05: Unity of Destruction,Expansion Deck Box Set 05: Unity of Destruction,DBS-BE05,,,,,,,,4,tcgcsv
Dragon Ball Super: Masters,English,Expansion Deck Box Set 07: Magnificent Collection - Fusion Hero,Expansion Deck Box Set 07: Magnificent Collection - Fusion Hero,DBS-BE07,,,,,,,,27,tcgcsv
Dragon Ball Super: Masters,English,Expansion Deck Box Set 08: Magnificent Collection - Forsaken Warrior,Expansion Deck Box Set 08: Magnificent Collection - Forsaken Warrior,DBS-BE08,,,,,,,,25,tcgcsv
Dragon Ball Super: Masters,English,Expansion Deck Box Set 09: Saiyan Surge,Expansion Deck Box Set 09: Saiyan Surge,DBS-EB09,,,,,,,,6,tcgcsv
Dragon Ball Super: Masters,English,Expansion Deck Box Set 10: Namekian Surge,Expansion Deck Box Set 10: Namekian Surge,DBS-EB10,,,,,,,,6,tcgcsv
Dragon Ball Super: Masters,English,Expansion Deck Box Set 11: Universe 7 Unison,Expansion Deck Box Set 11: Universe 7 Unison,DBS-BE11,,,,,,,,7,tcgcsv
Dragon Ball Super: Masters,English,Expansion Deck Box Set 12: Universe 11 Unison,Expansion Deck Box Set 12: Universe 11 Unison,DBS-BE12,,,,,,,,7,tcgcsv
Dragon Ball Super: Masters,English,Expansion Deck Box Set 14: Battle Advanced,Expansion Deck Box Set 14: Battle Advanced,DBS-BE14,,,,,,,,5,tcgcsv
Dragon Ball Super: Masters,English,Expansion Deck Box Set 15: Battle Enhanced,Expansion Deck Box Set 15: Battle Enhanced,DBS-BE15,,,,,,,,5,tcgcsv
Dragon Ball Super: Masters,English,Expansion Deck Box Set 16: Ultimate Deck,Expansion Deck Box Set 16: Ultimate Deck,DBS-BE16,,,,,,,,10,tcgcsv
Dragon Ball Super: Masters,English,Expansion Deck Box Set 17: Saiyan Boost,Expansion Deck Box Set 17: Saiyan Boost,DBS-BE17,,,,,,,,5,tcgcsv
Dragon Ball Super: Masters,English,Expansion Deck Box Set 18: Namekian Boost,Expansion Deck Box Set 18: Namekian Boost,DBS-BE18,,,,,,,,5,tcgcsv
Dragon Ball Super: Masters,English,Expansion Deck Box Set 20: Ultimate Deck 2022,Expansion Deck Box Set 20: Ultimate Deck 2022,DBS-BE20,,,,,,,,20,tcgcsv
Dragon Ball Super: Masters,English,Expansion Deck Box Set 22: Ultimate Deck 2023,Expansion Deck Box Set 22: Ultimate Deck 2023,DBS-BE22,,,,,,,,23,tcgcsv
Dragon Ball Super: Masters,English,Expansion Deck Box Set 23: Premium Anniversary Box 2023,Expansion Deck Box Set 23: Premium Anniversary Box 2023,DBS-BE23,,,,,,,,58,tcgcsv
Dragon Ball Super: Masters,English,Expansion Deck Box Set 24: Premium 7th Anniversary Box 2024,Expansion Deck Box Set 24: Premium 7th Anniversary Box 2024,DBS-BE24,,,,,,,,55,tcgcsv
Dragon Ball Super: Masters,English,Expansion Deck Box Set 25: Premium Anniversary Box 2025,Expansion Deck Box Set 25: Premium Anniversary Box 2025,BE25,,,,,,,,68,tcgcsv
Dragon Ball Super: Masters,English,Fearsome Rivals,Fearsome Rivals,BT29,,,,,,,,162,tcgcsv
Dragon Ball Super: Masters,English,Fearsome Rivals Release Event,Fearsome Rivals Release Event,BT29_PR,,,,,,,,73,tcgcsv
Dragon Ball Super: Masters,English,Fighter's Ambition,Fighter's Ambition,DBS-B19,,,,,,,,154,tcgcsv
Dragon Ball Super: Masters,English,Fighter's Ambition Pre-Release Cards,Fighter's Ambition Pre-Release Cards,DBS-B19PRE,,,,,,,,0,tcgcsv
Dragon Ball Super: Masters,English,Fusion World: Awakened Pulse,Fusion World: Awakened Pulse,FB01,,,,,,,,0,tcgcsv
Dragon Ball Super: Masters,English,Galactic Battle,Galactic Battle,DBS-B01,,,,,,,,115,tcgcsv
Dragon Ball Super: Masters,English,History of Z,History of Z,BT27,,,,,,,,140,tcgcsv
Dragon Ball Super: Masters,English,History of Z Pre-Release Cards,History of Z Pre-Release Cards,BT27_PR,,,,,,,,59,tcgcsv
Dragon Ball Super: Masters,English,Impact Beyond Dimensions,Impact Beyond Dimensions,BT31,,,,,,,,158,tcgcsv
Dragon Ball Super: Masters,English,Impact Beyond Dimensions Release Event,Impact Beyond Dimensions Release Event,BT31_PR,,,,,,,,74,tcgcsv
Dragon Ball Super: Masters,English,Judge Promotion Cards,Judge Promotion Cards,JPR,,,,,,,,122,tcgcsv
Dragon Ball Super: Masters,English,Legend of the Dragon Balls,Legend of the Dragon Balls,BT25,,,,,,,,148,tcgcsv
Dragon Ball Super: Masters,English,Legend of the Dragon Balls Pre-Release Cards,Legend of the Dragon Balls Pre-Release Cards,BT25_PR,,,,,,,,59,tcgcsv
Dragon Ball Super: Masters,English,Malicious Machinations,Malicious Machinations,DBS-B08,,,,,,,,152,tcgcsv
Dragon Ball Super: Masters,English,Malicious Machinations Pre-Release Cards,Malicious Machinations Pre-Release Cards,DBS-B08PRE,,,,,,,,108,tcgcsv
Dragon Ball Super: Masters,English,Miraculous Revival,Miraculous Revival,DBS-B05,,,,,,,,130,tcgcsv
Dragon Ball Super: Masters,English,Mythic Booster,Mythic Booster,MB-01,,,,,,,,63,tcgcsv
Dragon Ball Super: Masters,English,Oversized Cards,Oversized Cards,OVRS,,,,,,,,13,tcgcsv
Dragon Ball Super: Masters,English,Perfect Combination,Perfect Combination,BT23,,,,,,,,140,tcgcsv
Dragon Ball Super: Masters,English,Perfect Combination Pre-Release Cards,Perfect Combination Pre-Release Cards,DBS-B23PRE,,,,,,,,0,tcgcsv
Dragon Ball Super: Masters,English,Power Absorbed,Power Absorbed,DBS-B20,,,,,,,,163,tcgcsv
Dragon Ball Super: Masters,English,Power Absorbed Pre-Release Cards,Power Absorbed Pre-Release Cards,DBS-B20PRE,,,,,,,,68,tcgcsv
Dragon Ball Super: Masters,English,Prismatic Clash,Prismatic Clash,BT28,,,,,,,,161,tcgcsv
Dragon Ball Super: Masters,English,Prismatic Clash Release Event,Prismatic Clash Release Event,BT28_PR,,,,,,,,74,tcgcsv
Dragon Ball Super: Masters,English,Promotion Cards,Promotion Cards,PR,,,,,,,,682,tcgcsv
Dragon Ball Super: Masters,English,Realm of the Gods,Realm of the Gods,DBS-B16,,,,,,,,149,tcgcsv
Dragon Ball Super: Masters,English,Realm of the Gods Pre-Release Cards,Realm of the Gods Pre-Release Cards,DBS-B16PRE,,,,,,,,68,tcgcsv
Dragon Ball Super: Masters,English,Revision Pack 2020,Revision Pack 2020,RP20,,,,,,,,30,tcgcsv
Dragon Ball Super: Masters,English,Rise of the Unison Warrior,Rise of the Unison Warrior,DBS-B10,,,,,,,,169,tcgcsv
Dragon Ball Super: Masters,English,Rise of the Unison Warrior (2nd Edition),Rise of the Unison Warrior (2nd Edition),DBS-B10-RE,,,,,,,,169,tcgcsv
Dragon Ball Super: Masters,English,Rise of the Unison Warrior Pre-Release Cards,Rise of the Unison Warrior Pre-Release Cards,DBS-B10PRE,,,,,,,,68,tcgcsv
Dragon Ball Super: Masters,English,Saiyan Showdown,Saiyan Showdown,DBS-B15,,,,,,,,155,tcgcsv
Dragon Ball Super: Masters,English,Saiyan Showdown Pre-Release Cards,Saiyan Showdown Pre-Release Cards,DBS-B15PRE,,,,,,,,68,tcgcsv
Dragon Ball Super: Masters,English,Special Anniversary Set,Special Anniversary Set,DBS-EB06,,,,,,,,56,tcgcsv
Dragon Ball Super: Masters,English,Special Anniversary Set 2020,Special Anniversary Set 2020,DBS-BE13,,,,,,,,56,tcgcsv
Dragon Ball Super: Masters,English,Special Anniversary Set 2021,Special Anniversary Set 2021,DBS-BE19,,,,,,,,56,tcgcsv
Dragon Ball Super: Masters,English,Supreme Rivalry,Supreme Rivalry,DBS-B13,,,,,,,,154,tcgcsv
Dragon Ball Super: Masters,English,Supreme Rivalry Pre-Release Cards,Supreme Rivalry Pre-Release Cards,DBS-B13PRE,,,,,,,,68,tcgcsv
Dragon Ball Super: Masters,English,Theme Selection: History of Son Goku,Theme Selection: History of Son Goku,TS01,,,,,,,,15,tcgcsv
Dragon Ball Super: Masters,English,Theme Selection: History of Vegeta,Theme Selection: History of Vegeta,TS02,,,,,,,,15,tcgcsv
Dragon Ball Super: Masters,English,Three Glorious Fighters,Three Glorious Fighters,BT30,,,,,,,,161,tcgcsv
Dragon Ball Super: Masters,English,Three Glorious Fighters Release Event,Three Glorious Fighters Release Event,BT30_PR,,,,,,,,74,tcgcsv
Dragon Ball Super: Masters,English,Tournament Promotion Cards,Tournament Promotion Cards,TPR,,,,,,,,891,tcgcsv
Dragon Ball Super: Masters,English,Tournament of Power,Tournament of Power,DBS-TB01,,,,,,,,97,tcgcsv
Dragon Ball Super: Masters,English,Ultimate Advent,Ultimate Advent,BT26,,,,,,,,141,tcgcsv
Dragon Ball Super: Masters,English,Ultimate Advent Pre-Release Cards,Ultimate Advent Pre-Release Cards,BT26,,,,,,,,57,tcgcsv
Dragon Ball Super: Masters,English,Ultimate Squad,Ultimate Squad,DBS-B17,,,,,,,,149,tcgcsv
Dragon Ball Super: Masters,English,Ultimate Squad Pre-Release Cards,Ultimate Squad Pre-Release Cards,DBS-B17PRE,,,,,,,,68,tcgcsv
Dragon Ball Super: Masters,English,Union Force,Union Force,DBS-B02,,,,,,,,123,tcgcsv
Dragon Ball Super: Masters,English,Universal Onslaught,Universal Onslaught,DBS-B09,,,,,,,,152,tcgcsv
Dragon Ball Super: Masters,English,Universal Onslaught Pre-Release Cards,Universal Onslaught Pre-Release Cards,DBS-B09PRE,,,,,,,,108,tcgcsv
Dragon Ball Super: Masters,English,Vermilion Bloodline,Vermilion Bloodline,DBS-B11,,,,,,,,154,tcgcsv
Dragon Ball Super: Masters,English,Vermilion Bloodline (2nd Edition),Vermilion Bloodline (2nd Edition),DBS-B11-RE,,,,,,,,154,tcgcsv
Dragon Ball Super: Masters,English,Vermilion Bloodline Pre-Release Cards,Vermilion Bloodline Pre-Release Cards,DBS-B11PRE,,,,,,,,127,tcgcsv
Dragon Ball Super: Masters,English,Vicious Rejuvenation,Vicious Rejuvenation,DBS-B12,,,,,,,,154,tcgcsv
Dragon Ball Super: Masters,English,Vicious Rejuvenation Pre-Release Cards,Vicious Rejuvenation Pre-Release Cards,DBS-B12PRE,,,,,,,,128,tcgcsv
Dragon Ball Super: Masters,English,Wild Resurgence,Wild Resurgence,BT21,,,,,,,,149,tcgcsv
Dragon Ball Super: Masters,English,Wild Resurgence Pre-Release Cards,Wild Resurgence Pre-Release Cards,DBS-B21PRE,,,,,,,,68,tcgcsv
Dragon Ball Super: Masters,English,World Martial Arts Tournament,World Martial Arts Tournament,DBS-TB02,,,,,,,,69,tcgcsv
Dragon Ball Super: Fusion World,English,Awakened Pulse,Awakened Pulse,FB01,,,,,,,,140,tcgcsv
Dragon Ball Super: Fusion World,English,Awakened Pulse Alternate Art Reprints,Awakened Pulse Alternate Art Reprints,FB01_AR,,,,,,,,5,tcgcsv
Dragon Ball Super: Fusion World,English,Awakened Pulse Pre-Release Cards,Awakened Pulse Pre-Release Cards,FB01_PR,,,,,,,,88,tcgcsv
Dragon Ball Super: Fusion World,English,Blazing Aura,Blazing Aura,FB02,,,,,,,,140,tcgcsv
Dragon Ball Super: Fusion World,English,Blazing Aura Alternate Art Reprints,Blazing Aura Alternate Art Reprints,FB02_AR,,,,,,,,6,tcgcsv
Dragon Ball Super: Fusion World,English,Blazing Aura Release Event Cards,Blazing Aura Release Event Cards,FB02_PR,,,,,,,,92,tcgcsv
Dragon Ball Super: Fusion World,English,Brightness of Hope,Brightness of Hope,FB11,,,,,,,,0,tcgcsv
Dragon Ball Super: Fusion World,English,Cross Force,Cross Force,FB10,,,,,,,,122,tcgcsv
Dragon Ball Super: Fusion World,English,Cross Force Release Event Cards,Cross Force Release Event Cards,FB10_PR,,,,,,,,75,tcgcsv
Dragon Ball Super: Fusion World,English,Dual Evolution,Dual Evolution,FB09,,,,,,,,123,tcgcsv
Dragon Ball Super: Fusion World,English,Dual Evolution Release Event Cards,Dual Evolution Release Event Cards,FB09_PR,,,,,,,,75,tcgcsv
Dragon Ball Super: Fusion World,English,Fusion World Energy Markers,Fusion World Energy Markers,DBSFW_EM,,,,,,,,185,tcgcsv
Dragon Ball Super: Fusion World,English,Fusion World Promotion Cards and Packs,Fusion World Promotion Cards and Packs,DBSFW_PR,,,,,,,,86,tcgcsv
Dragon Ball Super: Fusion World,English,Manga Booster 01,Manga Booster 01,SB01,,,,,,,,110,tcgcsv
Dragon Ball Super: Fusion World,English,Manga Booster 01 Release Event Cards,Manga Booster 01 Release Event Cards,SB01_PR,,,,,,,,69,tcgcsv
Dragon Ball Super: Fusion World,English,Manga Booster 02,Manga Booster 02,SB02,,,,,,,,111,tcgcsv
Dragon Ball Super: Fusion World,English,Manga Booster 02 Release Event Cards,Manga Booster 02 Release Event Cards,SB02_RE,,,,,,,,69,tcgcsv
Dragon Ball Super: Fusion World,English,New Adventure,New Adventure,FB05,,,,,,,,120,tcgcsv
Dragon Ball Super: Fusion World,English,New Adventure Alternate Art Reprints,New Adventure Alternate Art Reprints,FB03_AR,,,,,,,,1,tcgcsv
Dragon Ball Super: Fusion World,English,New Adventure Release Event Cards,New Adventure Release Event Cards,FB05_PR,,,,,,,,71,tcgcsv
Dragon Ball Super: Fusion World,English,Raging Roar,Raging Roar,FB03,,,,,,,,140,tcgcsv
Dragon Ball Super: Fusion World,English,Raging Roar Alternate Art Reprints,Raging Roar Alternate Art Reprints,FB03_AR,,,,,,,,8,tcgcsv
Dragon Ball Super: Fusion World,English,Raging Roar Release Event Cards,Raging Roar Release Event Cards,FB03_PR,,,,,,,,91,tcgcsv
Dragon Ball Super: Fusion World,English,Reach the God,Reach the God,FB12,,,,,,,,0,tcgcsv
Dragon Ball Super: Fusion World,English,Rivals Clash,Rivals Clash,FB06,,,,,,,,120,tcgcsv
Dragon Ball Super: Fusion World,English,Rivals Clash Release Event Cards,Rivals Clash Release Event Cards,FB06_PR,,,,,,,,75,tcgcsv
Dragon Ball Super: Fusion World,English,Saiyan's Pride,Saiyan's Pride,FB08,,,,,,,,122,tcgcsv
Dragon Ball Super: Fusion World,English,Saiyan's Pride Release Event Cards,Saiyan's Pride Release Event Cards,FB08_PR,,,,,,,,70,tcgcsv
Dragon Ball Super: Fusion World,English,Starter Deck 10: Giblet,Starter Deck 10: Giblet,FS10,,,,,,,,18,tcgcsv
Dragon Ball Super: Fusion World,English,Starter Deck 1: Son Goku,Starter Deck 1: Son Goku,FS01,,,,,,,,16,tcgcsv
Dragon Ball Super: Fusion World,English,Starter Deck 1: Son Goku Alternate Art Reprints,Starter Deck 1: Son Goku Alternate Art Reprints,FS01_AR,,,,,,,,1,tcgcsv
Dragon Ball Super: Fusion World,English,Starter Deck 2: Vegeta,Starter Deck 2: Vegeta,FS02,,,,,,,,16,tcgcsv
Dragon Ball Super: Fusion World,English,Starter Deck 3: Broly,Starter Deck 3: Broly,FS03,,,,,,,,16,tcgcsv
Dragon Ball Super: Fusion World,English,Starter Deck 3: Broly Alternate Art Reprints,Starter Deck 3: Broly Alternate Art Reprints,FS03_AR,,,,,,,,1,tcgcsv
Dragon Ball Super: Fusion World,English,Starter Deck 4: Frieza,Starter Deck 4: Frieza,FS04,,,,,,,,16,tcgcsv
Dragon Ball Super: Fusion World,English,Starter Deck 4: Frieza Alternate Art Reprints,Starter Deck 4: Frieza Alternate Art Reprints,FS04_AR,,,,,,,,2,tcgcsv
Dragon Ball Super: Fusion World,English,Starter Deck 5: Bardock,Starter Deck 5: Bardock,FS05,,,,,,,,16,tcgcsv
Dragon Ball Super: Fusion World,English,Starter Deck 5: Bardock Alternate Art Reprints,Starter Deck 5: Bardock Alternate Art Reprints,FS05_AR,,,,,,,,2,tcgcsv
Dragon Ball Super: Fusion World,English,Starter Deck 6: Son Goku (Mini),Starter Deck 6: Son Goku (Mini),FS06,,,,,,,,12,tcgcsv
Dragon Ball Super: Fusion World,English,Starter Deck 7: Vegeta (Mini),Starter Deck 7: Vegeta (Mini),FS07,,,,,,,,12,tcgcsv
Dragon Ball Super: Fusion World,English,Starter Deck 8: Vegeta (Mini) Super Saiyan 3,Starter Deck 8: Vegeta (Mini) Super Saiyan 3,FS08,,,,,,,,16,tcgcsv
Dragon Ball Super: Fusion World,English,Starter Deck 9: Shallot,Starter Deck 9: Shallot,FS09,,,,,,,,18,tcgcsv
Dragon Ball Super: Fusion World,English,Starter Deck EX: The Beat of Ki,Starter Deck EX: The Beat of Ki,FS12,,,,,,,,18,tcgcsv
Dragon Ball Super: Fusion World,English,Starter Deck EX: The Phase of Evolution,Starter Deck EX: The Phase of Evolution,FS11,,,,,,,,18,tcgcsv
Dragon Ball Super: Fusion World,English,Story Booster 01,Story Booster 01,ST01,,,,,,,,73,tcgcsv
Dragon Ball Super: Fusion World,English,Tournament and Championship Promos,Tournament and Championship Promos,DBSFW_TPR,,,,,,,,276,tcgcsv
Dragon Ball Super: Fusion World,English,Ultra Limit,Ultra Limit,FB04,,,,,,,,130,tcgcsv
Dragon Ball Super: Fusion World,English,Ultra Limit Alternate Art Reprints,Ultra Limit Alternate Art Reprints,FB04_AR,,,,,,,,5,tcgcsv
Dragon Ball Super: Fusion World,English,Ultra Limit Release Event Cards,Ultra Limit Release Event Cards,FB04_PR,,,,,,,,81,tcgcsv
Dragon Ball Super: Fusion World,English,Wish For Shenron,Wish For Shenron,FB07,,,,,,,,122,tcgcsv
Dragon Ball Super: Fusion World,English,Wish For Shenron Release Event Cards,Wish For Shenron Release Event Cards,FB07_PR,,,,,,,,70,tcgcsv
Dragon Ball Z TCG,English,Panini Promo Cards,Panini Promo Cards,PRO,,,,,,,,21,tcgcsv
Dragon Ball Z TCG,English,Panini: Awakening,Panini: Awakening,AWA,,,,,,,,348,tcgcsv
Dragon Ball Z TCG,English,Panini: Evolution,Panini: Evolution,EVO,,,,,,,,319,tcgcsv
Dragon Ball Z TCG,English,Panini: Heroes & Villains,Panini: Heroes & Villains,H&V,,,,,,,,142,tcgcsv
Dragon Ball Z TCG,English,Panini: Miscellaneous Cards,Panini: Miscellaneous Cards,PMC,,,,,,,,2,tcgcsv
Dragon Ball Z TCG,English,Panini: Movie Collection,Panini: Movie Collection,MOV,,,,,,,,142,tcgcsv
Dragon Ball Z TCG,English,Panini: Perfection,Panini: Perfection,PER,,,,,,,,146,tcgcsv
Dragon Ball Z TCG,English,Panini: Set 1,Panini: Set 1,BASE,,,,,,,,314,tcgcsv
Dragon Ball Z TCG,English,Panini: Vengeance,Panini: Vengeance,VEN,,,,,,,,143,tcgcsv
Marvel Dice Masters,English,Age of Ultron,Age of Ultron,,,,,,,,,146,tcgcsv
Marvel Dice Masters,English,Ant-Man: Organized Play,Ant-Man: Organized Play,AMOP,,,,,,,,3,tcgcsv
Marvel Dice Masters,English,Avengers vs X-Men,Avengers vs X-Men,,,,,,,,,132,tcgcsv
Marvel Dice Masters,English,Avengers vs X-Men: Organized Play,Avengers vs X-Men: Organized Play,,,,,,,,,13,tcgcsv
Marvel Dice Masters,English,Batman,Batman,BAT,,,,,,,,107,tcgcsv
Marvel Dice Masters,English,Campaign Boxes,Campaign Boxes,CMPB,,,,,,,,0,tcgcsv
Marvel Dice Masters,English,Civil War,Civil War,MACIV,,,,,,,,132,tcgcsv
Marvel Dice Masters,English,D&D Team Packs,D&D Team Packs,DDTP,,,,,,,,0,tcgcsv
Marvel Dice Masters,English,D&D: Battle for Faerun,D&D: Battle for Faerun,,,,,,,,,138,tcgcsv
Marvel Dice Masters,English,D&D: Battle for Faerun: Organized Play,D&D: Battle for Faerun: Organized Play,,,,,,,,,9,tcgcsv
Marvel Dice Masters,English,D&D: Faerun Under Siege,D&D: Faerun Under Siege,D&DFUS,,,,,,,,130,tcgcsv
Marvel Dice Masters,English,D&D: Tomb of Annihilation,D&D: Tomb of Annihilation,DDTOA,,,,,,,,0,tcgcsv
Marvel Dice Masters,English,DC Team Packs,DC Team Packs,DCTP,,,,,,,,0,tcgcsv
Marvel Dice Masters,English,Deadpool,Deadpool,DPL,,,,,,,,120,tcgcsv
Marvel Dice Masters,English,Doctor Strange Team Pack,Doctor Strange Team Pack,DSTP,,,,,,,,0,tcgcsv
Marvel Dice Masters,English,Green Arrow & The Flash,Green Arrow & The Flash,GATF,,,,,,,,123,tcgcsv
Marvel Dice Masters,English,Guardians of the Galaxy,Guardians of the Galaxy,GOTG,,,,,,,,0,tcgcsv
Marvel Dice Masters,English,Infinity Gauntlet,Infinity Gauntlet,IFG,,,,,,,,0,tcgcsv
Marvel Dice Masters,English,Iron Man and War Machine,Iron Man and War Machine,IMWM,,,,,,,,31,tcgcsv
Marvel Dice Masters,English,Justice League,Justice League,,,,,,,,,138,tcgcsv
Marvel Dice Masters,English,Justice League: Organized Play,Justice League: Organized Play,,,,,,,,,11,tcgcsv
Marvel Dice Masters,English,Marvel Secret Wars,Marvel Secret Wars,MSW,,,,,,,,0,tcgcsv
Marvel Dice Masters,English,Marvel Team Packs,Marvel Team Packs,MVTP,,,,,,,,0,tcgcsv
Marvel Dice Masters,English,Miscellaneous Promo Cards,Miscellaneous Promo Cards,,,,,,,,,1,tcgcsv
Marvel Dice Masters,English,Superman: Kryptonite Crisis,Superman: Kryptonite Crisis,SKC,,,,,,,,0,tcgcsv
Marvel Dice Masters,English,Teenage Mutant Ninja Turtles,Teenage Mutant Ninja Turtles,TNMT,,,,,,,,57,tcgcsv
Marvel Dice Masters,English,Teenage Mutant Ninja Turtles: Heroes in a Half Shell,Teenage Mutant Ninja Turtles: Heroes in a Half Shell,TNMT2,,,,,,,,57,tcgcsv
Marvel Dice Masters,English,Thanos Imperative: Organized Play,Thanos Imperative: Organized Play,TIOP,,,,,,,,3,tcgcsv
Marvel Dice Masters,English,The Amazing Spider-Man,The Amazing Spider-Man,TASM,,,,,,,,142,tcgcsv
Marvel Dice Masters,English,The Dark Phoenix Saga,The Dark Phoenix Saga,TDPS,,,,,,,,0,tcgcsv
Marvel Dice Masters,English,The Mighty Thor,The Mighty Thor,TMT,,,,,,,,136,tcgcsv
Marvel Dice Masters,English,The Uncanny X-Men,The Uncanny X-Men,,,,,,,,,126,tcgcsv
Marvel Dice Masters,English,The Uncanny X-Men: Organized Play,The Uncanny X-Men: Organized Play,,,,,,,,,9,tcgcsv
Marvel Dice Masters,English,UXM Avengers Disassembled: Organized Play,UXM Avengers Disassembled: Organized Play,,,,,,,,,3,tcgcsv
Marvel Dice Masters,English,WWE Dice Masters,WWE Dice Masters,WWE,,,,,,,,0,tcgcsv
Marvel Dice Masters,English,War of Light,War of Light,WOL,,,,,,,,146,tcgcsv
Marvel Dice Masters,English,Warhammer: 40K Team Packs,Warhammer: 40K Team Packs,WHTP,,,,,,,,0,tcgcsv
Marvel Dice Masters,English,World's Finest,World's Finest,WF,,,,,,,,130,tcgcsv
Marvel Dice Masters,English,X-Men First Class,X-Men First Class,XFC,,,,,,,,124,tcgcsv
Marvel Dice Masters,English,Yu-Gi-Oh! Series One,Yu-Gi-Oh! Series One,,,,,,,,,120,tcgcsv
Flesh and Blood,English,1st Strike,1st Strike,,,,,,,,,0,tcgcsv
Flesh and Blood,English,??? Set 20 ???,??? Set 20 ???,IAR,,,,,,,,47,"goagain,tcgcsv"
Flesh and Blood,English,Amory Deck - Maxx,Amory Deck - Maxx,AMX,,,,,,,,28,goagain
Flesh and Blood,English,Arakni Blitz Deck,Arakni Blitz Deck,ARA,,,,,,,,29,"goagain,tcgcsv"
Flesh and Blood,English,Arakni Blitz Deck,Arakni Blitz Deck,ARK,,,,,,,,27,goagain
Flesh and Blood,English,"Arakni, Web of Deceit Blitz Deck","Arakni, Web of Deceit Blitz Deck",WOD,,,,,,,,34,goagain
Flesh and Blood,English,Arcane Rising,Arcane Rising,ARC,,,,,,,,219,"goagain,tcgcsv"
Flesh and Blood,English,Armory Deck - Arakni,Armory Deck - Arakni,AAC,,,,,,,,31,"goagain,tcgcsv"
Flesh and Blood,English,Armory Deck - Aurora,Armory Deck - Aurora,AST,,,,,,,,28,"goagain,tcgcsv"
Flesh and Blood,English,Armory Deck - Azalea,Armory Deck - Azalea,AAZ,,,,,,,,32,"goagain,tcgcsv"
Flesh and Blood,English,Armory Deck - Boltyn,Armory Deck - Boltyn,ASB,,,,,,,,28,"goagain,tcgcsv"
Flesh and Blood,English,Armory Deck - Dash I/O,Armory Deck - Dash I/O,AIO,,,,,,,,27,goagain
Flesh and Blood,English,Armory Deck - Gravy Bones,Armory Deck - Gravy Bones,AGB,,,,,,,,31,"goagain,tcgcsv"
Flesh and Blood,English,Armory Deck - Ira,Armory Deck - Ira,ASR,,,,,,,,27,"goagain,tcgcsv"
Flesh and Blood,English,Armory Deck - Kayo,Armory Deck - Kayo,AKO,,,,,,,,28,"goagain,tcgcsv"
Flesh and Blood,English,Armory Deck - Olympia,Armory Deck - Olympia,AOL,,,,,,,,28,"goagain,tcgcsv"
Flesh and Blood,English,Armory Deck - Pleiades,Armory Deck - Pleiades,APS,,,,,,,,32,"goagain,tcgcsv"
Flesh and Blood,English,Armory Deck - Rhinar,Armory Deck - Rhinar,ARR,,,,,,,,30,"goagain,tcgcsv"
Flesh and Blood,English,Armory Deck - Zyggy,Armory Deck - Zyggy,AZS,,,,,,,,30,"goagain,tcgcsv"
Flesh and Blood,English,Armory Deck Legends - Prism,Armory Deck Legends - Prism,APR,,,,,,,,28,"goagain,tcgcsv"
Flesh and Blood,English,Armory Deck Legends - Viserai,Armory Deck Legends - Viserai,AVS,,,,,,,,30,"goagain,tcgcsv"
Flesh and Blood,English,Armory Deck Origins - Hala,Armory Deck Origins - Hala,AHA,,,,,,,,27,"goagain,tcgcsv"
Flesh and Blood,English,Armory Deck Origins - Jarl Vetreiði,Armory Deck Origins - Jarl Vetreiði,AJV,,,,,,,,30,goagain
Flesh and Blood,English,Armory Deck: Dash,Armory Deck: Dash,ADD,,,,,,,,27,tcgcsv
Flesh and Blood,English,"Armory Deck: Dr. Mortimer, Blight of the Pits","Armory Deck: Dr. Mortimer, Blight of the Pits",AMO,,,,,,,,4,tcgcsv
Flesh and Blood,English,Armory Deck: Jarl Vetreidi,Armory Deck: Jarl Vetreidi,,,,,,,,,27,tcgcsv
Flesh and Blood,English,"Armory Deck: Malice, Domina of the Dead","Armory Deck: Malice, Domina of the Dead",AMA,,,,,,,,8,tcgcsv
Flesh and Blood,English,Armory Deck: Maxx Nitro,Armory Deck: Maxx Nitro,,,,,,,,,28,tcgcsv
Flesh and Blood,English,Aurora Blitz Deck,Aurora Blitz Deck,AUA,,,,,,,,29,goagain
Flesh and Blood,English,Azalea Blitz Deck,Azalea Blitz Deck,AZL,,,,,,,,30,goagain
Flesh and Blood,English,Benji Blitz Deck,Benji Blitz Deck,BEN,,,,,,,,26,goagain
Flesh and Blood,English,Betsy Blitz Deck,Betsy Blitz Deck,BET,,,,,,,,30,goagain
Flesh and Blood,English,Blitz Deck: Heavy Hitters - Betsy,Blitz Deck: Heavy Hitters - Betsy,,,,,,,,,0,tcgcsv
Flesh and Blood,English,Blitz Deck: Heavy Hitters - Kassai,Blitz Deck: Heavy Hitters - Kassai,,,,,,,,,0,tcgcsv
Flesh and Blood,English,Blitz Deck: Heavy Hitters - Kayo,Blitz Deck: Heavy Hitters - Kayo,,,,,,,,,0,tcgcsv
Flesh and Blood,English,Blitz Deck: Heavy Hitters - Olympia,Blitz Deck: Heavy Hitters - Olympia,,,,,,,,,0,tcgcsv
Flesh and Blood,English,Blitz Deck: Heavy Hitters - Rhinar,Blitz Deck: Heavy Hitters - Rhinar,,,,,,,,,0,tcgcsv
Flesh and Blood,English,Blitz Deck: Heavy Hitters - Victor,Blitz Deck: Heavy Hitters - Victor,,,,,,,,,0,tcgcsv
Flesh and Blood,English,Blitz Deck: Outsiders - Arakni,Blitz Deck: Outsiders - Arakni,,,,,,,,,0,tcgcsv
Flesh and Blood,English,Blitz Deck: Outsiders - Azalea,Blitz Deck: Outsiders - Azalea,,,,,,,,,0,tcgcsv
Flesh and Blood,English,Blitz Deck: Outsiders - Benji,Blitz Deck: Outsiders - Benji,,,,,,,,,0,tcgcsv
Flesh and Blood,English,Blitz Deck: Outsiders - Katsu,Blitz Deck: Outsiders - Katsu,,,,,,,,,0,tcgcsv
Flesh and Blood,English,Blitz Deck: Outsiders - Riptide,Blitz Deck: Outsiders - Riptide,,,,,,,,,0,tcgcsv
Flesh and Blood,English,Blitz Deck: Outsiders - Uzuri,Blitz Deck: Outsiders - Uzuri,,,,,,,,,0,tcgcsv
Flesh and Blood,English,Blitz Deck: Part the Mistveil - Enigma,Blitz Deck: Part the Mistveil - Enigma,,,,,,,,,0,tcgcsv
Flesh and Blood,English,Blitz Deck: Part the Mistveil - Nuu,Blitz Deck: Part the Mistveil - Nuu,,,,,,,,,0,tcgcsv
Flesh and Blood,English,Blitz Deck: Part the Mistveil - Zen,Blitz Deck: Part the Mistveil - Zen,,,,,,,,,0,tcgcsv
Flesh and Blood,English,Blitz Deck: The Hunted - Arakni,Blitz Deck: The Hunted - Arakni,,,,,,,,,26,tcgcsv
Flesh and Blood,English,"Blitz Deck: The Hunted - Arakni, Web of Deceit","Blitz Deck: The Hunted - Arakni, Web of Deceit",,,,,,,,,31,tcgcsv
Flesh and Blood,English,Blitz Deck: The Hunted - Cindra,Blitz Deck: The Hunted - Cindra,,,,,,,,,28,tcgcsv
Flesh and Blood,English,Blitz Deck: The Hunted - Fang,Blitz Deck: The Hunted - Fang,,,,,,,,,28,tcgcsv
Flesh and Blood,English,Boltyn Blitz Deck,Boltyn Blitz Deck,BOL,,,,,,,,30,"goagain,tcgcsv"
Flesh and Blood,English,Bravo Demo Deck,Bravo Demo Deck,BDD,,,,,,,,19,"goagain,tcgcsv"
Flesh and Blood,English,Bravo Hero Deck,Bravo Hero Deck,BVO,,,,,,,,29,"goagain,tcgcsv"
Flesh and Blood,English,Briar Blitz Deck,Briar Blitz Deck,BRI,,,,,,,,31,"goagain,tcgcsv"
Flesh and Blood,English,Bright Lights,Bright Lights,EVO,,,,,,,,251,"goagain,tcgcsv"
Flesh and Blood,English,Chane Blitz Deck,Chane Blitz Deck,CHN,,,,,,,,30,"goagain,tcgcsv"
Flesh and Blood,English,Cindra Blitz Deck,Cindra Blitz Deck,CIN,,,,,,,,29,goagain
Flesh and Blood,English,Classic Battles: Rhinar vs Dorinthea,Classic Battles: Rhinar vs Dorinthea,RVD/DVR,,,,,,,,0,tcgcsv
Flesh and Blood,English,Classic Battles: Rhinar vs Dorinthea – Dorinthea,Classic Battles: Rhinar vs Dorinthea – Dorinthea,DVR,,,,,,,,28,goagain
Flesh and Blood,English,Classic Battles: Rhinar vs Dorinthea – Rhinar,Classic Battles: Rhinar vs Dorinthea – Rhinar,RVD,,,,,,,,27,goagain
Flesh and Blood,English,Compendium of Rathe,Compendium of Rathe,PEN,,,,,,,,348,"goagain,tcgcsv"
Flesh and Blood,English,Compendium of Rathe - Antiquity Pack,Compendium of Rathe - Antiquity Pack,ANQ,,,,,,,,38,"goagain,tcgcsv"
Flesh and Blood,English,Convention Promos,Convention Promos,CON,,,,,,,,4,goagain
Flesh and Blood,English,Crucible of War,Crucible of War,CRU,,,,,,,,198,"goagain,tcgcsv"
Flesh and Blood,English,Dorinthea Demo Deck,Dorinthea Demo Deck,DDD,,,,,,,,16,goagain
Flesh and Blood,English,Dorinthea Hero Deck,Dorinthea Hero Deck,TEA,,,,,,,,30,"goagain,tcgcsv"
Flesh and Blood,English,Dromai Blitz Deck,Dromai Blitz Deck,DRO,,,,,,,,28,"goagain,tcgcsv"
Flesh and Blood,English,Dusk till Dawn,Dusk till Dawn,DTD,,,,,,,,236,"goagain,tcgcsv"
Flesh and Blood,English,Dynasty,Dynasty,DYN,,,,,,,,247,"goagain,tcgcsv"
Flesh and Blood,English,Enigma Blitz Deck,Enigma Blitz Deck,ENG,,,,,,,,29,goagain
Flesh and Blood,English,Everfest,Everfest,EVR,,,,,,,,198,"goagain,tcgcsv"
Flesh and Blood,English,Fai Blitz Deck,Fai Blitz Deck,FAI,,,,,,,,27,"goagain,tcgcsv"
Flesh and Blood,English,Fang Blitz Deck,Fang Blitz Deck,FNG,,,,,,,,29,goagain
Flesh and Blood,English,First Strike - Aurora,First Strike - Aurora,AUR,,,,,,,,29,goagain
Flesh and Blood,English,First Strike - Terra,First Strike - Terra,TER,,,,,,,,30,goagain
Flesh and Blood,English,Flesh and Blood: Promo Cards,Flesh and Blood: Promo Cards,PR,,,,,,,,0,tcgcsv
Flesh and Blood,English,Florian Blitz Deck,Florian Blitz Deck,FLR,,,,,,,,29,"goagain,tcgcsv"
Flesh and Blood,English,GEM Pack 1,GEM Pack 1,GEM,,,,,,,,32,tcgcsv
Flesh and Blood,English,GEM Pack 2,GEM Pack 2,GEM,,,,,,,,36,tcgcsv
Flesh and Blood,English,GEM Pack 3,GEM Pack 3,GEM,,,,,,,,36,tcgcsv
Flesh and Blood,English,GEM Pack 4,GEM Pack 4,GEM,,,,,,,,36,tcgcsv
Flesh and Blood,English,GEM Pack Promos,GEM Pack Promos,GEM,,,,,,,,185,"goagain,tcgcsv"
Flesh and Blood,English,Gem Pack 5,Gem Pack 5,GEM,,,,,,,,43,tcgcsv
Flesh and Blood,English,Heavy Hitters,Heavy Hitters,HVY,,,,,,,,255,"goagain,tcgcsv"
Flesh and Blood,English,Hero Card Promos,Hero Card Promos,HER,,,,,,,,149,goagain
Flesh and Blood,English,High Seas,High Seas,SEA,,,,,,,,277,"goagain,tcgcsv"
Flesh and Blood,English,Historic Pack 1 Blitz Deck: Bravo,Historic Pack 1 Blitz Deck: Bravo,,,,,,,,,0,tcgcsv
Flesh and Blood,English,Historic Pack 1 Blitz Deck: Dash,Historic Pack 1 Blitz Deck: Dash,,,,,,,,,0,tcgcsv
Flesh and Blood,English,Historic Pack 1 Blitz Deck: Dorinthea,Historic Pack 1 Blitz Deck: Dorinthea,,,,,,,,,0,tcgcsv
Flesh and Blood,English,Historic Pack 1 Blitz Deck: Kano,Historic Pack 1 Blitz Deck: Kano,,,,,,,,,0,tcgcsv
Flesh and Blood,English,Historic Pack 1 Blitz Deck: Rhinar,Historic Pack 1 Blitz Deck: Rhinar,,,,,,,,,0,tcgcsv
Flesh and Blood,English,Historic Pack 1 Blitz Deck: Viserai,Historic Pack 1 Blitz Deck: Viserai,,,,,,,,,0,tcgcsv
Flesh and Blood,English,History Pack 1,History Pack 1,1HP,,,,,,,,427,"goagain,tcgcsv"
Flesh and Blood,English,History Pack 1 - Bravo Blitz Deck,History Pack 1 - Bravo Blitz Deck,1HB,,,,,,,,0,goagain
Flesh and Blood,English,History Pack 1 - Dash Blitz Deck,History Pack 1 - Dash Blitz Deck,1HD,,,,,,,,0,goagain
Flesh and Blood,English,History Pack 1 - Dorinthea Blitz Deck,History Pack 1 - Dorinthea Blitz Deck,1HT,,,,,,,,0,goagain
Flesh and Blood,English,History Pack 1 - Kano Blitz Deck,History Pack 1 - Kano Blitz Deck,1HK,,,,,,,,0,goagain
Flesh and Blood,English,History Pack 1 - Rhinar Blitz Deck,History Pack 1 - Rhinar Blitz Deck,1HR,,,,,,,,0,goagain
Flesh and Blood,English,History Pack 1 - Viserai Blitz Deck,History Pack 1 - Viserai Blitz Deck,1HV,,,,,,,,0,goagain
Flesh and Blood,English,Ira Welcome Deck,Ira Welcome Deck,IRA,,,,,,,,12,"goagain,tcgcsv"
Flesh and Blood,English,Judge Unique Promos,Judge Unique Promos,JDG,,,,,,,,44,goagain
Flesh and Blood,English,Kassai Blitz Deck,Kassai Blitz Deck,KSI,,,,,,,,30,goagain
Flesh and Blood,English,Katsu Blitz Deck,Katsu Blitz Deck,KAT,,,,,,,,26,goagain
Flesh and Blood,English,Katsu Hero Deck,Katsu Hero Deck,KSU,,,,,,,,30,"goagain,tcgcsv"
Flesh and Blood,English,Kayo Blitz Deck,Kayo Blitz Deck,KYO,,,,,,,,29,goagain
Flesh and Blood,English,LSS Promos,LSS Promos,LSS,,,,,,,,22,goagain
Flesh and Blood,English,Levia Blitz Deck,Levia Blitz Deck,LEV,,,,,,,,29,"goagain,tcgcsv"
Flesh and Blood,English,Lexi Blitz Deck,Lexi Blitz Deck,LXI,,,,,,,,30,"goagain,tcgcsv"
Flesh and Blood,English,Local Game Store Promos,Local Game Store Promos,LGS,,,,,,,,449,goagain
Flesh and Blood,English,Mastery Pack Guardian,Mastery Pack Guardian,MPG,,,,,,,,132,"goagain,tcgcsv"
Flesh and Blood,English,Mastery Pack Warrior,Mastery Pack Warrior,MPW,,,,,,,,156,"goagain,tcgcsv"
Flesh and Blood,English,Monarch,Monarch,MON,,,,,,,,307,"goagain,tcgcsv"
Flesh and Blood,English,Nuu Blitz Deck,Nuu Blitz Deck,NUU,,,,,,,,29,goagain
Flesh and Blood,English,OP Event Tokens,OP Event Tokens,XXX,,,,,,,,11,goagain
Flesh and Blood,English,Oldhim Blitz Deck,Oldhim Blitz Deck,OLD,,,,,,,,32,"goagain,tcgcsv"
Flesh and Blood,English,Olympia Blitz Deck,Olympia Blitz Deck,OLA,,,,,,,,30,goagain
Flesh and Blood,English,Omens of the Third Age,Omens of the Third Age,OMN,,,,,,,,260,"goagain,tcgcsv"
Flesh and Blood,English,Oscilio Blitz Deck,Oscilio Blitz Deck,OSC,,,,,,,,29,"goagain,tcgcsv"
Flesh and Blood,English,Outsiders,Outsiders,OUT,,,,,,,,239,"goagain,tcgcsv"
Flesh and Blood,English,Part the Mistveil,Part the Mistveil,MST,,,,,,,,239,"goagain,tcgcsv"
Flesh and Blood,English,Prism Blitz Deck,Prism Blitz Deck,PSM,,,,,,,,30,"goagain,tcgcsv"
Flesh and Blood,English,Promos,Promos,FAB,,,,,,,,374,goagain
Flesh and Blood,English,Rhinar Blitz Deck,Rhinar Blitz Deck,RHI,,,,,,,,29,goagain
Flesh and Blood,English,Rhinar Hero Deck,Rhinar Hero Deck,RNR,,,,,,,,31,"goagain,tcgcsv"
Flesh and Blood,English,Riptide Blitz Deck,Riptide Blitz Deck,RIP,,,,,,,,30,goagain
Flesh and Blood,English,Rosetta,Rosetta,ROS,,,,,,,,258,"goagain,tcgcsv"
Flesh and Blood,English,Round the Table: TCC X LSS,Round the Table: TCC X LSS,TCC,,,,,,,,108,"goagain,tcgcsv"
Flesh and Blood,English,Silver Age Chapter 1,Silver Age Chapter 1,,,,,,,,,173,tcgcsv
Flesh and Blood,English,"Silver Age Chapter 1 - Bravo, Flattering Showman","Silver Age Chapter 1 - Bravo, Flattering Showman",SBR,,,,,,,,36,goagain
Flesh and Blood,English,Silver Age Chapter 1 - Dash,Silver Age Chapter 1 - Dash,SDA,,,,,,,,34,goagain
Flesh and Blood,English,Silver Age Chapter 1 - Iyslander,Silver Age Chapter 1 - Iyslander,SIY,,,,,,,,35,goagain
Flesh and Blood,English,Silver Age Chapter 1 - Kayo,Silver Age Chapter 1 - Kayo,SKA,,,,,,,,36,goagain
Flesh and Blood,English,Silver Age Chapter 1 - Viserai,Silver Age Chapter 1 - Viserai,SVI,,,,,,,,34,goagain
Flesh and Blood,English,Silver Age Chapter 2,Silver Age Chapter 2,,,,,,,,,169,tcgcsv
Flesh and Blood,English,"Silver Age Chapter 2 - Arakni, Web of Deceit","Silver Age Chapter 2 - Arakni, Web of Deceit",SAR,,,,,,,,39,goagain
Flesh and Blood,English,Silver Age Chapter 2 - Azalea,Silver Age Chapter 2 - Azalea,SAZ,,,,,,,,36,goagain
Flesh and Blood,English,Silver Age Chapter 2 - Dorinthea,Silver Age Chapter 2 - Dorinthea,SDO,,,,,,,,36,goagain
Flesh and Blood,English,Silver Age Chapter 2 - Enigma,Silver Age Chapter 2 - Enigma,SEN,,,,,,,,37,goagain
Flesh and Blood,English,Silver Age Chapter 2 - Fai,Silver Age Chapter 2 - Fai,SFA,,,,,,,,37,goagain
Flesh and Blood,English,Silver Age Chapter 3,Silver Age Chapter 3,,,,,,,,,175,tcgcsv
Flesh and Blood,English,"Silver Age Chapter 3 - Blaze, Firemind","Silver Age Chapter 3 - Blaze, Firemind",SBZ,,,,,,,,33,goagain
Flesh and Blood,English,Silver Age Chapter 3 - Boltyn,Silver Age Chapter 3 - Boltyn,SBL,,,,,,,,36,goagain
Flesh and Blood,English,Silver Age Chapter 3 - Briar,Silver Age Chapter 3 - Briar,SBA,,,,,,,,36,goagain
Flesh and Blood,English,Silver Age Chapter 3 - Gravy Bones,Silver Age Chapter 3 - Gravy Bones,SGB,,,,,,,,35,goagain
Flesh and Blood,English,Silver Age Chapter 3 - Lyath Goldmane,Silver Age Chapter 3 - Lyath Goldmane,SLY,,,,,,,,35,goagain
Flesh and Blood,English,Silver Age: Usurp the Shadow Throne,Silver Age: Usurp the Shadow Throne,SAT,,,,,,,,3,tcgcsv
Flesh and Blood,English,Slingshot Underground Promos,Slingshot Underground Promos,OXO,,,,,,,,4,goagain
Flesh and Blood,English,Smash Palace,Smash Palace,SMP,,,,,,,,34,"goagain,tcgcsv"
Flesh and Blood,English,Smash Palace: Chorus of Steel,Smash Palace: Chorus of Steel,SPW,,,,,,,,12,tcgcsv
Flesh and Blood,English,Super Slam,Super Slam,SUP,,,,,,,,283,"goagain,tcgcsv"
Flesh and Blood,English,Tales of Aria,Tales of Aria,ELE,,,,,,,,238,"goagain,tcgcsv"
Flesh and Blood,English,The Hunted,The Hunted,HNT,,,,,,,,281,"goagain,tcgcsv"
Flesh and Blood,English,Tournament Pack,Tournament Pack,TNP,,,,,,,,30,goagain
Flesh and Blood,English,Uprising,Uprising,UPR,,,,,,,,226,"goagain,tcgcsv"
Flesh and Blood,English,Usurp the Shadow Throne Pre-release Cards,Usurp the Shadow Throne Pre-release Cards,IAR,,,,,,,,4,tcgcsv
Flesh and Blood,English,Uzuri Blitz Deck,Uzuri Blitz Deck,UZU,,,,,,,,31,goagain
Flesh and Blood,English,Verdance Blitz Deck,Verdance Blitz Deck,VER,,,,,,,,28,"goagain,tcgcsv"
Flesh and Blood,English,Victor Goldmane Blitz Deck,Victor Goldmane Blitz Deck,VIC,,,,,,,,30,goagain
Flesh and Blood,English,Welcome to Rathe,Welcome to Rathe,WTR,,,,,,,,226,"goagain,tcgcsv"
Flesh and Blood,English,Worlds / Pro Tour Prize Cards,Worlds / Pro Tour Prize Cards,WIN,,,,,,,,45,goagain
Flesh and Blood,English,Zen Blitz Deck,Zen Blitz Deck,ZEN,,,,,,,,29,goagain
Disney Lorcana,English,Promo Set 1,Promo Set 1,P1,,,,2023,2023-08-18,,,40,lorcast
Disney Lorcana,English,The First Chapter,The First Chapter,1,,,,2023,2023-08-18,,,432,"lorcast,tcgcsv"
Disney Lorcana,English,Rise of the Floodborn,Rise of the Floodborn,2,,,,2023,2023-11-17,,,432,"lorcast,tcgcsv"
Disney Lorcana,English,Into the Inklands,Into the Inklands,3,,,,2024,2024-02-23,,,448,"lorcast,tcgcsv"
Disney Lorcana,English,Challenge Promo,Challenge Promo,cp,,,,2024,2024-05-17,,,9,lorcast
Disney Lorcana,English,Ursula's Return,Ursula's Return,4,,,,2024,2024-05-17,,,447,"lorcast,tcgcsv"
Disney Lorcana,English,D23 Collection,D23 Collection,D23,,,,2024,2024-08-09,,,11,"lorcast,tcgcsv"
Disney Lorcana,English,Promo Set 2,Promo Set 2,P2,,,,2024,2024-08-09,,,38,lorcast
Disney Lorcana,English,Shimmering Skies,Shimmering Skies,5,,,,2024,2024-08-09,,,445,"lorcast,tcgcsv"
Disney Lorcana,English,Azurite Sea,Azurite Sea,6,,,,2024,2024-11-15,,,444,"lorcast,tcgcsv"
Disney Lorcana,English,Archazia's Island,Archazia's Island,7,,,,2025,2025-03-07,,,446,"lorcast,tcgcsv"
Disney Lorcana,English,Reign of Jafar,Reign of Jafar,8,,,,2025,2025-05-30,,,446,"lorcast,tcgcsv"
Disney Lorcana,English,Promo Set 3,Promo Set 3,P3,,,,2025,2025-08-18,,,56,lorcast
Disney Lorcana,English,Fabled,Fabled,9,,,,2025,2025-08-29,,,486,"lorcast,tcgcsv"
Disney Lorcana,English,Whispers in the Well,Whispers in the Well,10,,,,2025,2025-11-07,,,484,"lorcast,tcgcsv"
Disney Lorcana,English,EPCOT Festival of the Arts,EPCOT Festival of the Arts,DIS,,,,2026,2026-01-16,,,3,lorcast
Disney Lorcana,English,Lorcana Challenge Year 3,Lorcana Challenge Year 3,C2,,,,2026,2026-01-16,,,14,lorcast
Disney Lorcana,English,Winterspell,Winterspell,11,,,,2026,2026-02-13,,,484,"lorcast,tcgcsv"
Disney Lorcana,English,Wilds Unknown,Wilds Unknown,12,,,,2026,2026-05-08,,,484,"lorcast,tcgcsv"
Disney Lorcana,English,Attack of the Vine!,Attack of the Vine!,13,,,,2026,2026-07-17,,,490,"lorcast,tcgcsv"
Disney Lorcana,English,Format Coconut,Format Coconut,Coconut,,,,2026,2026-07-28,,,18,lorcast
Disney Lorcana,English,PD1,PD1,PD1,,,,2026,2026-07-28,,,8,lorcast
Disney Lorcana,English,Disney Lorcana Promo Cards,Disney Lorcana Promo Cards,DLPC,,,,,,,,59,tcgcsv
Disney Lorcana,English,Disney100 Promos,Disney100 Promos,D100,,,,,,,,6,tcgcsv
Disney Lorcana,English,Hyperia City,Hyperia City,14,,,,,,,,0,tcgcsv
Disney Lorcana,English,Illumineer's Quest: Deep Trouble,Illumineer's Quest: Deep Trouble,Q1,,,,,,,,34,tcgcsv
Disney Lorcana,English,Illumineer's Quest: Palace Heist,Illumineer's Quest: Palace Heist,Q2,,,,,,,,36,tcgcsv
Disney Lorcana,English,Illumineer's Quest: The Great Hunny Rescue,Illumineer's Quest: The Great Hunny Rescue,Q3,,,,,,,,5,tcgcsv
Disney Lorcana,French,Elsa,Elsa,S1,,,,,,,,1,lorcana_i18n
MetaZoo,English,Brilliant Aura Box,Brilliant Aura Box,BAB,,,,,,,,10,tcgcsv
MetaZoo,English,Caster's Cup Promo Cards,Caster's Cup Promo Cards,CCP,,,,,,,,45,tcgcsv
MetaZoo,English,Cryptid Nation: First Edition,Cryptid Nation: First Edition,CNFE,,,,,,,,158,tcgcsv
MetaZoo,English,Cryptid Nation: First Edition Box Toppers,Cryptid Nation: First Edition Box Toppers,CNFE-BT,,,,,,,,11,tcgcsv
MetaZoo,English,Cryptid Nation: First Edition Release Event Deck,Cryptid Nation: First Edition Release Event Deck,CNFE-RE,,,,,,,,14,tcgcsv
MetaZoo,English,Cryptid Nation: First Edition Tribal Theme Decks,Cryptid Nation: First Edition Tribal Theme Decks,CNFE-TD,,,,,,,,12,tcgcsv
MetaZoo,English,Cryptid Nation: Kickstarter Edition,Cryptid Nation: Kickstarter Edition,CNKE,,,,,,,,159,tcgcsv
MetaZoo,English,Cryptid Nation: Kickstarter Edition Tribal Theme Decks,Cryptid Nation: Kickstarter Edition Tribal Theme Decks,CNKE-TD,,,,,,,,12,tcgcsv
MetaZoo,English,Cryptid Nation: Second Edition,Cryptid Nation: Second Edition,CN2E,,,,,,,,159,tcgcsv
MetaZoo,English,Cryptid Nation: Second Edition Box Toppers,Cryptid Nation: Second Edition Box Toppers,CN2E-BT,,,,,,,,11,tcgcsv
MetaZoo,English,Cryptid Nation: Second Edition Release Event Deck,Cryptid Nation: Second Edition Release Event Deck,CN2E-RE,,,,,,,,14,tcgcsv
MetaZoo,English,Cryptid Nation: Second Edition Tribal Theme Decks,Cryptid Nation: Second Edition Tribal Theme Decks,CN2E-TD,,,,,,,,12,tcgcsv
MetaZoo,English,Dim Mak Promos,Dim Mak Promos,DIMAK,,,,,,,,7,tcgcsv
MetaZoo,English,Fan Art Contest 2021,Fan Art Contest 2021,FA21,,,,,,,,20,tcgcsv
MetaZoo,English,Fan Art Contest 2022,Fan Art Contest 2022,FA22,,,,,,,,30,tcgcsv
MetaZoo,English,Hiroquest 2.0,Hiroquest 2.0,H2,,,,,,,,38,tcgcsv
MetaZoo,English,Hiroquest Promos,Hiroquest Promos,HQPR,,,,,,,,66,tcgcsv
MetaZoo,English,Holiday Promos,Holiday Promos,HOLIP,,,,,,,,38,tcgcsv
MetaZoo,English,Kuromi’s Cryptid Carnival,Kuromi’s Cryptid Carnival,KCC,,,,,,,,103,tcgcsv
MetaZoo,English,Magicast April Fool’s Box 2022,Magicast April Fool’s Box 2022,MCAST,,,,,,,,8,tcgcsv
MetaZoo,English,Medals,Medals,MEDALS,,,,,,,,0,tcgcsv
MetaZoo,English,MetaZoo 30th Anniversary Box: 'Reprint' Edition,MetaZoo 30th Anniversary Box: 'Reprint' Edition,30RE,,,,,,,,16,tcgcsv
MetaZoo,English,Metazoo USPCC Playing Cards: Kickstarter Edition,Metazoo USPCC Playing Cards: Kickstarter Edition,USPCCK,,,,,,,,15,tcgcsv
MetaZoo,English,Miscellaneous Promos,Miscellaneous Promos,MISC,,,,,,,,60,tcgcsv
MetaZoo,English,Native: First Edition,Native: First Edition,NATFE,,,,,,,,175,tcgcsv
MetaZoo,English,Native: First Edition Release Event Deck,Native: First Edition Release Event Deck,NATFE-RE,,,,,,,,12,tcgcsv
MetaZoo,English,Nightfall: First Edition,Nightfall: First Edition,NFFE,,,,,,,,164,tcgcsv
MetaZoo,English,Nightfall: First Edition Release Event Deck,Nightfall: First Edition Release Event Deck,NFFE-RE,,,,,,,,50,tcgcsv
MetaZoo,English,Nightfall: First Edition Tribal Theme Decks,Nightfall: First Edition Tribal Theme Decks,NFFE-TD,,,,,,,,67,tcgcsv
MetaZoo,English,ReVive Skateboards Promos,ReVive Skateboards Promos,REV,,,,,,,,21,tcgcsv
MetaZoo,English,SCP 1,SCP 1,SCP1,,,,,,,,0,tcgcsv
MetaZoo,English,Sample Cards,Sample Cards,SAMPLE,,,,,,,,0,tcgcsv
MetaZoo,English,Seance: First Edition,Seance: First Edition,SCE1E,,,,,,,,164,tcgcsv
MetaZoo,English,Seance: First Edition Release Event Deck,Seance: First Edition Release Event Deck,SCE1E-RE,,,,,,,,37,tcgcsv
MetaZoo,English,UFO: First Edition,UFO: First Edition,UFOFE,,,,,,,,166,tcgcsv
MetaZoo,English,UFO: First Edition Release Event Deck,UFO: First Edition Release Event Deck,UFOFE-RE,,,,,,,,21,tcgcsv
MetaZoo,English,UFO: First Edition Spoiler Pack,UFO: First Edition Spoiler Pack,UFOFE-SP,,,,,,,,165,tcgcsv
MetaZoo,English,UFO: First Edition Tribal Theme Decks,UFO: First Edition Tribal Theme Decks,UFOFE-TD,,,,,,,,47,tcgcsv
MetaZoo,English,Valentine’s Day Holiday Box 2022,Valentine’s Day Holiday Box 2022,VD22,,,,,,,,12,tcgcsv
MetaZoo,English,Wilderness: First Edition,Wilderness: First Edition,WILFE,,,,,,,,166,tcgcsv
MetaZoo,English,Wilderness: First Edition Release Event Deck,Wilderness: First Edition Release Event Deck,WILFE-RE,,,,,,,,25,tcgcsv
MetaZoo,English,Wilderness: First Edition Tribal Theme Decks,Wilderness: First Edition Tribal Theme Decks,WILFE-TD,,,,,,,,37,tcgcsv
Magic: The Gathering,Arabic,Odyssey Promos,Odyssey Promos,PODY,,,,2001,2001-09-22,,,1,scryfall
Magic: The Gathering,German,Foreign Black Border,Foreign Black Border,FBB,,,,1994,1994-04-11,,,1,scryfall
Magic: The Gathering,German,Fourth Edition,Fourth Edition,4ED,,,,1995,1995-04-01,,,2,scryfall
Magic: The Gathering,German,Mirage,Mirage,MIR,,,,1996,1996-10-08,,,1,scryfall
Magic: The Gathering,German,Media and Collaboration Promos,Media and Collaboration Promos,PMEI,,,,1996,1996-12-01,,,1,scryfall
Magic: The Gathering,German,Streets of New Capenna,Streets of New Capenna,SNC,,,,2022,2022-04-29,,,1,scryfall
Magic: The Gathering,German,30th Anniversary Play Promos,30th Anniversary Play Promos,P30A,,,,2022,2022-09-02,,,1,scryfall
Magic: The Gathering,German,The List,The List,PLST,,,,2024,2024-08-02,,,1,scryfall
Magic: The Gathering,German,URL/Convention Promos,URL/Convention Promos,PURL,,,,2025,2025-06-06,,,1,scryfall
Magic: The Gathering,Dwarvish,The Hobbit Eternal,The Hobbit Eternal,HOC,,,,2026,2026-08-14,,,5,scryfall
Magic: The Gathering,English,Limited Edition Alpha,Limited Edition Alpha,LEA,,,,1993,1993-08-05,,,295,scryfall
Magic: The Gathering,English,Limited Edition Beta,Limited Edition Beta,LEB,,,,1993,1993-10-04,,,302,scryfall
Magic: The Gathering,English,Unlimited Edition,Unlimited Edition,2ED,,,,1993,1993-12-01,,,302,scryfall
Magic: The Gathering,English,Collectors' Edition,Collectors' Edition,CED,,,,1993,1993-12-10,,,302,scryfall
Magic: The Gathering,English,Intl. Collectors' Edition,Intl. Collectors' Edition,CEI,,,,1993,1993-12-10,,,302,scryfall
Magic: The Gathering,English,Arabian Nights,Arabian Nights,ARN,,,,1993,1993-12-17,,,78,scryfall
Magic: The Gathering,English,Antiquities,Antiquities,ATQ,,,,1994,1994-03-04,,,85,scryfall
Magic: The Gathering,English,Revised Edition,Revised Edition,3ED,,,,1994,1994-04-11,,,306,scryfall
Magic: The Gathering,English,Legends,Legends,LEG,,,,1994,1994-06-01,,,310,scryfall
Magic: The Gathering,English,Summer Magic / Edgar,Summer Magic / Edgar,SUM,,,,1994,1994-06-21,,,306,scryfall
Magic: The Gathering,English,Dragon Con,Dragon Con,PDRC,,,,1994,1994-07-15,,,1,scryfall
Magic: The Gathering,English,The Dark,The Dark,DRK,,,,1994,1994-08-01,,,119,scryfall
Magic: The Gathering,English,Fallen Empires,Fallen Empires,FEM,,,,1994,1994-11-01,,,102,scryfall
Magic: The Gathering,English,Fourth Edition,Fourth Edition,4ED,,,,1995,1995-04-01,,,378,scryfall
Magic: The Gathering,English,HarperPrism Book Promos,HarperPrism Book Promos,PHPR,,,,1995,1995-05-01,,,5,scryfall
Magic: The Gathering,English,Ice Age,Ice Age,ICE,,,,1995,1995-06-03,,,383,scryfall
Magic: The Gathering,English,Chronicles,Chronicles,CHR,,,,1995,1995-07-01,,,116,scryfall
Magic: The Gathering,English,Homelands,Homelands,HML,,,,1995,1995-10-01,,,115,scryfall
Magic: The Gathering,English,Pro Tour Collector Set,Pro Tour Collector Set,PTC,,,,1996,1996-05-01,,,270,scryfall
Magic: The Gathering,English,Alliances,Alliances,ALL,,,,1996,1996-06-10,,,144,scryfall
Magic: The Gathering,English,DCI Legend Membership,DCI Legend Membership,PLGM,,,,1996,1996-07-01,,,2,scryfall
Magic: The Gathering,English,Rivals Quick Start Set,Rivals Quick Start Set,RQS,,,,1996,1996-07-01,,,65,scryfall
Magic: The Gathering,English,Arena League 1996,Arena League 1996,PARL,,,,1996,1996-08-02,,,7,scryfall
Magic: The Gathering,English,Mirage,Mirage,MIR,,,,1996,1996-10-08,,,350,scryfall
Magic: The Gathering,English,Multiverse Gift Box,Multiverse Gift Box,MGB,,,,1996,1996-11-01,,,10,scryfall
Magic: The Gathering,English,Introductory Two-Player Set,Introductory Two-Player Set,ITP,,,,1996,1996-12-31,,,67,scryfall
Magic: The Gathering,English,Visions,Visions,VIS,,,,1997,1997-02-03,,,167,scryfall
Magic: The Gathering,English,Fifth Edition,Fifth Edition,5ED,,,,1997,1997-03-24,,,449,scryfall
Magic: The Gathering,English,Astral Cards,Astral Cards,PAST,,,,1997,1997-04-01,,,12,scryfall
Magic: The Gathering,English,MicroProse Promos,MicroProse Promos,PMIC,,,,1997,1997-04-01,,,1,scryfall
Magic: The Gathering,English,Portal,Portal,POR,,,,1997,1997-05-01,,,215,scryfall
Magic: The Gathering,English,Vanguard Series,Vanguard Series,PVAN,,,,1997,1997-05-01,,,32,scryfall
Magic: The Gathering,English,Weatherlight,Weatherlight,WTH,,,,1997,1997-06-09,,,167,scryfall
Magic: The Gathering,English,World Championship Decks 1997,World Championship Decks 1997,WC97,,,,1997,1997-08-13,,,120,scryfall
Magic: The Gathering,English,Tempest Promos,Tempest Promos,PTMP,,,,1997,1997-10-01,,,1,scryfall
Magic: The Gathering,English,Tempest,Tempest,TMP,,,,1997,1997-10-14,,,350,scryfall
Magic: The Gathering,English,Judge Gift Cards 1998,Judge Gift Cards 1998,JGP,,,,1998,1998-01-01,,,3,scryfall
Magic: The Gathering,English,Oversized 90's Promos,Oversized 90's Promos,O90P,,,,1998,1998-01-01,,,10,scryfall
Magic: The Gathering,English,Stronghold Promos,Stronghold Promos,PSTH,,,,1998,1998-02-01,,,1,scryfall
Magic: The Gathering,English,Stronghold,Stronghold,STH,,,,1998,1998-03-02,,,143,scryfall
Magic: The Gathering,English,Oversized League Prizes,Oversized League Prizes,OLEP,,,,1998,1998-04-10,,,83,scryfall
Magic: The Gathering,English,Exodus Promos,Exodus Promos,PEXO,,,,1998,1998-06-01,,,1,scryfall
Magic: The Gathering,English,Exodus,Exodus,EXO,,,,1998,1998-06-15,,,143,scryfall
Magic: The Gathering,English,Portal Second Age,Portal Second Age,P02,,,,1998,1998-06-24,,,165,scryfall
Magic: The Gathering,English,Unglued,Unglued,UGL,,,,1998,1998-08-11,,,88,scryfall
Magic: The Gathering,English,Unglued Tokens,Unglued Tokens,TUGL,,,,1998,1998-08-11,,,6,scryfall
Magic: The Gathering,English,World Championship Decks 1998,World Championship Decks 1998,WC98,,,,1998,1998-08-12,,,105,scryfall
Magic: The Gathering,English,Asia Pacific Land Program,Asia Pacific Land Program,PALP,,,,1998,1998-09-01,,,15,scryfall
Magic: The Gathering,English,Urza's Saga Promos,Urza's Saga Promos,PUSG,,,,1998,1998-09-26,,,1,scryfall
Magic: The Gathering,English,Urza's Saga,Urza's Saga,USG,,,,1998,1998-10-12,,,350,scryfall
Magic: The Gathering,English,Anthologies,Anthologies,ATH,,,,1998,1998-11-01,,,85,scryfall
Magic: The Gathering,English,Arena League 1999,Arena League 1999,PAL99,,,,1999,1999-01-01,,,9,scryfall
Magic: The Gathering,English,Judge Gift Cards 1999,Judge Gift Cards 1999,G99,,,,1999,1999-01-01,,,1,scryfall
Magic: The Gathering,English,Junior Super Series,Junior Super Series,PSUS,,,,1999,1999-01-01,,,18,scryfall
Magic: The Gathering,English,Urza's Legacy Promos,Urza's Legacy Promos,PULG,,,,1999,1999-02-06,,,1,scryfall
Magic: The Gathering,English,Urza's Legacy,Urza's Legacy,ULG,,,,1999,1999-02-15,,,143,scryfall
Magic: The Gathering,English,Classic Sixth Edition,Classic Sixth Edition,6ED,,,,1999,1999-04-21,,,350,scryfall
Magic: The Gathering,English,Portal Three Kingdoms,Portal Three Kingdoms,PTK,,,,1999,1999-05-01,,,180,scryfall
Magic: The Gathering,English,Urza's Destiny Promos,Urza's Destiny Promos,PUDS,,,,1999,1999-05-29,,,1,scryfall
Magic: The Gathering,English,Urza's Destiny,Urza's Destiny,UDS,,,,1999,1999-06-07,,,143,scryfall
Magic: The Gathering,English,Starter 1999,Starter 1999,S99,,,,1999,1999-07-01,,,173,scryfall
Magic: The Gathering,English,Portal Three Kingdoms Promos,Portal Three Kingdoms Promos,PPTK,,,,1999,1999-07-04,,,1,scryfall
Magic: The Gathering,English,Guru,Guru,PGRU,,,,1999,1999-07-12,,,5,scryfall
Magic: The Gathering,English,World Championship Decks 1999,World Championship Decks 1999,WC99,,,,1999,1999-08-04,,,94,scryfall
Magic: The Gathering,English,Wizards of the Coast Online Store,Wizards of the Coast Online Store,PWOS,,,,1999,1999-09-04,,,1,scryfall
Magic: The Gathering,English,Mercadian Masques Promos,Mercadian Masques Promos,PMMQ,,,,1999,1999-09-25,,,1,scryfall
Magic: The Gathering,English,Mercadian Masques,Mercadian Masques,MMQ,,,,1999,1999-10-04,,,350,scryfall
Magic: The Gathering,English,Battle Royale Box Set,Battle Royale Box Set,BRB,,,,1999,1999-11-12,,,136,scryfall
Magic: The Gathering,English,Arena League 2000,Arena League 2000,PAL00,,,,2000,2000-01-01,,,11,scryfall
Magic: The Gathering,English,Friday Night Magic 2000,Friday Night Magic 2000,FNM,,,,2000,2000-01-01,,,11,scryfall
Magic: The Gathering,English,Judge Gift Cards 2000,Judge Gift Cards 2000,G00,,,,2000,2000-01-01,,,2,scryfall
Magic: The Gathering,English,Nemesis Promos,Nemesis Promos,PNEM,,,,2000,2000-01-29,,,1,scryfall
Magic: The Gathering,English,European Land Program,European Land Program,PELP,,,,2000,2000-02-05,,,15,scryfall
Magic: The Gathering,English,Nemesis,Nemesis,NEM,,,,2000,2000-02-14,,,143,scryfall
Magic: The Gathering,English,Starter 2000,Starter 2000,S00,,,,2000,2000-04-01,,,20,scryfall
Magic: The Gathering,English,Prophecy Promos,Prophecy Promos,PPCY,,,,2000,2000-05-27,,,1,scryfall
Magic: The Gathering,English,Prophecy,Prophecy,PCY,,,,2000,2000-06-05,,,143,scryfall
Magic: The Gathering,English,World Championship Decks 2000,World Championship Decks 2000,WC00,,,,2000,2000-08-02,,,101,scryfall
Magic: The Gathering,English,Beatdown Box Set,Beatdown Box Set,BTD,,,,2000,2000-10-01,,,90,scryfall
Magic: The Gathering,English,Invasion,Invasion,INV,,,,2000,2000-10-02,,,350,scryfall
Magic: The Gathering,English,Arena League 2001,Arena League 2001,PAL01,,,,2001,2001-01-01,,,12,scryfall
Magic: The Gathering,English,Friday Night Magic 2001,Friday Night Magic 2001,F01,,,,2001,2001-01-01,,,7,scryfall
Magic: The Gathering,English,Judge Gift Cards 2001,Judge Gift Cards 2001,G01,,,,2001,2001-01-01,,,2,scryfall
Magic: The Gathering,English,Magic Player Rewards 2001,Magic Player Rewards 2001,MPR,,,,2001,2001-01-01,,,8,scryfall
Magic: The Gathering,English,Planeshift,Planeshift,PLS,,,,2001,2001-02-05,,,143,scryfall
Magic: The Gathering,English,Seventh Edition,Seventh Edition,7ED,,,,2001,2001-04-11,,,350,scryfall
Magic: The Gathering,English,Apocalypse,Apocalypse,APC,,,,2001,2001-06-04,,,143,scryfall
Magic: The Gathering,English,World Championship Decks 2001,World Championship Decks 2001,WC01,,,,2001,2001-08-08,,,112,scryfall
Magic: The Gathering,English,Odyssey,Odyssey,ODY,,,,2001,2001-10-01,,,350,scryfall
Magic: The Gathering,English,Deckmasters,Deckmasters,DKM,,,,2001,2001-12-01,,,50,scryfall
Magic: The Gathering,English,Arena League 2002,Arena League 2002,PAL02,,,,2002,2002-01-01,,,5,scryfall
Magic: The Gathering,English,Friday Night Magic 2002,Friday Night Magic 2002,F02,,,,2002,2002-01-01,,,12,scryfall
Magic: The Gathering,English,Judge Gift Cards 2002,Judge Gift Cards 2002,G02,,,,2002,2002-01-01,,,2,scryfall
Magic: The Gathering,English,Magic Player Rewards 2002,Magic Player Rewards 2002,PR2,,,,2002,2002-01-01,,,6,scryfall
Magic: The Gathering,English,Torment,Torment,TOR,,,,2002,2002-02-04,,,143,scryfall
Magic: The Gathering,English,Judgment,Judgment,JUD,,,,2002,2002-05-27,,,143,scryfall
Magic: The Gathering,English,Onslaught Promos,Onslaught Promos,PONS,,,,2002,2002-09-28,,,1,scryfall
Magic: The Gathering,English,Onslaught,Onslaught,ONS,,,,2002,2002-10-07,,,350,scryfall
Magic: The Gathering,English,World Championship Decks 2002,World Championship Decks 2002,WC02,,,,2002,2002-12-01,,,133,scryfall
Magic: The Gathering,English,Arena League 2003,Arena League 2003,PAL03,,,,2003,2003-01-01,,,8,scryfall
Magic: The Gathering,English,Friday Night Magic 2003,Friday Night Magic 2003,F03,,,,2003,2003-01-01,,,13,scryfall
Magic: The Gathering,English,Judge Gift Cards 2003,Judge Gift Cards 2003,G03,,,,2003,2003-01-01,,,3,scryfall
Magic: The Gathering,English,Magic Online Avatars,Magic Online Avatars,PMOA,,,,2003,2003-01-01,,,84,scryfall
Magic: The Gathering,English,Magic Player Rewards 2003,Magic Player Rewards 2003,P03,,,,2003,2003-01-01,,,7,scryfall
Magic: The Gathering,English,Legions Promos,Legions Promos,PLGN,,,,2003,2003-01-25,,,1,scryfall
Magic: The Gathering,English,Legions,Legions,LGN,,,,2003,2003-02-03,,,145,scryfall
Magic: The Gathering,English,Scourge Promos,Scourge Promos,PSCG,,,,2003,2003-05-17,,,1,scryfall
Magic: The Gathering,English,Scourge,Scourge,SCG,,,,2003,2003-05-26,,,143,scryfall
Magic: The Gathering,English,Eighth Edition Promos,Eighth Edition Promos,P8ED,,,,2003,2003-07-26,,,1,scryfall
Magic: The Gathering,English,Eighth Edition,Eighth Edition,8ED,,,,2003,2003-07-28,,,357,scryfall
Magic: The Gathering,English,World Championship Decks 2003,World Championship Decks 2003,WC03,,,,2003,2003-08-06,,,123,scryfall
Magic: The Gathering,English,Mirrodin Promos,Mirrodin Promos,PMRD,,,,2003,2003-09-20,,,1,scryfall
Magic: The Gathering,English,Mirrodin,Mirrodin,MRD,,,,2003,2003-10-02,,,306,scryfall
Magic: The Gathering,English,Arena League 2004,Arena League 2004,PAL04,,,,2004,2004-01-01,,,14,scryfall
Magic: The Gathering,English,Friday Night Magic 2004,Friday Night Magic 2004,F04,,,,2004,2004-01-01,,,12,scryfall
Magic: The Gathering,English,Judge Gift Cards 2004,Judge Gift Cards 2004,G04,,,,2004,2004-01-01,,,6,scryfall
Magic: The Gathering,English,Magic Player Rewards 2004,Magic Player Rewards 2004,P04,,,,2004,2004-01-01,,,6,scryfall
Magic: The Gathering,English,Darksteel Promos,Darksteel Promos,PDST,,,,2004,2004-01-24,,,1,scryfall
Magic: The Gathering,English,Darksteel,Darksteel,DST,,,,2004,2004-02-06,,,165,scryfall
Magic: The Gathering,English,Fifth Dawn Promos,Fifth Dawn Promos,P5DN,,,,2004,2004-05-22,,,1,scryfall
Magic: The Gathering,English,Fifth Dawn,Fifth Dawn,5DN,,,,2004,2004-06-04,,,165,scryfall
Magic: The Gathering,English,World Championship Decks 2004,World Championship Decks 2004,WC04,,,,2004,2004-09-01,,,94,scryfall
Magic: The Gathering,English,Champions of Kamigawa Promos,Champions of Kamigawa Promos,PCHK,,,,2004,2004-09-18,,,1,scryfall
Magic: The Gathering,English,Champions of Kamigawa,Champions of Kamigawa,CHK,,,,2004,2004-10-01,,,306,scryfall
Magic: The Gathering,English,Unhinged,Unhinged,UNH,,,,2004,2004-11-19,,,141,scryfall
Magic: The Gathering,English,Unhinged Promos,Unhinged Promos,PUNH,,,,2004,2004-11-20,,,1,scryfall
Magic: The Gathering,English,Arena League 2005,Arena League 2005,PAL05,,,,2005,2005-01-01,,,8,scryfall
Magic: The Gathering,English,Friday Night Magic 2005,Friday Night Magic 2005,F05,,,,2005,2005-01-01,,,12,scryfall
Magic: The Gathering,English,Judge Gift Cards 2005,Judge Gift Cards 2005,G05,,,,2005,2005-01-01,,,4,scryfall
Magic: The Gathering,English,Magic Player Rewards 2005,Magic Player Rewards 2005,P05,,,,2005,2005-01-01,,,6,scryfall
Magic: The Gathering,English,Betrayers of Kamigawa,Betrayers of Kamigawa,BOK,,,,2005,2005-02-04,,,165,scryfall
Magic: The Gathering,English,Betrayers of Kamigawa Promos,Betrayers of Kamigawa Promos,PBOK,,,,2005,2005-02-04,,,2,scryfall
Magic: The Gathering,English,Saviors of Kamigawa,Saviors of Kamigawa,SOK,,,,2005,2005-06-03,,,165,scryfall
Magic: The Gathering,English,Saviors of Kamigawa Promos,Saviors of Kamigawa Promos,PSOK,,,,2005,2005-06-03,,,2,scryfall
Magic: The Gathering,English,Ninth Edition,Ninth Edition,9ED,,,,2005,2005-07-29,,,359,scryfall
Magic: The Gathering,English,Ninth Edition Promos,Ninth Edition Promos,P9ED,,,,2005,2005-07-29,,,1,scryfall
Magic: The Gathering,English,Ravnica: City of Guilds,Ravnica: City of Guilds,RAV,,,,2005,2005-10-07,,,306,scryfall
Magic: The Gathering,English,Ravnica: City of Guilds Promos,Ravnica: City of Guilds Promos,PRAV,,,,2005,2005-10-07,,,2,scryfall
Magic: The Gathering,English,Two-Headed Giant Tournament,Two-Headed Giant Tournament,P2HG,,,,2005,2005-12-09,,,1,scryfall
Magic: The Gathering,English,Arena League 2006,Arena League 2006,PAL06,,,,2006,2006-01-01,,,9,scryfall
Magic: The Gathering,English,Friday Night Magic 2006,Friday Night Magic 2006,F06,,,,2006,2006-01-01,,,12,scryfall
Magic: The Gathering,English,Hachette UK,Hachette UK,PHUK,,,,2006,2006-01-01,,,60,scryfall
Magic: The Gathering,English,Judge Gift Cards 2006,Judge Gift Cards 2006,G06,,,,2006,2006-01-01,,,4,scryfall
Magic: The Gathering,English,Junior APAC Series,Junior APAC Series,PJAS,,,,2006,2006-01-01,,,6,scryfall
Magic: The Gathering,English,Magic Player Rewards 2006,Magic Player Rewards 2006,P06,,,,2006,2006-01-01,,,7,scryfall
Magic: The Gathering,English,Guildpact Promos,Guildpact Promos,PGPT,,,,2006,2006-01-21,,,2,scryfall
Magic: The Gathering,English,Guildpact,Guildpact,GPT,,,,2006,2006-02-03,,,165,scryfall
Magic: The Gathering,English,Champs and States,Champs and States,PCMP,,,,2006,2006-03-18,,,12,scryfall
Magic: The Gathering,English,Dissension Promos,Dissension Promos,PDIS,,,,2006,2006-04-22,,,2,scryfall
Magic: The Gathering,English,Dissension,Dissension,DIS,,,,2006,2006-05-05,,,180,scryfall
Magic: The Gathering,English,Coldsnap Promos,Coldsnap Promos,PCSP,,,,2006,2006-07-08,,,2,scryfall
Magic: The Gathering,English,Coldsnap,Coldsnap,CSP,,,,2006,2006-07-21,,,155,scryfall
Magic: The Gathering,English,Coldsnap Theme Decks,Coldsnap Theme Decks,CST,,,,2006,2006-07-21,,,62,scryfall
Magic: The Gathering,English,Time Spiral Promos,Time Spiral Promos,PTSP,,,,2006,2006-09-23,,,3,scryfall
Magic: The Gathering,English,Time Spiral,Time Spiral,TSP,,,,2006,2006-10-06,,,301,scryfall
Magic: The Gathering,English,Time Spiral Timeshifted,Time Spiral Timeshifted,TSB,,,,2006,2006-10-06,,,121,scryfall
Magic: The Gathering,English,Friday Night Magic 2007,Friday Night Magic 2007,F07,,,,2007,2007-01-01,,,12,scryfall
Magic: The Gathering,English,Judge Gift Cards 2007,Judge Gift Cards 2007,G07,,,,2007,2007-01-01,,,5,scryfall
Magic: The Gathering,English,Magic Player Rewards 2007,Magic Player Rewards 2007,P07,,,,2007,2007-01-01,,,7,scryfall
Magic: The Gathering,English,Planar Chaos,Planar Chaos,PLC,,,,2007,2007-02-02,,,165,scryfall
Magic: The Gathering,English,Planar Chaos Promos,Planar Chaos Promos,PPLC,,,,2007,2007-02-02,,,2,scryfall
Magic: The Gathering,English,Future Sight Promos,Future Sight Promos,PFUT,,,,2007,2007-04-21,,,2,scryfall
Magic: The Gathering,English,Future Sight,Future Sight,FUT,,,,2007,2007-05-04,,,180,scryfall
Magic: The Gathering,English,Tenth Edition,Tenth Edition,10E,,,,2007,2007-07-13,,,383,scryfall
Magic: The Gathering,English,Tenth Edition Promos,Tenth Edition Promos,P10E,,,,2007,2007-07-13,,,3,scryfall
Magic: The Gathering,English,Tenth Edition Tokens,Tenth Edition Tokens,T10E,,,,2007,2007-07-13,,,6,scryfall
Magic: The Gathering,English,Masters Edition,Masters Edition,ME1,,,,2007,2007-09-10,,,195,scryfall
Magic: The Gathering,English,Lorwyn,Lorwyn,LRW,,,,2007,2007-10-12,,,301,scryfall
Magic: The Gathering,English,Lorwyn Promos,Lorwyn Promos,PLRW,,,,2007,2007-10-12,,,3,scryfall
Magic: The Gathering,English,Lorwyn Tokens,Lorwyn Tokens,TLRW,,,,2007,2007-10-12,,,11,scryfall
Magic: The Gathering,English,Duel Decks: Elves vs. Goblins,Duel Decks: Elves vs. Goblins,DD1,,,,2007,2007-11-16,,,62,scryfall
Magic: The Gathering,English,Duel Decks: Elves vs. Goblins Tokens,Duel Decks: Elves vs. Goblins Tokens,TDD1,,,,2007,2007-11-16,,,3,scryfall
Magic: The Gathering,English,Friday Night Magic 2008,Friday Night Magic 2008,F08,,,,2008,2008-01-01,,,12,scryfall
Magic: The Gathering,English,Judge Gift Cards 2008,Judge Gift Cards 2008,G08,,,,2008,2008-01-01,,,5,scryfall
Magic: The Gathering,English,Junior Series Europe,Junior Series Europe,PJSE,,,,2008,2008-01-01,,,8,scryfall
Magic: The Gathering,English,Magic Player Rewards 2008,Magic Player Rewards 2008,P08,,,,2008,2008-01-01,,,7,scryfall
Magic: The Gathering,English,Pro Tour Promos,Pro Tour Promos,PPRO,,,,2008,2008-01-01,,,18,scryfall
Magic: The Gathering,English,Morningtide,Morningtide,MOR,,,,2008,2008-02-01,,,150,scryfall
Magic: The Gathering,English,Morningtide Promos,Morningtide Promos,PMOR,,,,2008,2008-02-01,,,2,scryfall
Magic: The Gathering,English,Morningtide Tokens,Morningtide Tokens,TMOR,,,,2008,2008-02-01,,,3,scryfall
Magic: The Gathering,English,15th Anniversary Cards,15th Anniversary Cards,P15A,,,,2008,2008-04-01,,,2,scryfall
Magic: The Gathering,English,Shadowmoor Promos,Shadowmoor Promos,PSHM,,,,2008,2008-04-19,,,2,scryfall
Magic: The Gathering,English,Shadowmoor,Shadowmoor,SHM,,,,2008,2008-05-02,,,301,scryfall
Magic: The Gathering,English,Shadowmoor Tokens,Shadowmoor Tokens,TSHM,,,,2008,2008-05-02,,,12,scryfall
Magic: The Gathering,English,Eventide,Eventide,EVE,,,,2008,2008-07-25,,,180,scryfall
Magic: The Gathering,English,Eventide Promos,Eventide Promos,PEVE,,,,2008,2008-07-25,,,2,scryfall
Magic: The Gathering,English,Eventide Tokens,Eventide Tokens,TEVE,,,,2008,2008-07-25,,,7,scryfall
Magic: The Gathering,English,From the Vault: Dragons,From the Vault: Dragons,DRB,,,,2008,2008-08-29,,,15,scryfall
Magic: The Gathering,English,Masters Edition II,Masters Edition II,ME2,,,,2008,2008-09-22,,,245,scryfall
Magic: The Gathering,English,Shards of Alara,Shards of Alara,ALA,,,,2008,2008-10-03,,,250,scryfall
Magic: The Gathering,English,Shards of Alara Promos,Shards of Alara Promos,PALA,,,,2008,2008-10-03,,,2,scryfall
Magic: The Gathering,English,Shards of Alara Tokens,Shards of Alara Tokens,TALA,,,,2008,2008-10-03,,,10,scryfall
Magic: The Gathering,English,Duel Decks: Jace vs. Chandra,Duel Decks: Jace vs. Chandra,DD2,,,,2008,2008-11-07,,,62,scryfall
Magic: The Gathering,English,Duel Decks: Jace vs. Chandra Tokens,Duel Decks: Jace vs. Chandra Tokens,TDD2,,,,2008,2008-11-07,,,1,scryfall
Magic: The Gathering,English,Duels of the Planeswalkers 2009 Promos,Duels of the Planeswalkers 2009 Promos,PDTP,,,,2009,2009-01-01,,,1,scryfall
Magic: The Gathering,English,Friday Night Magic 2009,Friday Night Magic 2009,F09,,,,2009,2009-01-01,,,12,scryfall
Magic: The Gathering,English,Judge Gift Cards 2009,Judge Gift Cards 2009,G09,,,,2009,2009-01-01,,,10,scryfall
Magic: The Gathering,English,Conflux Promos,Conflux Promos,PCON,,,,2009,2009-01-31,,,2,scryfall
Magic: The Gathering,English,Conflux,Conflux,CON,,,,2009,2009-02-06,,,145,scryfall
Magic: The Gathering,English,Conflux Tokens,Conflux Tokens,TCON,,,,2009,2009-02-06,,,2,scryfall
Magic: The Gathering,English,Duel Decks: Divine vs. Demonic,Duel Decks: Divine vs. Demonic,DDC,,,,2009,2009-04-10,,,62,scryfall
Magic: The Gathering,English,Duel Decks: Divine vs. Demonic Tokens,Duel Decks: Divine vs. Demonic Tokens,TDDC,,,,2009,2009-04-10,,,3,scryfall
Magic: The Gathering,English,Alara Reborn,Alara Reborn,ARB,,,,2009,2009-04-30,,,145,scryfall
Magic: The Gathering,English,Alara Reborn Promos,Alara Reborn Promos,PARB,,,,2009,2009-04-30,,,3,scryfall
Magic: The Gathering,English,Alara Reborn Tokens,Alara Reborn Tokens,TARB,,,,2009,2009-04-30,,,4,scryfall
Magic: The Gathering,English,Magic Player Rewards 2009,Magic Player Rewards 2009,P09,,,,2009,2009-04-30,,,13,scryfall
Magic: The Gathering,English,Magic 2010 Promos,Magic 2010 Promos,PM10,,,,2009,2009-07-16,,,3,scryfall
Magic: The Gathering,English,Magic 2010,Magic 2010,M10,,,,2009,2009-07-17,,,249,scryfall
Magic: The Gathering,English,Magic 2010 Tokens,Magic 2010 Tokens,TM10,,,,2009,2009-07-17,,,8,scryfall
Magic: The Gathering,English,Vintage Championship,Vintage Championship,OVNT,,,,2009,2009-08-16,,,21,scryfall
Magic: The Gathering,English,From the Vault: Exiled,From the Vault: Exiled,V09,,,,2009,2009-08-28,,,15,scryfall
Magic: The Gathering,English,Planechase,Planechase,HOP,,,,2009,2009-09-04,,,169,scryfall
Magic: The Gathering,English,Planechase Planes,Planechase Planes,OHOP,,,,2009,2009-09-04,,,40,scryfall
Magic: The Gathering,English,Masters Edition III,Masters Edition III,ME3,,,,2009,2009-09-07,,,230,scryfall
Magic: The Gathering,English,Zendikar,Zendikar,ZEN,,,,2009,2009-10-02,,,249,scryfall
Magic: The Gathering,English,Zendikar Promos,Zendikar Promos,PZEN,,,,2009,2009-10-02,,,4,scryfall
Magic: The Gathering,English,Zendikar Tokens,Zendikar Tokens,TZEN,,,,2009,2009-10-02,,,11,scryfall
Magic: The Gathering,English,Duel Decks: Garruk vs. Liliana,Duel Decks: Garruk vs. Liliana,DDD,,,,2009,2009-10-30,,,63,scryfall
Magic: The Gathering,English,Duel Decks: Garruk vs. Liliana Tokens,Duel Decks: Garruk vs. Liliana Tokens,TDDD,,,,2009,2009-10-30,,,3,scryfall
Magic: The Gathering,English,DCI Promos,DCI Promos,DCI,,,,2009,2009-10-31,,,79,scryfall
Magic: The Gathering,English,Premium Deck Series: Slivers,Premium Deck Series: Slivers,H09,,,,2009,2009-11-20,,,41,scryfall
Magic: The Gathering,English,Duels of the Planeswalkers 2010 Promos,Duels of the Planeswalkers 2010 Promos,PDP10,,,,2010,2010-01-01,,,2,scryfall
Magic: The Gathering,English,Friday Night Magic 2010,Friday Night Magic 2010,F10,,,,2010,2010-01-01,,,12,scryfall
Magic: The Gathering,English,Judge Gift Cards 2010,Judge Gift Cards 2010,G10,,,,2010,2010-01-01,,,8,scryfall
Magic: The Gathering,English,Magic Player Rewards 2010,Magic Player Rewards 2010,P10,,,,2010,2010-01-01,,,12,scryfall
Magic: The Gathering,English,Worldwake,Worldwake,WWK,,,,2010,2010-02-05,,,145,scryfall
Magic: The Gathering,English,Worldwake Promos,Worldwake Promos,PWWK,,,,2010,2010-02-05,,,4,scryfall
Magic: The Gathering,English,Worldwake Tokens,Worldwake Tokens,TWWK,,,,2010,2010-02-05,,,6,scryfall
Magic: The Gathering,English,Duel Decks: Phyrexia vs. the Coalition,Duel Decks: Phyrexia vs. the Coalition,DDE,,,,2010,2010-03-19,,,71,scryfall
Magic: The Gathering,English,Duel Decks: Phyrexia vs. the Coalition Tokens,Duel Decks: Phyrexia vs. the Coalition Tokens,TDDE,,,,2010,2010-03-19,,,3,scryfall
Magic: The Gathering,English,Rise of the Eldrazi,Rise of the Eldrazi,ROE,,,,2010,2010-04-23,,,248,scryfall
Magic: The Gathering,English,Rise of the Eldrazi Promos,Rise of the Eldrazi Promos,PROE,,,,2010,2010-04-23,,,3,scryfall
Magic: The Gathering,English,Rise of the Eldrazi Tokens,Rise of the Eldrazi Tokens,TROE,,,,2010,2010-04-23,,,5,scryfall
Magic: The Gathering,English,Duels of the Planeswalkers,Duels of the Planeswalkers,DPA,,,,2010,2010-06-04,,,113,scryfall
Magic: The Gathering,English,Archenemy,Archenemy,ARC,,,,2010,2010-06-18,,,150,scryfall
Magic: The Gathering,English,Archenemy Schemes,Archenemy Schemes,OARC,,,,2010,2010-06-18,,,45,scryfall
Magic: The Gathering,English,Magic 2011 Promos,Magic 2011 Promos,PM11,,,,2010,2010-07-15,,,4,scryfall
Magic: The Gathering,English,Magic 2011,Magic 2011,M11,,,,2010,2010-07-16,,,249,scryfall
Magic: The Gathering,English,Magic 2011 Tokens,Magic 2011 Tokens,TM11,,,,2010,2010-07-16,,,6,scryfall
Magic: The Gathering,English,From the Vault: Relics,From the Vault: Relics,V10,,,,2010,2010-08-27,,,15,scryfall
Magic: The Gathering,English,Duel Decks: Elspeth vs. Tezzeret,Duel Decks: Elspeth vs. Tezzeret,DDF,,,,2010,2010-09-03,,,79,scryfall
Magic: The Gathering,English,Duel Decks: Elspeth vs. Tezzeret Tokens,Duel Decks: Elspeth vs. Tezzeret Tokens,TDDF,,,,2010,2010-09-03,,,1,scryfall
Magic: The Gathering,English,Scars of Mirrodin Promos,Scars of Mirrodin Promos,PSOM,,,,2010,2010-09-30,,,4,scryfall
Magic: The Gathering,English,Scars of Mirrodin,Scars of Mirrodin,SOM,,,,2010,2010-10-01,,,249,scryfall
Magic: The Gathering,English,Scars of Mirrodin Tokens,Scars of Mirrodin Tokens,TSOM,,,,2010,2010-10-01,,,10,scryfall
Magic: The Gathering,English,Magic Online Theme Decks,Magic Online Theme Decks,TD0,,,,2010,2010-11-08,,,197,scryfall
Magic: The Gathering,English,Premium Deck Series: Fire and Lightning,Premium Deck Series: Fire and Lightning,PD2,,,,2010,2010-11-19,,,34,scryfall
Magic: The Gathering,English,Duels of the Planeswalkers 2012 Promos,Duels of the Planeswalkers 2012 Promos,PDP12,,,,2011,2011-01-01,,,3,scryfall
Magic: The Gathering,English,Friday Night Magic 2011,Friday Night Magic 2011,F11,,,,2011,2011-01-01,,,12,scryfall
Magic: The Gathering,English,Judge Gift Cards 2011,Judge Gift Cards 2011,G11,,,,2011,2011-01-01,,,8,scryfall
Magic: The Gathering,English,Masters Edition IV,Masters Edition IV,ME4,,,,2011,2011-01-10,,,260,scryfall
Magic: The Gathering,English,Mirrodin Besieged Promos,Mirrodin Besieged Promos,PMBS,,,,2011,2011-02-03,,,4,scryfall
Magic: The Gathering,English,Magic Player Rewards 2011,Magic Player Rewards 2011,P11,,,,2011,2011-02-04,,,7,scryfall
Magic: The Gathering,English,Mirrodin Besieged,Mirrodin Besieged,MBS,,,,2011,2011-02-04,,,155,scryfall
Magic: The Gathering,English,Mirrodin Besieged Tokens,Mirrodin Besieged Tokens,TMBS,,,,2011,2011-02-04,,,6,scryfall
Magic: The Gathering,English,Duel Decks: Knights vs. Dragons,Duel Decks: Knights vs. Dragons,DDG,,,,2011,2011-04-01,,,81,scryfall
Magic: The Gathering,English,Duel Decks: Knights vs. Dragons Tokens,Duel Decks: Knights vs. Dragons Tokens,TDDG,,,,2011,2011-04-01,,,1,scryfall
Magic: The Gathering,English,New Phyrexia Promos,New Phyrexia Promos,PNPH,,,,2011,2011-05-12,,,4,scryfall
Magic: The Gathering,English,New Phyrexia,New Phyrexia,NPH,,,,2011,2011-05-13,,,175,scryfall
Magic: The Gathering,English,New Phyrexia Tokens,New Phyrexia Tokens,TNPH,,,,2011,2011-05-13,,,5,scryfall
Magic: The Gathering,English,Duel Decks: Mirrodin Pure vs. New Phyrexia,Duel Decks: Mirrodin Pure vs. New Phyrexia,TD2,,,,2011,2011-05-14,,,88,scryfall
Magic: The Gathering,English,Commander 2011,Commander 2011,CMD,,,,2011,2011-06-17,,,318,scryfall
Magic: The Gathering,English,Commander 2011 Launch Party,Commander 2011 Launch Party,PCMD,,,,2011,2011-06-17,,,5,scryfall
Magic: The Gathering,English,Commander 2011 Oversized,Commander 2011 Oversized,OCMD,,,,2011,2011-06-17,,,15,scryfall
Magic: The Gathering,English,Magic 2012 Promos,Magic 2012 Promos,PM12,,,,2011,2011-07-14,,,3,scryfall
Magic: The Gathering,English,Magic 2012,Magic 2012,M12,,,,2011,2011-07-15,,,249,scryfall
Magic: The Gathering,English,Magic 2012 Tokens,Magic 2012 Tokens,TM12,,,,2011,2011-07-15,,,7,scryfall
Magic: The Gathering,English,From the Vault: Legends,From the Vault: Legends,V11,,,,2011,2011-08-26,,,15,scryfall
Magic: The Gathering,English,Duel Decks: Ajani vs. Nicol Bolas,Duel Decks: Ajani vs. Nicol Bolas,DDH,,,,2011,2011-09-02,,,80,scryfall
Magic: The Gathering,English,Duel Decks: Ajani vs. Nicol Bolas Tokens,Duel Decks: Ajani vs. Nicol Bolas Tokens,TDDH,,,,2011,2011-09-02,,,2,scryfall
Magic: The Gathering,English,Innistrad Promos,Innistrad Promos,PISD,,,,2011,2011-09-24,,,5,scryfall
Magic: The Gathering,English,Innistrad,Innistrad,ISD,,,,2011,2011-09-30,,,264,scryfall
Magic: The Gathering,English,Innistrad Tokens,Innistrad Tokens,TISD,,,,2011,2011-09-30,,,13,scryfall
Magic: The Gathering,English,Wizards Play Network 2011,Wizards Play Network 2011,PW11,,,,2011,2011-09-30,,,3,scryfall
Magic: The Gathering,English,Premium Deck Series: Graveborn,Premium Deck Series: Graveborn,PD3,,,,2011,2011-11-18,,,30,scryfall
Magic: The Gathering,English,Happy Holidays,Happy Holidays,HHO,,,,2011,2011-12-01,,,20,scryfall
Magic: The Gathering,English,Duels of the Planeswalkers 2013 Promos,Duels of the Planeswalkers 2013 Promos,PDP13,,,,2012,2012-01-01,,,3,scryfall
Magic: The Gathering,English,Friday Night Magic 2012,Friday Night Magic 2012,F12,,,,2012,2012-01-01,,,12,scryfall
Magic: The Gathering,English,Judge Gift Cards 2012,Judge Gift Cards 2012,J12,,,,2012,2012-01-01,,,9,scryfall
Magic: The Gathering,English,League Tokens 2012,League Tokens 2012,L12,,,,2012,2012-01-01,,,2,scryfall
Magic: The Gathering,English,Wizards Play Network 2012,Wizards Play Network 2012,PW12,,,,2012,2012-01-01,,,3,scryfall
Magic: The Gathering,English,Dark Ascension Promos,Dark Ascension Promos,PDKA,,,,2012,2012-01-28,,,5,scryfall
Magic: The Gathering,English,Dark Ascension,Dark Ascension,DKA,,,,2012,2012-02-03,,,158,scryfall
Magic: The Gathering,English,Dark Ascension Tokens,Dark Ascension Tokens,TDKA,,,,2012,2012-02-03,,,4,scryfall
Magic: The Gathering,English,IDW Comics Inserts,IDW Comics Inserts,PIDW,,,,2012,2012-02-29,,,17,scryfall
Magic: The Gathering,English,Duel Decks: Venser vs. Koth,Duel Decks: Venser vs. Koth,DDI,,,,2012,2012-03-30,,,77,scryfall
Magic: The Gathering,English,Duel Decks: Venser vs. Koth Tokens,Duel Decks: Venser vs. Koth Tokens,TDDI,,,,2012,2012-03-30,,,2,scryfall
Magic: The Gathering,English,Open the Helvault,Open the Helvault,PHEL,,,,2012,2012-04-28,,,6,scryfall
Magic: The Gathering,English,Avacyn Restored,Avacyn Restored,AVR,,,,2012,2012-05-04,,,244,scryfall
Magic: The Gathering,English,Avacyn Restored Tokens,Avacyn Restored Tokens,TAVR,,,,2012,2012-05-04,,,8,scryfall
Magic: The Gathering,English,Planechase 2012,Planechase 2012,PC2,,,,2012,2012-06-01,,,156,scryfall
Magic: The Gathering,English,Planechase 2012 Planes,Planechase 2012 Planes,OPC2,,,,2012,2012-06-01,,,40,scryfall
Magic: The Gathering,English,Planechase Promos,Planechase Promos,PHOP,,,,2012,2012-06-01,,,1,scryfall
Magic: The Gathering,English,Magic 2013,Magic 2013,M13,,,,2012,2012-07-13,,,249,scryfall
Magic: The Gathering,English,Magic 2013 Tokens,Magic 2013 Tokens,TM13,,,,2012,2012-07-13,,,11,scryfall
Magic: The Gathering,English,From the Vault: Realms,From the Vault: Realms,V12,,,,2012,2012-08-31,,,15,scryfall
Magic: The Gathering,English,Duel Decks: Izzet vs. Golgari,Duel Decks: Izzet vs. Golgari,DDJ,,,,2012,2012-09-07,,,90,scryfall
Magic: The Gathering,English,Duel Decks: Izzet vs. Golgari Tokens,Duel Decks: Izzet vs. Golgari Tokens,TDDJ,,,,2012,2012-09-07,,,1,scryfall
Magic: The Gathering,English,Return to Ravnica,Return to Ravnica,RTR,,,,2012,2012-10-05,,,274,scryfall
Magic: The Gathering,English,Return to Ravnica Promos,Return to Ravnica Promos,PRTR,,,,2012,2012-10-05,,,10,scryfall
Magic: The Gathering,English,Return to Ravnica Tokens,Return to Ravnica Tokens,TRTR,,,,2012,2012-10-05,,,12,scryfall
Magic: The Gathering,English,Commander's Arsenal,Commander's Arsenal,CM1,,,,2012,2012-11-02,,,18,scryfall
Magic: The Gathering,English,Commander's Arsenal Oversized,Commander's Arsenal Oversized,OCM1,,,,2012,2012-11-02,,,10,scryfall
Magic: The Gathering,English,Duels of the Planeswalkers 2014 Promos,Duels of the Planeswalkers 2014 Promos,PDP14,,,,2013,2013-01-01,,,3,scryfall
Magic: The Gathering,English,Friday Night Magic 2013,Friday Night Magic 2013,F13,,,,2013,2013-01-01,,,12,scryfall
Magic: The Gathering,English,Judge Gift Cards 2013,Judge Gift Cards 2013,J13,,,,2013,2013-01-01,,,9,scryfall
Magic: The Gathering,English,League Tokens 2013,League Tokens 2013,L13,,,,2013,2013-01-01,,,4,scryfall
Magic: The Gathering,English,Gatecrash Promos,Gatecrash Promos,PGTC,,,,2013,2013-01-26,,,10,scryfall
Magic: The Gathering,English,Avacyn Restored Promos,Avacyn Restored Promos,PAVR,,,,2013,2013-02-01,,,6,scryfall
Magic: The Gathering,English,Gatecrash,Gatecrash,GTC,,,,2013,2013-02-01,,,249,scryfall
Magic: The Gathering,English,Gatecrash Tokens,Gatecrash Tokens,TGTC,,,,2013,2013-02-01,,,8,scryfall
Magic: The Gathering,English,Duel Decks: Sorin vs. Tibalt,Duel Decks: Sorin vs. Tibalt,DDK,,,,2013,2013-03-15,,,80,scryfall
Magic: The Gathering,English,Duel Decks: Sorin vs. Tibalt Tokens,Duel Decks: Sorin vs. Tibalt Tokens,TDDK,,,,2013,2013-03-15,,,1,scryfall
Magic: The Gathering,English,Dragon's Maze Promos,Dragon's Maze Promos,PDGM,,,,2013,2013-04-27,,,6,scryfall
Magic: The Gathering,English,Dragon's Maze,Dragon's Maze,DGM,,,,2013,2013-05-03,,,156,scryfall
Magic: The Gathering,English,Dragon's Maze Tokens,Dragon's Maze Tokens,TDGM,,,,2013,2013-05-03,,,1,scryfall
Magic: The Gathering,English,Modern Masters,Modern Masters,MMA,,,,2013,2013-06-07,,,229,scryfall
Magic: The Gathering,English,Modern Masters Tokens,Modern Masters Tokens,TMMA,,,,2013,2013-06-07,,,16,scryfall
Magic: The Gathering,English,Magic 2014 Promos,Magic 2014 Promos,PM14,,,,2013,2013-07-18,,,6,scryfall
Magic: The Gathering,English,San Diego Comic-Con 2013,San Diego Comic-Con 2013,PSDC,,,,2013,2013-07-18,,,5,scryfall
Magic: The Gathering,English,Magic 2014,Magic 2014,M14,,,,2013,2013-07-19,,,249,scryfall
Magic: The Gathering,English,Magic 2014 Tokens,Magic 2014 Tokens,TM14,,,,2013,2013-07-19,,,13,scryfall
Magic: The Gathering,English,Magic 2013 Promos,Magic 2013 Promos,PM13,,,,2013,2013-08-01,,,6,scryfall
Magic: The Gathering,English,From the Vault: Twenty,From the Vault: Twenty,V13,,,,2013,2013-08-23,,,20,scryfall
Magic: The Gathering,English,Duel Decks: Heroes vs. Monsters,Duel Decks: Heroes vs. Monsters,DDL,,,,2013,2013-09-06,,,81,scryfall
Magic: The Gathering,English,Duel Decks: Heroes vs. Monsters Tokens,Duel Decks: Heroes vs. Monsters Tokens,TDDL,,,,2013,2013-09-06,,,2,scryfall
Magic: The Gathering,English,Theros Promos,Theros Promos,PTHS,,,,2013,2013-09-21,,,10,scryfall
Magic: The Gathering,English,Theros,Theros,THS,,,,2013,2013-09-27,,,249,scryfall
Magic: The Gathering,English,Theros Hero's Path,Theros Hero's Path,THP1,,,,2013,2013-09-27,,,3,scryfall
Magic: The Gathering,English,Theros Tokens,Theros Tokens,TTHS,,,,2013,2013-09-27,,,11,scryfall
Magic: The Gathering,English,Face the Hydra,Face the Hydra,TFTH,,,,2013,2013-10-19,,,15,scryfall
Magic: The Gathering,English,Commander 2013,Commander 2013,C13,,,,2013,2013-11-01,,,356,scryfall
Magic: The Gathering,English,Commander 2013 Oversized,Commander 2013 Oversized,OC13,,,,2013,2013-11-01,,,15,scryfall
Magic: The Gathering,English,Friday Night Magic 2014,Friday Night Magic 2014,F14,,,,2014,2014-01-01,,,12,scryfall
Magic: The Gathering,English,Judge Gift Cards 2014,Judge Gift Cards 2014,J14,,,,2014,2014-01-01,,,8,scryfall
Magic: The Gathering,English,League Tokens 2014,League Tokens 2014,L14,,,,2014,2014-01-01,,,4,scryfall
Magic: The Gathering,English,Born of the Gods Promos,Born of the Gods Promos,PBNG,,,,2014,2014-02-01,,,9,scryfall
Magic: The Gathering,English,Born of the Gods,Born of the Gods,BNG,,,,2014,2014-02-07,,,165,scryfall
Magic: The Gathering,English,Born of the Gods Hero's Path,Born of the Gods Hero's Path,THP2,,,,2014,2014-02-07,,,3,scryfall
Magic: The Gathering,English,Born of the Gods Tokens,Born of the Gods Tokens,TBNG,,,,2014,2014-02-07,,,11,scryfall
Magic: The Gathering,English,Battle the Horde,Battle the Horde,TBTH,,,,2014,2014-03-01,,,15,scryfall
Magic: The Gathering,English,Duel Decks: Jace vs. Vraska,Duel Decks: Jace vs. Vraska,DDM,,,,2014,2014-03-14,,,88,scryfall
Magic: The Gathering,English,Duel Decks: Jace vs. Vraska Tokens,Duel Decks: Jace vs. Vraska Tokens,TDDM,,,,2014,2014-03-14,,,1,scryfall
Magic: The Gathering,English,Journey into Nyx Promos,Journey into Nyx Promos,PJOU,,,,2014,2014-04-26,,,10,scryfall
Magic: The Gathering,English,Journey into Nyx,Journey into Nyx,JOU,,,,2014,2014-05-02,,,165,scryfall
Magic: The Gathering,English,Journey into Nyx Hero's Path,Journey into Nyx Hero's Path,THP3,,,,2014,2014-05-02,,,4,scryfall
Magic: The Gathering,English,Journey into Nyx Tokens,Journey into Nyx Tokens,TJOU,,,,2014,2014-05-02,,,6,scryfall
Magic: The Gathering,English,Defeat a God,Defeat a God,TDAG,,,,2014,2014-05-25,,,15,scryfall
Magic: The Gathering,English,Modern Event Deck 2014,Modern Event Deck 2014,MD1,,,,2014,2014-05-30,,,26,scryfall
Magic: The Gathering,English,Modern Event Deck 2014 Tokens,Modern Event Deck 2014 Tokens,TMD1,,,,2014,2014-05-30,,,4,scryfall
Magic: The Gathering,English,Conspiracy,Conspiracy,CNS,,,,2014,2014-06-06,,,210,scryfall
Magic: The Gathering,English,Conspiracy Promos,Conspiracy Promos,PCNS,,,,2014,2014-06-06,,,1,scryfall
Magic: The Gathering,English,Conspiracy Tokens,Conspiracy Tokens,TCNS,,,,2014,2014-06-06,,,9,scryfall
Magic: The Gathering,English,Vintage Masters,Vintage Masters,VMA,,,,2014,2014-06-16,,,325,scryfall
Magic: The Gathering,English,San Diego Comic-Con 2014,San Diego Comic-Con 2014,PS14,,,,2014,2014-07-08,,,6,scryfall
Magic: The Gathering,English,Duels of the Planeswalkers 2015 Promos,Duels of the Planeswalkers 2015 Promos,PDP15,,,,2014,2014-07-09,,,2,scryfall
Magic: The Gathering,English,M15 Prerelease Challenge,M15 Prerelease Challenge,PPC1,,,,2014,2014-07-12,,,2,scryfall
Magic: The Gathering,English,Magic 2015 Promos,Magic 2015 Promos,PM15,,,,2014,2014-07-17,,,13,scryfall
Magic: The Gathering,English,Magic 2015,Magic 2015,M15,,,,2014,2014-07-18,,,284,scryfall
Magic: The Gathering,English,Magic 2015 Clash Pack,Magic 2015 Clash Pack,CP1,,,,2014,2014-07-18,,,6,scryfall
Magic: The Gathering,English,Magic 2015 Tokens,Magic 2015 Tokens,TM15,,,,2014,2014-07-18,,,14,scryfall
Magic: The Gathering,English,From the Vault: Annihilation,From the Vault: Annihilation,V14,,,,2014,2014-08-22,,,15,scryfall
Magic: The Gathering,English,Duel Decks: Speed vs. Cunning,Duel Decks: Speed vs. Cunning,DDN,,,,2014,2014-09-05,,,82,scryfall
Magic: The Gathering,English,Khans of Tarkir,Khans of Tarkir,KTK,,,,2014,2014-09-26,,,269,scryfall
Magic: The Gathering,English,Khans of Tarkir Promos,Khans of Tarkir Promos,PKTK,,,,2014,2014-09-26,,,44,scryfall
Magic: The Gathering,English,Khans of Tarkir Tokens,Khans of Tarkir Tokens,TKTK,,,,2014,2014-09-26,,,13,scryfall
Magic: The Gathering,English,Commander 2014,Commander 2014,C14,,,,2014,2014-11-07,,,337,scryfall
Magic: The Gathering,English,Commander 2014 Oversized,Commander 2014 Oversized,OC14,,,,2014,2014-11-07,,,5,scryfall
Magic: The Gathering,English,Commander 2014 Tokens,Commander 2014 Tokens,TC14,,,,2014,2014-11-07,,,36,scryfall
Magic: The Gathering,English,Duel Decks Anthology: Divine vs. Demonic,Duel Decks Anthology: Divine vs. Demonic,DVD,,,,2014,2014-12-05,,,62,scryfall
Magic: The Gathering,English,Duel Decks Anthology: Divine vs. Demonic Tokens,Duel Decks Anthology: Divine vs. Demonic Tokens,TDVD,,,,2014,2014-12-05,,,3,scryfall
Magic: The Gathering,English,Duel Decks Anthology: Elves vs. Goblins,Duel Decks Anthology: Elves vs. Goblins,EVG,,,,2014,2014-12-05,,,62,scryfall
Magic: The Gathering,English,Duel Decks Anthology: Elves vs. Goblins Tokens,Duel Decks Anthology: Elves vs. Goblins Tokens,TEVG,,,,2014,2014-12-05,,,3,scryfall
Magic: The Gathering,English,Duel Decks Anthology: Garruk vs. Liliana,Duel Decks Anthology: Garruk vs. Liliana,GVL,,,,2014,2014-12-05,,,63,scryfall
Magic: The Gathering,English,Duel Decks Anthology: Garruk vs. Liliana Tokens,Duel Decks Anthology: Garruk vs. Liliana Tokens,TGVL,,,,2014,2014-12-05,,,4,scryfall
Magic: The Gathering,English,Duel Decks Anthology: Jace vs. Chandra,Duel Decks Anthology: Jace vs. Chandra,JVC,,,,2014,2014-12-05,,,62,scryfall
Magic: The Gathering,English,Duel Decks Anthology: Jace vs. Chandra Tokens,Duel Decks Anthology: Jace vs. Chandra Tokens,TJVC,,,,2014,2014-12-05,,,1,scryfall
Magic: The Gathering,English,Friday Night Magic 2015,Friday Night Magic 2015,F15,,,,2015,2015-01-01,,,12,scryfall
Magic: The Gathering,English,Grand Prix Promos,Grand Prix Promos,PGPX,,,,2015,2015-01-01,,,12,scryfall
Magic: The Gathering,English,Judge Gift Cards 2015,Judge Gift Cards 2015,J15,,,,2015,2015-01-01,,,8,scryfall
Magic: The Gathering,English,League Tokens 2015,League Tokens 2015,L15,,,,2015,2015-01-01,,,1,scryfall
Magic: The Gathering,English,Ugin's Fate,Ugin's Fate,UGIN,,,,2015,2015-01-17,,,26,scryfall
Magic: The Gathering,English,Fate Reforged,Fate Reforged,FRF,,,,2015,2015-01-23,,,185,scryfall
Magic: The Gathering,English,Fate Reforged Clash Pack,Fate Reforged Clash Pack,CP2,,,,2015,2015-01-23,,,6,scryfall
Magic: The Gathering,English,Fate Reforged Promos,Fate Reforged Promos,PFRF,,,,2015,2015-01-23,,,33,scryfall
Magic: The Gathering,English,Fate Reforged Tokens,Fate Reforged Tokens,TFRF,,,,2015,2015-01-23,,,4,scryfall
Magic: The Gathering,English,Duel Decks: Elspeth vs. Kiora,Duel Decks: Elspeth vs. Kiora,DDO,,,,2015,2015-02-27,,,67,scryfall
Magic: The Gathering,English,Dragons of Tarkir,Dragons of Tarkir,DTK,,,,2015,2015-03-27,,,264,scryfall
Magic: The Gathering,English,Dragons of Tarkir Promos,Dragons of Tarkir Promos,PDTK,,,,2015,2015-03-27,,,42,scryfall
Magic: The Gathering,English,Dragons of Tarkir Tokens,Dragons of Tarkir Tokens,TDTK,,,,2015,2015-03-27,,,8,scryfall
Magic: The Gathering,English,Tarkir Dragonfury,Tarkir Dragonfury,PTKDF,,,,2015,2015-04-03,,,4,scryfall
Magic: The Gathering,English,Tempest Remastered,Tempest Remastered,TPR,,,,2015,2015-05-06,,,269,scryfall
Magic: The Gathering,English,Modern Masters 2015,Modern Masters 2015,MM2,,,,2015,2015-05-22,,,249,scryfall
Magic: The Gathering,English,Modern Masters 2015 Tokens,Modern Masters 2015 Tokens,TMM2,,,,2015,2015-05-22,,,16,scryfall
Magic: The Gathering,English,San Diego Comic-Con 2015,San Diego Comic-Con 2015,PS15,,,,2015,2015-07-09,,,5,scryfall
Magic: The Gathering,English,Magic Origins,Magic Origins,ORI,,,,2015,2015-07-17,,,288,scryfall
Magic: The Gathering,English,Magic Origins Clash Pack,Magic Origins Clash Pack,CP3,,,,2015,2015-07-17,,,6,scryfall
Magic: The Gathering,English,Magic Origins Promos,Magic Origins Promos,PORI,,,,2015,2015-07-17,,,43,scryfall
Magic: The Gathering,English,Magic Origins Tokens,Magic Origins Tokens,TORI,,,,2015,2015-07-17,,,15,scryfall
Magic: The Gathering,English,From the Vault: Angels,From the Vault: Angels,V15,,,,2015,2015-08-21,,,15,scryfall
Magic: The Gathering,English,Duel Decks: Zendikar vs. Eldrazi,Duel Decks: Zendikar vs. Eldrazi,DDP,,,,2015,2015-08-28,,,80,scryfall
Magic: The Gathering,English,BFZ Standard Series,BFZ Standard Series,PSS1,,,,2015,2015-10-02,,,5,scryfall
Magic: The Gathering,English,Battle for Zendikar,Battle for Zendikar,BFZ,,,,2015,2015-10-02,,,274,scryfall
Magic: The Gathering,English,Battle for Zendikar Promos,Battle for Zendikar Promos,PBFZ,,,,2015,2015-10-02,,,70,scryfall
Magic: The Gathering,English,Battle for Zendikar Tokens,Battle for Zendikar Tokens,TBFZ,,,,2015,2015-10-02,,,14,scryfall
Magic: The Gathering,English,Commander 2015,Commander 2015,C15,,,,2015,2015-11-13,,,342,scryfall
Magic: The Gathering,English,Commander 2015 Oversized,Commander 2015 Oversized,OC15,,,,2015,2015-11-13,,,5,scryfall
Magic: The Gathering,English,Commander 2015 Tokens,Commander 2015 Tokens,TC15,,,,2015,2015-11-13,,,25,scryfall
Magic: The Gathering,English,Legendary Cube Prize Pack,Legendary Cube Prize Pack,PZ1,,,,2015,2015-11-18,,,149,scryfall
Magic: The Gathering,English,Judge Gift Cards 2016,Judge Gift Cards 2016,J16,,,,2016,2016-01-01,,,8,scryfall
Magic: The Gathering,English,League Tokens 2016,League Tokens 2016,L16,,,,2016,2016-01-01,,,1,scryfall
Magic: The Gathering,English,Oath of the Gatewatch,Oath of the Gatewatch,OGW,,,,2016,2016-01-22,,,184,scryfall
Magic: The Gathering,English,Oath of the Gatewatch Promos,Oath of the Gatewatch Promos,POGW,,,,2016,2016-01-22,,,55,scryfall
Magic: The Gathering,English,Oath of the Gatewatch Tokens,Oath of the Gatewatch Tokens,TOGW,,,,2016,2016-01-22,,,11,scryfall
Magic: The Gathering,English,Zendikar Expeditions,Zendikar Expeditions,EXP,,,,2016,2016-01-22,,,45,scryfall
Magic: The Gathering,English,Duel Decks: Blessed vs. Cursed,Duel Decks: Blessed vs. Cursed,DDQ,,,,2016,2016-02-26,,,80,scryfall
Magic: The Gathering,English,Shadows over Innistrad,Shadows over Innistrad,SOI,,,,2016,2016-04-08,,,302,scryfall
Magic: The Gathering,English,Shadows over Innistrad Promos,Shadows over Innistrad Promos,PSOI,,,,2016,2016-04-08,,,80,scryfall
Magic: The Gathering,English,Shadows over Innistrad Tokens,Shadows over Innistrad Tokens,TSOI,,,,2016,2016-04-08,,,20,scryfall
Magic: The Gathering,English,Welcome Deck 2016,Welcome Deck 2016,W16,,,,2016,2016-04-08,,,16,scryfall
Magic: The Gathering,English,Friday Night Magic 2016,Friday Night Magic 2016,F16,,,,2016,2016-04-15,,,12,scryfall
Magic: The Gathering,English,Eternal Masters,Eternal Masters,EMA,,,,2016,2016-06-10,,,249,scryfall
Magic: The Gathering,English,Eternal Masters Tokens,Eternal Masters Tokens,TEMA,,,,2016,2016-06-10,,,16,scryfall
Magic: The Gathering,English,World Magic Cup Qualifiers,World Magic Cup Qualifiers,WMC,,,,2016,2016-06-18,,,5,scryfall
Magic: The Gathering,English,Eldritch Moon,Eldritch Moon,EMN,,,,2016,2016-07-22,,,205,scryfall
Magic: The Gathering,English,Eldritch Moon Promos,Eldritch Moon Promos,PEMN,,,,2016,2016-07-22,,,63,scryfall
Magic: The Gathering,English,Eldritch Moon Tokens,Eldritch Moon Tokens,TEMN,,,,2016,2016-07-22,,,11,scryfall
Magic: The Gathering,English,From the Vault: Lore,From the Vault: Lore,V16,,,,2016,2016-08-19,,,16,scryfall
Magic: The Gathering,English,Conspiracy: Take the Crown,Conspiracy: Take the Crown,CN2,,,,2016,2016-08-26,,,222,scryfall
Magic: The Gathering,English,Conspiracy: Take the Crown Tokens,Conspiracy: Take the Crown Tokens,TCN2,,,,2016,2016-08-26,,,12,scryfall
Magic: The Gathering,English,Duel Decks: Nissa vs. Ob Nixilis,Duel Decks: Nissa vs. Ob Nixilis,DDR,,,,2016,2016-09-02,,,76,scryfall
Magic: The Gathering,English,Kaladesh,Kaladesh,KLD,,,,2016,2016-09-30,,,274,scryfall
Magic: The Gathering,English,Kaladesh Inventions,Kaladesh Inventions,MPS,,,,2016,2016-09-30,,,54,scryfall
Magic: The Gathering,English,Kaladesh Promos,Kaladesh Promos,PKLD,,,,2016,2016-09-30,,,70,scryfall
Magic: The Gathering,English,Kaladesh Tokens,Kaladesh Tokens,TKLD,,,,2016,2016-09-30,,,13,scryfall
Magic: The Gathering,English,San Diego Comic-Con 2016,San Diego Comic-Con 2016,PS16,,,,2016,2016-10-01,,,5,scryfall
Magic: The Gathering,English,Commander 2016,Commander 2016,C16,,,,2016,2016-11-11,,,351,scryfall
Magic: The Gathering,English,Commander 2016 Oversized,Commander 2016 Oversized,OC16,,,,2016,2016-11-11,,,5,scryfall
Magic: The Gathering,English,Commander 2016 Tokens,Commander 2016 Tokens,TC16,,,,2016,2016-11-11,,,21,scryfall
Magic: The Gathering,English,Planechase Anthology,Planechase Anthology,PCA,,,,2016,2016-11-25,,,156,scryfall
Magic: The Gathering,English,Planechase Anthology Planes,Planechase Anthology Planes,OPCA,,,,2016,2016-11-25,,,86,scryfall
Magic: The Gathering,English,Planechase Anthology Tokens,Planechase Anthology Tokens,TPCA,,,,2016,2016-11-25,,,19,scryfall
Magic: The Gathering,English,Friday Night Magic 2017,Friday Night Magic 2017,F17,,,,2017,2017-01-01,,,12,scryfall
Magic: The Gathering,English,Judge Gift Cards 2017,Judge Gift Cards 2017,J17,,,,2017,2017-01-01,,,9,scryfall
Magic: The Gathering,English,League Tokens 2017,League Tokens 2017,L17,,,,2017,2017-01-01,,,1,scryfall
Magic: The Gathering,English,Aether Revolt,Aether Revolt,AER,,,,2017,2017-01-20,,,194,scryfall
Magic: The Gathering,English,Aether Revolt Promos,Aether Revolt Promos,PAER,,,,2017,2017-01-20,,,55,scryfall
Magic: The Gathering,English,Aether Revolt Tokens,Aether Revolt Tokens,TAER,,,,2017,2017-01-20,,,4,scryfall
Magic: The Gathering,English,Modern Masters 2017,Modern Masters 2017,MM3,,,,2017,2017-03-17,,,249,scryfall
Magic: The Gathering,English,Modern Masters 2017 Tokens,Modern Masters 2017 Tokens,TMM3,,,,2017,2017-03-17,,,21,scryfall
Magic: The Gathering,English,Duel Decks: Mind vs. Might,Duel Decks: Mind vs. Might,DDS,,,,2017,2017-03-31,,,65,scryfall
Magic: The Gathering,English,Duel Decks: Mind vs. Might Tokens,Duel Decks: Mind vs. Might Tokens,TDDS,,,,2017,2017-03-31,,,7,scryfall
Magic: The Gathering,English,Welcome Deck 2017,Welcome Deck 2017,W17,,,,2017,2017-04-15,,,30,scryfall
Magic: The Gathering,English,Amonkhet,Amonkhet,AKH,,,,2017,2017-04-28,,,287,scryfall
Magic: The Gathering,English,Amonkhet Invocations,Amonkhet Invocations,MP2,,,,2017,2017-04-28,,,54,scryfall
Magic: The Gathering,English,Amonkhet Promos,Amonkhet Promos,PAKH,,,,2017,2017-04-28,,,69,scryfall
Magic: The Gathering,English,Amonkhet Tokens,Amonkhet Tokens,TAKH,,,,2017,2017-04-28,,,26,scryfall
Magic: The Gathering,English,Commander Anthology,Commander Anthology,CMA,,,,2017,2017-06-09,,,320,scryfall
Magic: The Gathering,English,Commander Anthology Tokens,Commander Anthology Tokens,TCMA,,,,2017,2017-06-09,,,20,scryfall
Magic: The Gathering,English,Archenemy: Nicol Bolas,Archenemy: Nicol Bolas,E01,,,,2017,2017-06-16,,,106,scryfall
Magic: The Gathering,English,Archenemy: Nicol Bolas Schemes,Archenemy: Nicol Bolas Schemes,OE01,,,,2017,2017-06-16,,,20,scryfall
Magic: The Gathering,English,Hour of Devastation,Hour of Devastation,HOU,,,,2017,2017-07-14,,,209,scryfall
Magic: The Gathering,English,Hour of Devastation Promos,Hour of Devastation Promos,PHOU,,,,2017,2017-07-14,,,55,scryfall
Magic: The Gathering,English,Hour of Devastation Tokens,Hour of Devastation Tokens,THOU,,,,2017,2017-07-14,,,13,scryfall
Magic: The Gathering,English,San Diego Comic-Con 2017,San Diego Comic-Con 2017,PS17,,,,2017,2017-07-20,,,6,scryfall
Magic: The Gathering,English,Commander 2017,Commander 2017,C17,,,,2017,2017-08-25,,,309,scryfall
Magic: The Gathering,English,Commander 2017 Oversized,Commander 2017 Oversized,OC17,,,,2017,2017-08-25,,,4,scryfall
Magic: The Gathering,English,Commander 2017 Tokens,Commander 2017 Tokens,TC17,,,,2017,2017-08-25,,,11,scryfall
Magic: The Gathering,English,Archenemy: Nicol Bolas Tokens,Archenemy: Nicol Bolas Tokens,TE01,,,,2017,2017-09-08,,,5,scryfall
Magic: The Gathering,English,2016 Heroes of the Realm,2016 Heroes of the Realm,PHTR,,,,2017,2017-09-20,,,3,scryfall
Magic: The Gathering,English,HasCon 2017,HasCon 2017,H17,,,,2017,2017-09-20,,,4,scryfall
Magic: The Gathering,English,Ixalan,Ixalan,XLN,,,,2017,2017-09-29,,,289,scryfall
Magic: The Gathering,English,Ixalan Promos,Ixalan Promos,PXLN,,,,2017,2017-09-29,,,80,scryfall
Magic: The Gathering,English,Ixalan Tokens,Ixalan Tokens,TXLN,,,,2017,2017-09-29,,,11,scryfall
Magic: The Gathering,English,XLN Standard Showdown,XLN Standard Showdown,PSS2,,,,2017,2017-09-29,,,5,scryfall
Magic: The Gathering,English,2017 Gift Pack,2017 Gift Pack,G17,,,,2017,2017-10-20,,,5,scryfall
Magic: The Gathering,English,Duel Decks: Merfolk vs. Goblins,Duel Decks: Merfolk vs. Goblins,DDT,,,,2017,2017-10-24,,,63,scryfall
Magic: The Gathering,English,Duel Decks: Merfolk vs. Goblins Tokens,Duel Decks: Merfolk vs. Goblins Tokens,TDDT,,,,2017,2017-10-24,,,3,scryfall
Magic: The Gathering,English,Iconic Masters,Iconic Masters,IMA,,,,2017,2017-11-17,,,249,scryfall
Magic: The Gathering,English,Explorers of Ixalan,Explorers of Ixalan,E02,,,,2017,2017-11-24,,,48,scryfall
Magic: The Gathering,English,From the Vault: Transform,From the Vault: Transform,V17,,,,2017,2017-11-24,,,15,scryfall
Magic: The Gathering,English,XLN Treasure Chest,XLN Treasure Chest,PXTC,,,,2017,2017-11-24,,,10,scryfall
Magic: The Gathering,English,Iconic Masters Tokens,Iconic Masters Tokens,TIMA,,,,2017,2017-11-29,,,7,scryfall
Magic: The Gathering,English,Unstable,Unstable,UST,,,,2017,2017-12-08,,,216,scryfall
Magic: The Gathering,English,Unstable Promos,Unstable Promos,PUST,,,,2017,2017-12-08,,,1,scryfall
Magic: The Gathering,English,Unstable Tokens,Unstable Tokens,TUST,,,,2017,2017-12-08,,,20,scryfall
Magic: The Gathering,English,Friday Night Magic 2018,Friday Night Magic 2018,F18,,,,2017,2017-12-27,,,3,scryfall
Magic: The Gathering,English,Judge Gift Cards 2018,Judge Gift Cards 2018,J18,,,,2018,2018-01-01,,,8,scryfall
Magic: The Gathering,English,Rivals of Ixalan,Rivals of Ixalan,RIX,,,,2018,2018-01-19,,,205,scryfall
Magic: The Gathering,English,Rivals of Ixalan Promos,Rivals of Ixalan Promos,PRIX,,,,2018,2018-01-19,,,63,scryfall
Magic: The Gathering,English,Rivals of Ixalan Tokens,Rivals of Ixalan Tokens,TRIX,,,,2018,2018-01-19,,,7,scryfall
Magic: The Gathering,English,Nationals Promos,Nationals Promos,PNAT,,,,2018,2018-01-25,,,1,scryfall
Magic: The Gathering,English,Lunar New Year 2018,Lunar New Year 2018,PLNY,,,,2018,2018-02-16,,,1,scryfall
Magic: The Gathering,English,Masters 25,Masters 25,A25,,,,2018,2018-03-16,,,249,scryfall
Magic: The Gathering,English,Masters 25 Tokens,Masters 25 Tokens,TA25,,,,2018,2018-03-16,,,15,scryfall
Magic: The Gathering,English,Duel Decks: Elves vs. Inventors,Duel Decks: Elves vs. Inventors,DDU,,,,2018,2018-04-06,,,76,scryfall
Magic: The Gathering,English,Duel Decks: Elves vs. Inventors Tokens,Duel Decks: Elves vs. Inventors Tokens,TDDU,,,,2018,2018-04-06,,,4,scryfall
Magic: The Gathering,English,Dominaria,Dominaria,DOM,,,,2018,2018-04-27,,,280,scryfall
Magic: The Gathering,English,Dominaria Promos,Dominaria Promos,PDOM,,,,2018,2018-04-27,,,92,scryfall
Magic: The Gathering,English,Dominaria Tokens,Dominaria Tokens,TDOM,,,,2018,2018-04-27,,,16,scryfall
Magic: The Gathering,English,Battlebond,Battlebond,BBD,,,,2018,2018-06-08,,,256,scryfall
Magic: The Gathering,English,Battlebond Promos,Battlebond Promos,PBBD,,,,2018,2018-06-08,,,22,scryfall
Magic: The Gathering,English,Battlebond Tokens,Battlebond Tokens,TBBD,,,,2018,2018-06-08,,,8,scryfall
Magic: The Gathering,English,Commander Anthology Volume II,Commander Anthology Volume II,CM2,,,,2018,2018-06-08,,,312,scryfall
Magic: The Gathering,English,Commander Anthology Volume II Tokens,Commander Anthology Volume II Tokens,TCM2,,,,2018,2018-06-08,,,19,scryfall
Magic: The Gathering,English,Signature Spellbook: Jace,Signature Spellbook: Jace,SS1,,,,2018,2018-06-15,,,8,scryfall
Magic: The Gathering,English,Global Series Jiang Yanggu & Mu Yanling,Global Series Jiang Yanggu & Mu Yanling,GS1,,,,2018,2018-06-22,,,41,scryfall
Magic: The Gathering,English,Core Set 2019,Core Set 2019,M19,,,,2018,2018-07-13,,,314,scryfall
Magic: The Gathering,English,Core Set 2019 Promos,Core Set 2019 Promos,PM19,,,,2018,2018-07-13,,,74,scryfall
Magic: The Gathering,English,Core Set 2019 Tokens,Core Set 2019 Tokens,TM19,,,,2018,2018-07-13,,,18,scryfall
Magic: The Gathering,English,M19 Standard Showdown,M19 Standard Showdown,PSS3,,,,2018,2018-07-13,,,5,scryfall
Magic: The Gathering,English,Arena New Player Experience,Arena New Player Experience,ANA,,,,2018,2018-07-14,,,40,scryfall
Magic: The Gathering,English,Arena New Player Experience Cards,Arena New Player Experience Cards,OANA,,,,2018,2018-07-14,,,14,scryfall
Magic: The Gathering,English,Arena New Player Experience Extras,Arena New Player Experience Extras,XANA,,,,2018,2018-07-14,,,20,scryfall
Magic: The Gathering,English,San Diego Comic-Con 2018,San Diego Comic-Con 2018,PS18,,,,2018,2018-07-19,,,5,scryfall
Magic: The Gathering,English,2017 Heroes of the Realm,2017 Heroes of the Realm,PH17,,,,2018,2018-08-01,,,3,scryfall
Magic: The Gathering,English,Commander 2018 Tokens,Commander 2018 Tokens,TC18,,,,2018,2018-08-09,,,26,scryfall
Magic: The Gathering,English,Commander 2018,Commander 2018,C18,,,,2018,2018-08-10,,,307,scryfall
Magic: The Gathering,English,Commander 2018 Oversized,Commander 2018 Oversized,OC18,,,,2018,2018-08-10,,,4,scryfall
Magic: The Gathering,English,Legacy Championship,Legacy Championship,OLGC,,,,2018,2018-08-19,,,13,scryfall
Magic: The Gathering,English,Guilds of Ravnica,Guilds of Ravnica,GRN,,,,2018,2018-10-05,,,273,scryfall
Magic: The Gathering,English,Guilds of Ravnica Promos,Guilds of Ravnica Promos,PGRN,,,,2018,2018-10-05,,,60,scryfall
Magic: The Gathering,English,Guilds of Ravnica Tokens,Guilds of Ravnica Tokens,TGRN,,,,2018,2018-10-05,,,8,scryfall
Magic: The Gathering,English,Mythic Edition Tokens,Mythic Edition Tokens,TMED,,,,2018,2018-10-05,,,16,scryfall
Magic: The Gathering,English,GRN Guild Kit,GRN Guild Kit,GK1,,,,2018,2018-11-02,,,127,scryfall
Magic: The Gathering,English,GRN Guild Kit Tokens,GRN Guild Kit Tokens,TGK1,,,,2018,2018-11-02,,,10,scryfall
Magic: The Gathering,English,GRN Ravnica Weekend,GRN Ravnica Weekend,PRWK,,,,2018,2018-11-09,,,10,scryfall
Magic: The Gathering,English,Game Night,Game Night,GNT,,,,2018,2018-11-16,,,68,scryfall
Magic: The Gathering,English,M19 Gift Pack,M19 Gift Pack,G18,,,,2018,2018-11-16,,,5,scryfall
Magic: The Gathering,English,Treasure Chest,Treasure Chest,PZ2,,,,2018,2018-12-06,,,282,scryfall
Magic: The Gathering,English,Ultimate Box Topper,Ultimate Box Topper,PUMA,,,,2018,2018-12-07,,,40,scryfall
Magic: The Gathering,English,Ultimate Masters,Ultimate Masters,UMA,,,,2018,2018-12-07,,,254,scryfall
Magic: The Gathering,English,Ultimate Masters Tokens,Ultimate Masters Tokens,TUMA,,,,2018,2018-12-07,,,16,scryfall
Magic: The Gathering,English,MagicFest 2019,MagicFest 2019,PF19,,,,2019,2019-01-01,,,7,scryfall
Magic: The Gathering,English,Ravnica Allegiance,Ravnica Allegiance,RNA,,,,2019,2019-01-25,,,273,scryfall
Magic: The Gathering,English,Ravnica Allegiance Promos,Ravnica Allegiance Promos,PRNA,,,,2019,2019-01-25,,,59,scryfall
Magic: The Gathering,English,Ravnica Allegiance Tokens,Ravnica Allegiance Tokens,TRNA,,,,2019,2019-01-25,,,13,scryfall
Magic: The Gathering,English,RNA Guild Kit,RNA Guild Kit,GK2,,,,2019,2019-02-15,,,133,scryfall
Magic: The Gathering,English,RNA Guild Kit Tokens,RNA Guild Kit Tokens,TGK2,,,,2019,2019-02-15,,,9,scryfall
Magic: The Gathering,English,RNA Ravnica Weekend,RNA Ravnica Weekend,PRW2,,,,2019,2019-02-16,,,10,scryfall
Magic: The Gathering,English,Judge Gift Cards 2019,Judge Gift Cards 2019,J19,,,,2019,2019-04-10,,,8,scryfall
Magic: The Gathering,English,Mythic Edition,Mythic Edition,MED,,,,2019,2019-05-03,,,24,scryfall
Magic: The Gathering,English,War of the Spark,War of the Spark,WAR,,,,2019,2019-05-03,,,276,scryfall
Magic: The Gathering,English,War of the Spark Promos,War of the Spark Promos,PWAR,,,,2019,2019-05-03,,,92,scryfall
Magic: The Gathering,English,War of the Spark Tokens,War of the Spark Tokens,TWAR,,,,2019,2019-05-03,,,19,scryfall
Magic: The Gathering,English,Modern Horizons Tokens,Modern Horizons Tokens,TMH1,,,,2019,2019-05-30,,,21,scryfall
Magic: The Gathering,English,Modern Horizons,Modern Horizons,MH1,,,,2019,2019-06-14,,,255,scryfall
Magic: The Gathering,English,Modern Horizons Art Series,Modern Horizons Art Series,AMH1,,,,2019,2019-06-14,,,54,scryfall
Magic: The Gathering,English,Signature Spellbook: Gideon,Signature Spellbook: Gideon,SS2,,,,2019,2019-06-28,,,8,scryfall
Magic: The Gathering,English,Core Set 2020,Core Set 2020,M20,,,,2019,2019-07-12,,,345,scryfall
Magic: The Gathering,English,Core Set 2020 Promos,Core Set 2020 Promos,PM20,,,,2019,2019-07-12,,,73,scryfall
Magic: The Gathering,English,Core Set 2020 Tokens,Core Set 2020 Tokens,TM20,,,,2019,2019-07-12,,,12,scryfall
Magic: The Gathering,English,M20 Promo Packs,M20 Promo Packs,PPP1,,,,2019,2019-07-12,,,5,scryfall
Magic: The Gathering,English,San Diego Comic-Con 2019,San Diego Comic-Con 2019,PS19,,,,2019,2019-07-18,,,5,scryfall
Magic: The Gathering,English,2018 Heroes of the Realm,2018 Heroes of the Realm,PH18,,,,2019,2019-08-01,,,4,scryfall
Magic: The Gathering,English,Commander 2019 Tokens,Commander 2019 Tokens,TC19,,,,2019,2019-08-01,,,29,scryfall
Magic: The Gathering,English,Commander 2019,Commander 2019,C19,,,,2019,2019-08-23,,,302,scryfall
Magic: The Gathering,English,Commander 2019 Oversized,Commander 2019 Oversized,OC19,,,,2019,2019-08-23,,,4,scryfall
Magic: The Gathering,English,Throne of Eldraine,Throne of Eldraine,ELD,,,,2019,2019-10-04,,,398,scryfall
Magic: The Gathering,English,Throne of Eldraine Promos,Throne of Eldraine Promos,PELD,,,,2019,2019-10-04,,,68,scryfall
Magic: The Gathering,English,Throne of Eldraine Tokens,Throne of Eldraine Tokens,TELD,,,,2019,2019-10-04,,,20,scryfall
Magic: The Gathering,English,Ponies: The Galloping,Ponies: The Galloping,PTG,,,,2019,2019-10-22,,,3,scryfall
Magic: The Gathering,English,Mystery Booster Playtest Cards 2019,Mystery Booster Playtest Cards 2019,CMB1,,,,2019,2019-11-07,,,121,scryfall
Magic: The Gathering,English,Game Night 2019,Game Night 2019,GN2,,,,2019,2019-11-15,,,64,scryfall
Magic: The Gathering,English,Game Night 2019 Tokens,Game Night 2019 Tokens,TGN2,,,,2019,2019-11-15,,,3,scryfall
Magic: The Gathering,English,Historic Anthology 1,Historic Anthology 1,HA1,,,,2019,2019-11-21,,,20,scryfall
Magic: The Gathering,English,Judge Gift Cards 2020,Judge Gift Cards 2020,J20,,,,2020,2020-01-01,,,10,scryfall
Magic: The Gathering,English,MagicFest 2020,MagicFest 2020,PF20,,,,2020,2020-01-01,,,6,scryfall
Magic: The Gathering,English,Theros Beyond Death,Theros Beyond Death,THB,,,,2020,2020-01-24,,,357,scryfall
Magic: The Gathering,English,Theros Beyond Death Promos,Theros Beyond Death Promos,PTHB,,,,2020,2020-01-24,,,68,scryfall
Magic: The Gathering,English,Theros Beyond Death Tokens,Theros Beyond Death Tokens,TTHB,,,,2020,2020-01-24,,,14,scryfall
Magic: The Gathering,English,World Championship Promos,World Championship Promos,PWOR,,,,2020,2020-02-14,,,2,scryfall
Magic: The Gathering,English,Unsanctioned,Unsanctioned,UND,,,,2020,2020-02-29,,,96,scryfall
Magic: The Gathering,English,Unsanctioned Tokens,Unsanctioned Tokens,TUND,,,,2020,2020-02-29,,,6,scryfall
Magic: The Gathering,English,Historic Anthology 2,Historic Anthology 2,HA2,,,,2020,2020-03-12,,,25,scryfall
Magic: The Gathering,English,Commander 2020,Commander 2020,C20,,,,2020,2020-04-17,,,322,scryfall
Magic: The Gathering,English,Commander 2020 Oversized,Commander 2020 Oversized,OC20,,,,2020,2020-04-17,,,5,scryfall
Magic: The Gathering,English,Commander 2020 Tokens,Commander 2020 Tokens,TC20,,,,2020,2020-04-17,,,20,scryfall
Magic: The Gathering,English,Ikoria: Lair of Behemoths,Ikoria: Lair of Behemoths,IKO,,,,2020,2020-04-24,,,385,scryfall
Magic: The Gathering,English,Ikoria: Lair of Behemoths Promos,Ikoria: Lair of Behemoths Promos,PIKO,,,,2020,2020-04-24,,,68,scryfall
Magic: The Gathering,English,Ikoria: Lair of Behemoths Tokens,Ikoria: Lair of Behemoths Tokens,TIKO,,,,2020,2020-04-24,,,14,scryfall
Magic: The Gathering,English,Love Your LGS 2020,Love Your LGS 2020,PLG20,,,,2020,2020-05-18,,,2,scryfall
Magic: The Gathering,English,Historic Anthology 3,Historic Anthology 3,HA3,,,,2020,2020-05-21,,,27,scryfall
Magic: The Gathering,English,Jumpstart Front Cards,Jumpstart Front Cards,FJMP,,,,2020,2020-06-18,,,46,scryfall
Magic: The Gathering,English,Signature Spellbook: Chandra,Signature Spellbook: Chandra,SS3,,,,2020,2020-06-26,,,8,scryfall
Magic: The Gathering,English,Core Set 2021,Core Set 2021,M21,,,,2020,2020-07-03,,,397,scryfall
Magic: The Gathering,English,Core Set 2021 Promos,Core Set 2021 Promos,PM21,,,,2020,2020-07-03,,,68,scryfall
Magic: The Gathering,English,Core Set 2021 Tokens,Core Set 2021 Tokens,TM21,,,,2020,2020-07-03,,,20,scryfall
Magic: The Gathering,English,Jumpstart,Jumpstart,JMP,,,,2020,2020-07-17,,,496,scryfall
Magic: The Gathering,English,Jumpstart Arena Exclusives,Jumpstart Arena Exclusives,AJMP,,,,2020,2020-07-17,,,18,scryfall
Magic: The Gathering,English,MTG Arena Promos,MTG Arena Promos,PANA,,,,2020,2020-07-17,,,83,scryfall
Magic: The Gathering,English,2019 Heroes of the Realm,2019 Heroes of the Realm,PH19,,,,2020,2020-08-01,,,7,scryfall
Magic: The Gathering,English,Double Masters,Double Masters,2XM,,,,2020,2020-08-07,,,384,scryfall
Magic: The Gathering,English,Double Masters Tokens,Double Masters Tokens,T2XM,,,,2020,2020-08-07,,,31,scryfall
Magic: The Gathering,English,Amonkhet Remastered,Amonkhet Remastered,AKR,,,,2020,2020-08-13,,,339,scryfall
Magic: The Gathering,English,Arena Beginner Set,Arena Beginner Set,ANB,,,,2020,2020-08-13,,,118,scryfall
Magic: The Gathering,English,Zendikar Rising,Zendikar Rising,ZNR,,,,2020,2020-09-25,,,406,scryfall
Magic: The Gathering,English,Zendikar Rising Art Series,Zendikar Rising Art Series,AZNR,,,,2020,2020-09-25,,,81,scryfall
Magic: The Gathering,English,Zendikar Rising Commander,Zendikar Rising Commander,ZNC,,,,2020,2020-09-25,,,142,scryfall
Magic: The Gathering,English,Zendikar Rising Commander Tokens,Zendikar Rising Commander Tokens,TZNC,,,,2020,2020-09-25,,,11,scryfall
Magic: The Gathering,English,Zendikar Rising Expeditions,Zendikar Rising Expeditions,ZNE,,,,2020,2020-09-25,,,30,scryfall
Magic: The Gathering,English,Zendikar Rising Minigames,Zendikar Rising Minigames,MZNR,,,,2020,2020-09-25,,,5,scryfall
Magic: The Gathering,English,Zendikar Rising Promos,Zendikar Rising Promos,PZNR,,,,2020,2020-09-25,,,84,scryfall
Magic: The Gathering,English,Zendikar Rising Substitute Cards,Zendikar Rising Substitute Cards,SZNR,,,,2020,2020-09-25,,,9,scryfall
Magic: The Gathering,English,Zendikar Rising Tokens,Zendikar Rising Tokens,TZNR,,,,2020,2020-09-25,,,12,scryfall
Magic: The Gathering,English,Kaladesh Remastered,Kaladesh Remastered,KLR,,,,2020,2020-11-12,,,302,scryfall
Magic: The Gathering,English,Commander Legends,Commander Legends,CMR,,,,2020,2020-11-20,,,718,scryfall
Magic: The Gathering,English,Commander Legends Tokens,Commander Legends Tokens,TCMR,,,,2020,2020-11-20,,,23,scryfall
Magic: The Gathering,English,Commander Collection: Green,Commander Collection: Green,CC1,,,,2020,2020-12-04,,,8,scryfall
Magic: The Gathering,English,Judge Gift Cards 2021,Judge Gift Cards 2021,PJ21,,,,2021,2021-01-01,,,10,scryfall
Magic: The Gathering,English,Kaldheim,Kaldheim,KHM,,,,2021,2021-02-05,,,424,scryfall
Magic: The Gathering,English,Kaldheim Art Series,Kaldheim Art Series,AKHM,,,,2021,2021-02-05,,,81,scryfall
Magic: The Gathering,English,Kaldheim Commander,Kaldheim Commander,KHC,,,,2021,2021-02-05,,,119,scryfall
Magic: The Gathering,English,Kaldheim Commander Tokens,Kaldheim Commander Tokens,TKHC,,,,2021,2021-02-05,,,8,scryfall
Magic: The Gathering,English,Kaldheim Minigames,Kaldheim Minigames,MKHM,,,,2021,2021-02-05,,,5,scryfall
Magic: The Gathering,English,Kaldheim Promos,Kaldheim Promos,PKHM,,,,2021,2021-02-05,,,87,scryfall
Magic: The Gathering,English,Kaldheim Substitute Cards,Kaldheim Substitute Cards,SKHM,,,,2021,2021-02-05,,,9,scryfall
Magic: The Gathering,English,Kaldheim Tokens,Kaldheim Tokens,TKHM,,,,2021,2021-02-05,,,23,scryfall
Magic: The Gathering,English,Secret Lair: Ultimate Edition,Secret Lair: Ultimate Edition,SLU,,,,2021,2021-03-05,,,16,scryfall
Magic: The Gathering,English,Historic Anthology 4,Historic Anthology 4,HA4,,,,2021,2021-03-11,,,25,scryfall
Magic: The Gathering,English,Time Spiral Remastered,Time Spiral Remastered,TSR,,,,2021,2021-03-19,,,411,scryfall
Magic: The Gathering,English,Time Spiral Remastered Tokens,Time Spiral Remastered Tokens,TTSR,,,,2021,2021-03-19,,,15,scryfall
Magic: The Gathering,English,Commander 2021,Commander 2021,C21,,,,2021,2021-04-23,,,409,scryfall
Magic: The Gathering,English,Commander 2021 Display Commanders,Commander 2021 Display Commanders,OC21,,,,2021,2021-04-23,,,5,scryfall
Magic: The Gathering,English,Commander 2021 Tokens,Commander 2021 Tokens,TC21,,,,2021,2021-04-23,,,30,scryfall
Magic: The Gathering,English,Strixhaven Art Series,Strixhaven Art Series,ASTX,,,,2021,2021-04-23,,,81,scryfall
Magic: The Gathering,English,Strixhaven Mystical Archive,Strixhaven Mystical Archive,STA,,,,2021,2021-04-23,,,63,scryfall
Magic: The Gathering,English,Strixhaven: School of Mages,Strixhaven: School of Mages,STX,,,,2021,2021-04-23,,,392,scryfall
Magic: The Gathering,English,Strixhaven: School of Mages Minigames,Strixhaven: School of Mages Minigames,MSTX,,,,2021,2021-04-23,,,5,scryfall
Magic: The Gathering,English,Strixhaven: School of Mages Promos,Strixhaven: School of Mages Promos,PSTX,,,,2021,2021-04-23,,,90,scryfall
Magic: The Gathering,English,Strixhaven: School of Mages Substitute Cards,Strixhaven: School of Mages Substitute Cards,SSTX,,,,2021,2021-04-23,,,9,scryfall
Magic: The Gathering,English,Strixhaven: School of Mages Tokens,Strixhaven: School of Mages Tokens,TSTX,,,,2021,2021-04-23,,,9,scryfall
Magic: The Gathering,English,Modern Horizons 2 Promos,Modern Horizons 2 Promos,PMH2,,,,2021,2021-05-06,,,80,scryfall
Magic: The Gathering,English,Historic Anthology 5,Historic Anthology 5,HA5,,,,2021,2021-05-27,,,25,scryfall
Magic: The Gathering,English,Modern Horizons 1 Timeshifts,Modern Horizons 1 Timeshifts,H1R,,,,2021,2021-06-18,,,40,scryfall
Magic: The Gathering,English,Modern Horizons 2,Modern Horizons 2,MH2,,,,2021,2021-06-18,,,493,scryfall
Magic: The Gathering,English,Modern Horizons 2 Art Series,Modern Horizons 2 Art Series,AMH2,,,,2021,2021-06-18,,,81,scryfall
Magic: The Gathering,English,Modern Horizons 2 Minigames,Modern Horizons 2 Minigames,MMH2,,,,2021,2021-06-18,,,5,scryfall
Magic: The Gathering,English,Modern Horizons 2 Tokens,Modern Horizons 2 Tokens,TMH2,,,,2021,2021-06-18,,,21,scryfall
Magic: The Gathering,English,Wizards Play Network 2021,Wizards Play Network 2021,PW21,,,,2021,2021-06-18,,,6,scryfall
Magic: The Gathering,English,Secret Lair Drop,Secret Lair Drop,SLD,,,,2021,2021-06-21,,,2518,scryfall
Magic: The Gathering,English,Adventures in the Forgotten Realms,Adventures in the Forgotten Realms,AFR,,,,2021,2021-07-23,,,424,scryfall
Magic: The Gathering,English,Adventures in the Forgotten Realms Art Series,Adventures in the Forgotten Realms Art Series,AAFR,,,,2021,2021-07-23,,,81,scryfall
Magic: The Gathering,English,Adventures in the Forgotten Realms Minigames,Adventures in the Forgotten Realms Minigames,MAFR,,,,2021,2021-07-23,,,5,scryfall
Magic: The Gathering,English,Adventures in the Forgotten Realms Promos,Adventures in the Forgotten Realms Promos,PAFR,,,,2021,2021-07-23,,,81,scryfall
Magic: The Gathering,English,Adventures in the Forgotten Realms Tokens,Adventures in the Forgotten Realms Tokens,TAFR,,,,2021,2021-07-23,,,22,scryfall
Magic: The Gathering,English,Forgotten Realms Commander,Forgotten Realms Commander,AFC,,,,2021,2021-07-23,,,331,scryfall
Magic: The Gathering,English,Forgotten Realms Commander Display Commanders,Forgotten Realms Commander Display Commanders,OAFC,,,,2021,2021-07-23,,,4,scryfall
Magic: The Gathering,English,Forgotten Realms Commander Tokens,Forgotten Realms Commander Tokens,TAFC,,,,2021,2021-07-23,,,13,scryfall
Magic: The Gathering,English,Forgotten Realms Oversized Cards,Forgotten Realms Oversized Cards,OAFR,,,,2021,2021-07-23,,,3,scryfall
Magic: The Gathering,English,2020 Heroes of the Realm,2020 Heroes of the Realm,PH20,,,,2021,2021-08-01,,,3,scryfall
Magic: The Gathering,English,Year of the Ox 2021,Year of the Ox 2021,PL21,,,,2021,2021-08-09,,,4,scryfall
Magic: The Gathering,English,Mystery Booster Playtest Cards 2021,Mystery Booster Playtest Cards 2021,CMB2,,,,2021,2021-08-20,,,121,scryfall
Magic: The Gathering,English,Modern Horizons Promos,Modern Horizons Promos,PMH1,,,,2021,2021-08-25,,,2,scryfall
Magic: The Gathering,English,Jumpstart: Historic Horizons,Jumpstart: Historic Horizons,J21,,,,2021,2021-08-26,,,389,scryfall
Magic: The Gathering,English,Innistrad: Midnight Hunt Minigames,Innistrad: Midnight Hunt Minigames,MMID,,,,2021,2021-09-24,,,3,scryfall
Magic: The Gathering,English,Innistrad: Midnight Hunt Promos,Innistrad: Midnight Hunt Promos,PMID,,,,2021,2021-09-24,,,84,scryfall
Magic: The Gathering,English,Innistrad: Midnight Hunt Substitute Cards,Innistrad: Midnight Hunt Substitute Cards,SMID,,,,2021,2021-09-24,,,9,scryfall
Magic: The Gathering,English,Innistrad: Midnight Hunt Tokens,Innistrad: Midnight Hunt Tokens,TMID,,,,2021,2021-09-24,,,19,scryfall
Magic: The Gathering,English,Midnight Hunt Art Series,Midnight Hunt Art Series,AMID,,,,2021,2021-09-24,,,81,scryfall
Magic: The Gathering,English,Midnight Hunt Commander,Midnight Hunt Commander,MIC,,,,2021,2021-09-24,,,187,scryfall
Magic: The Gathering,English,Midnight Hunt Commander Display Commanders,Midnight Hunt Commander Display Commanders,OMIC,,,,2021,2021-09-24,,,2,scryfall
Magic: The Gathering,English,Midnight Hunt Commander Tokens,Midnight Hunt Commander Tokens,TMIC,,,,2021,2021-09-24,,,11,scryfall
Magic: The Gathering,English,Pioneer Challenger Decks 2021,Pioneer Challenger Decks 2021,Q06,,,,2021,2021-10-15,,,10,scryfall
Magic: The Gathering,English,Crimson Vow Art Series,Crimson Vow Art Series,AVOW,,,,2021,2021-11-19,,,81,scryfall
Magic: The Gathering,English,Crimson Vow Commander,Crimson Vow Commander,VOC,,,,2021,2021-11-19,,,188,scryfall
Magic: The Gathering,English,Crimson Vow Commander Display Commanders,Crimson Vow Commander Display Commanders,OVOC,,,,2021,2021-11-19,,,2,scryfall
Magic: The Gathering,English,Crimson Vow Commander Tokens,Crimson Vow Commander Tokens,TVOC,,,,2021,2021-11-19,,,6,scryfall
Magic: The Gathering,English,Innistrad: Crimson Vow,Innistrad: Crimson Vow,VOW,,,,2021,2021-11-19,,,423,scryfall
Magic: The Gathering,English,Innistrad: Crimson Vow Minigames,Innistrad: Crimson Vow Minigames,MVOW,,,,2021,2021-11-19,,,3,scryfall
Magic: The Gathering,English,Innistrad: Crimson Vow Promos,Innistrad: Crimson Vow Promos,PVOW,,,,2021,2021-11-19,,,84,scryfall
Magic: The Gathering,English,Innistrad: Crimson Vow Substitute Cards,Innistrad: Crimson Vow Substitute Cards,SVOW,,,,2021,2021-11-19,,,9,scryfall
Magic: The Gathering,English,Innistrad: Crimson Vow Tokens,Innistrad: Crimson Vow Tokens,TVOW,,,,2021,2021-11-19,,,21,scryfall
Magic: The Gathering,English,Alchemy: Innistrad,Alchemy: Innistrad,YMID,,,,2021,2021-12-09,,,63,scryfall
Magic: The Gathering,English,Love Your LGS 2021,Love Your LGS 2021,PLG21,,,,2021,2021-12-18,,,6,scryfall
Magic: The Gathering,English,2021 Heroes of the Realm,2021 Heroes of the Realm,PH21,,,,2021,2021-12-25,,,4,scryfall
Magic: The Gathering,English,Commander Collection: Black,Commander Collection: Black,CC2,,,,2022,2022-01-28,,,9,scryfall
Magic: The Gathering,English,Innistrad: Double Feature,Innistrad: Double Feature,DBL,,,,2022,2022-01-28,,,535,scryfall
Magic: The Gathering,English,Kamigawa: Neon Dynasty,Kamigawa: Neon Dynasty,NEO,,,,2022,2022-02-18,,,517,scryfall
Magic: The Gathering,English,Kamigawa: Neon Dynasty Minigames,Kamigawa: Neon Dynasty Minigames,MNEO,,,,2022,2022-02-18,,,3,scryfall
Magic: The Gathering,English,Kamigawa: Neon Dynasty Promos,Kamigawa: Neon Dynasty Promos,PNEO,,,,2022,2022-02-18,,,78,scryfall
Magic: The Gathering,English,Kamigawa: Neon Dynasty Substitute Cards,Kamigawa: Neon Dynasty Substitute Cards,SNEO,,,,2022,2022-02-18,,,9,scryfall
Magic: The Gathering,English,Kamigawa: Neon Dynasty Tokens,Kamigawa: Neon Dynasty Tokens,TNEO,,,,2022,2022-02-18,,,19,scryfall
Magic: The Gathering,English,Neon Dynasty Art Series,Neon Dynasty Art Series,ANEO,,,,2022,2022-02-18,,,81,scryfall
Magic: The Gathering,English,Neon Dynasty Commander,Neon Dynasty Commander,NEC,,,,2022,2022-02-18,,,179,scryfall
Magic: The Gathering,English,Neon Dynasty Commander Tokens,Neon Dynasty Commander Tokens,TNEC,,,,2022,2022-02-18,,,12,scryfall
Magic: The Gathering,English,Innistrad: Midnight Hunt,Innistrad: Midnight Hunt,MID,,,,2022,2022-02-24,,,398,scryfall
Magic: The Gathering,English,Year of the Tiger 2022,Year of the Tiger 2022,PL22,,,,2022,2022-02-25,,,5,scryfall
Magic: The Gathering,English,Alchemy: Kamigawa,Alchemy: Kamigawa,YNEO,,,,2022,2022-03-17,,,30,scryfall
Magic: The Gathering,English,Challenger Decks 2022,Challenger Decks 2022,Q07,,,,2022,2022-04-01,,,1,scryfall
Magic: The Gathering,English,Game Day Promos,Game Day Promos,GDY,,,,2022,2022-04-08,,,9,scryfall
Magic: The Gathering,English,Magic Online Promos,Magic Online Promos,PRM,,,,2022,2022-04-13,,,3094,scryfall
Magic: The Gathering,English,New Capenna Art Series,New Capenna Art Series,ASNC,,,,2022,2022-04-29,,,81,scryfall
Magic: The Gathering,English,New Capenna Commander,New Capenna Commander,NCC,,,,2022,2022-04-29,,,447,scryfall
Magic: The Gathering,English,New Capenna Commander Promos,New Capenna Commander Promos,PNCC,,,,2022,2022-04-29,,,75,scryfall
Magic: The Gathering,English,New Capenna Commander Tokens,New Capenna Commander Tokens,TNCC,,,,2022,2022-04-29,,,36,scryfall
Magic: The Gathering,English,Streets of New Capenna,Streets of New Capenna,SNC,,,,2022,2022-04-29,,,502,scryfall
Magic: The Gathering,English,Streets of New Capenna Minigames,Streets of New Capenna Minigames,MSNC,,,,2022,2022-04-29,,,3,scryfall
Magic: The Gathering,English,Streets of New Capenna Promos,Streets of New Capenna Promos,PSNC,,,,2022,2022-04-29,,,80,scryfall
Magic: The Gathering,English,Streets of New Capenna Tokens,Streets of New Capenna Tokens,TSNC,,,,2022,2022-04-29,,,19,scryfall
Magic: The Gathering,English,The List,The List,PLST,,,,2022,2022-04-29,,,5115,scryfall
Magic: The Gathering,English,Wizards Play Network 2022,Wizards Play Network 2022,PW22,,,,2022,2022-04-29,,,4,scryfall
Magic: The Gathering,English,Streets of New Capenna Southeast Asia Tokens,Streets of New Capenna Southeast Asia Tokens,PTSNC,,,,2022,2022-04-30,,,6,scryfall
Magic: The Gathering,English,Alchemy: New Capenna,Alchemy: New Capenna,YSNC,,,,2022,2022-06-02,,,30,scryfall
Magic: The Gathering,English,Battle for Baldur's Gate Art Series,Battle for Baldur's Gate Art Series,ACLB,,,,2022,2022-06-10,,,81,scryfall
Magic: The Gathering,English,Battle for Baldur's Gate Oversized Cards,Battle for Baldur's Gate Oversized Cards,OCLB,,,,2022,2022-06-10,,,1,scryfall
Magic: The Gathering,English,Battle for Baldur's Gate Promos,Battle for Baldur's Gate Promos,PCLB,,,,2022,2022-06-10,,,99,scryfall
Magic: The Gathering,English,Battle for Baldur's Gate Tokens,Battle for Baldur's Gate Tokens,TCLB,,,,2022,2022-06-10,,,51,scryfall
Magic: The Gathering,English,Commander Legends: Battle for Baldur's Gate,Commander Legends: Battle for Baldur's Gate,CLB,,,,2022,2022-06-10,,,936,scryfall
Magic: The Gathering,English,Commander Legends: Battle for Baldur's Gate Minigames,Commander Legends: Battle for Baldur's Gate Minigames,MCLB,,,,2022,2022-06-10,,,3,scryfall
Magic: The Gathering,English,Love Your LGS 2022,Love Your LGS 2022,PLG22,,,,2022,2022-07-01,,,2,scryfall
Magic: The Gathering,English,Alchemy Horizons: Baldur's Gate,Alchemy Horizons: Baldur's Gate,HBG,,,,2022,2022-07-07,,,341,scryfall
Magic: The Gathering,English,Double Masters 2022,Double Masters 2022,2X2,,,,2022,2022-07-08,,,579,scryfall
Magic: The Gathering,English,Double Masters 2022 Tokens,Double Masters 2022 Tokens,T2X2,,,,2022,2022-07-08,,,24,scryfall
Magic: The Gathering,English,Judge Gift Cards 2022,Judge Gift Cards 2022,P22,,,,2022,2022-07-12,,,10,scryfall
Magic: The Gathering,English,Explorer Anthology 1,Explorer Anthology 1,EA1,,,,2022,2022-07-28,,,20,scryfall
Magic: The Gathering,English,Historic Anthology 6,Historic Anthology 6,HA6,,,,2022,2022-07-28,,,20,scryfall
Magic: The Gathering,English,Celebration Cards,Celebration Cards,PCEL,,,,2022,2022-08-16,,,9,scryfall
Magic: The Gathering,English,30th Anniversary Play Promos,30th Anniversary Play Promos,P30A,,,,2022,2022-09-02,,,23,scryfall
Magic: The Gathering,English,Dominaria United,Dominaria United,DMU,,,,2022,2022-09-09,,,451,scryfall
Magic: The Gathering,English,Dominaria United Art Series,Dominaria United Art Series,ADMU,,,,2022,2022-09-09,,,81,scryfall
Magic: The Gathering,English,Dominaria United Commander,Dominaria United Commander,DMC,,,,2022,2022-09-09,,,240,scryfall
Magic: The Gathering,English,Dominaria United Commander Tokens,Dominaria United Commander Tokens,TDMC,,,,2022,2022-09-09,,,12,scryfall
Magic: The Gathering,English,Dominaria United Jumpstart Front Cards,Dominaria United Jumpstart Front Cards,FDMU,,,,2022,2022-09-09,,,10,scryfall
Magic: The Gathering,English,Dominaria United Minigames,Dominaria United Minigames,MDMU,,,,2022,2022-09-09,,,3,scryfall
Magic: The Gathering,English,Dominaria United Promos,Dominaria United Promos,PDMU,,,,2022,2022-09-09,,,80,scryfall
Magic: The Gathering,English,Dominaria United Southeast Asia Tokens,Dominaria United Southeast Asia Tokens,PTDMU,,,,2022,2022-09-09,,,3,scryfall
Magic: The Gathering,English,Dominaria United Tokens,Dominaria United Tokens,TDMU,,,,2022,2022-09-09,,,26,scryfall
Magic: The Gathering,English,Alchemy: Dominaria,Alchemy: Dominaria,YDMU,,,,2022,2022-10-05,,,39,scryfall
Magic: The Gathering,English,The List (Unfinity Foil Edition),The List (Unfinity Foil Edition),ULST,,,,2022,2022-10-07,,,62,scryfall
Magic: The Gathering,English,Unfinity,Unfinity,UNF,,,,2022,2022-10-07,,,538,scryfall
Magic: The Gathering,English,Unfinity Sticker Sheets,Unfinity Sticker Sheets,SUNF,,,,2022,2022-10-07,,,48,scryfall
Magic: The Gathering,English,Unfinity Tokens,Unfinity Tokens,TUNF,,,,2022,2022-10-07,,,14,scryfall
Magic: The Gathering,English,"Warhammer 40,000 Commander","Warhammer 40,000 Commander",40K,,,,2022,2022-10-07,,,321,scryfall
Magic: The Gathering,English,"Warhammer 40,000 Tokens","Warhammer 40,000 Tokens",T40K,,,,2022,2022-10-07,,,23,scryfall
Magic: The Gathering,English,Game Night: Free-for-All,Game Night: Free-for-All,GN3,,,,2022,2022-10-14,,,135,scryfall
Magic: The Gathering,English,Game Night: Free-for-All Tokens,Game Night: Free-for-All Tokens,TGN3,,,,2022,2022-10-14,,,10,scryfall
Magic: The Gathering,English,Secret Lair Countdown,Secret Lair Countdown,SLC,,,,2022,2022-11-01,,,84,scryfall
Magic: The Gathering,English,The Brothers' War,The Brothers' War,BRO,,,,2022,2022-11-18,,,396,scryfall
Magic: The Gathering,English,The Brothers' War Art Series,The Brothers' War Art Series,ABRO,,,,2022,2022-11-18,,,81,scryfall
Magic: The Gathering,English,The Brothers' War Commander,The Brothers' War Commander,BRC,,,,2022,2022-11-18,,,209,scryfall
Magic: The Gathering,English,The Brothers' War Commander Tokens,The Brothers' War Commander Tokens,TBRC,,,,2022,2022-11-18,,,14,scryfall
Magic: The Gathering,English,The Brothers' War Jumpstart Front Cards,The Brothers' War Jumpstart Front Cards,FBRO,,,,2022,2022-11-18,,,5,scryfall
Magic: The Gathering,English,The Brothers' War Minigames,The Brothers' War Minigames,MBRO,,,,2022,2022-11-18,,,3,scryfall
Magic: The Gathering,English,The Brothers' War Promos,The Brothers' War Promos,PBRO,,,,2022,2022-11-18,,,88,scryfall
Magic: The Gathering,English,The Brothers' War Retro Artifacts,The Brothers' War Retro Artifacts,BRR,,,,2022,2022-11-18,,,126,scryfall
Magic: The Gathering,English,The Brothers' War Southeast Asia Tokens,The Brothers' War Southeast Asia Tokens,PTBRO,,,,2022,2022-11-18,,,3,scryfall
Magic: The Gathering,English,The Brothers' War Substitute Cards,The Brothers' War Substitute Cards,SBRO,,,,2022,2022-11-18,,,1,scryfall
Magic: The Gathering,English,The Brothers' War Tokens,The Brothers' War Tokens,TBRO,,,,2022,2022-11-18,,,12,scryfall
Magic: The Gathering,English,Transformers,Transformers,BOT,,,,2022,2022-11-18,,,29,scryfall
Magic: The Gathering,English,Transformers Tokens,Transformers Tokens,TBOT,,,,2022,2022-11-18,,,2,scryfall
Magic: The Gathering,English,30th Anniversary Edition,30th Anniversary Edition,30A,,,,2022,2022-11-28,,,594,scryfall
Magic: The Gathering,English,30th Anniversary Tokens,30th Anniversary Tokens,T30A,,,,2022,2022-11-28,,,16,scryfall
Magic: The Gathering,English,Jumpstart 2022,Jumpstart 2022,J22,,,,2022,2022-12-02,,,835,scryfall
Magic: The Gathering,English,Jumpstart 2022 Front Cards,Jumpstart 2022 Front Cards,FJ22,,,,2022,2022-12-02,,,46,scryfall
Magic: The Gathering,English,Starter Commander Deck Tokens,Starter Commander Deck Tokens,TSCD,,,,2022,2022-12-02,,,27,scryfall
Magic: The Gathering,English,Starter Commander Decks,Starter Commander Decks,SCD,,,,2022,2022-12-02,,,352,scryfall
Magic: The Gathering,English,Alchemy: The Brothers' War,Alchemy: The Brothers' War,YBRO,,,,2022,2022-12-13,,,31,scryfall
Magic: The Gathering,English,Explorer Anthology 2,Explorer Anthology 2,EA2,,,,2022,2022-12-13,,,25,scryfall
Magic: The Gathering,English,Judge Gift Cards 2023,Judge Gift Cards 2023,P23,,,,2023,2023-01-01,,,10,scryfall
Magic: The Gathering,English,Regional Championship Qualifiers 2023,Regional Championship Qualifiers 2023,PR23,,,,2023,2023-01-07,,,3,scryfall
Magic: The Gathering,English,Dominaria Remastered,Dominaria Remastered,DMR,,,,2023,2023-01-13,,,457,scryfall
Magic: The Gathering,English,Dominaria Remastered Tokens,Dominaria Remastered Tokens,TDMR,,,,2023,2023-01-13,,,14,scryfall
Magic: The Gathering,English,Phyrexia: All Will Be One Commander Tokens,Phyrexia: All Will Be One Commander Tokens,TONC,,,,2023,2023-02-03,,,23,scryfall
Magic: The Gathering,English,Phyrexia: All Will Be One Tokens,Phyrexia: All Will Be One Tokens,TONE,,,,2023,2023-02-03,,,14,scryfall
Magic: The Gathering,English,Phyrexia: All Will Be One,Phyrexia: All Will Be One,ONE,,,,2023,2023-02-10,,,456,scryfall
Magic: The Gathering,English,Phyrexia: All Will Be One Art Series,Phyrexia: All Will Be One Art Series,AONE,,,,2023,2023-02-10,,,81,scryfall
Magic: The Gathering,English,Phyrexia: All Will Be One Commander,Phyrexia: All Will Be One Commander,ONC,,,,2023,2023-02-10,,,174,scryfall
Magic: The Gathering,English,Phyrexia: All Will Be One Jumpstart Front Cards,Phyrexia: All Will Be One Jumpstart Front Cards,FONE,,,,2023,2023-02-10,,,5,scryfall
Magic: The Gathering,English,Phyrexia: All Will Be One Minigames,Phyrexia: All Will Be One Minigames,MONE,,,,2023,2023-02-10,,,5,scryfall
Magic: The Gathering,English,Phyrexia: All Will Be One Promos,Phyrexia: All Will Be One Promos,PONE,,,,2023,2023-02-10,,,80,scryfall
Magic: The Gathering,English,Universes Within,Universes Within,SLX,,,,2023,2023-02-10,,,30,scryfall
Magic: The Gathering,English,Year of the Rabbit 2023,Year of the Rabbit 2023,PL23,,,,2023,2023-02-10,,,6,scryfall
Magic: The Gathering,English,Regional Championship Qualifiers 2022,Regional Championship Qualifiers 2022,PRCQ,,,,2023,2023-02-25,,,3,scryfall
Magic: The Gathering,English,Alchemy: Phyrexia,Alchemy: Phyrexia,YONE,,,,2023,2023-02-28,,,30,scryfall
Magic: The Gathering,English,30th Anniversary History Promos,30th Anniversary History Promos,P30H,,,,2023,2023-03-21,,,5,scryfall
Magic: The Gathering,English,Shadows of the Past,Shadows of the Past,SIS,,,,2023,2023-03-21,,,76,scryfall
Magic: The Gathering,English,Shadows over Innistrad Remastered,Shadows over Innistrad Remastered,SIR,,,,2023,2023-03-21,,,291,scryfall
Magic: The Gathering,English,March of the Machine,March of the Machine,MOM,,,,2023,2023-04-21,,,387,scryfall
Magic: The Gathering,English,March of the Machine Art Series,March of the Machine Art Series,AMOM,,,,2023,2023-04-21,,,81,scryfall
Magic: The Gathering,English,March of the Machine Commander,March of the Machine Commander,MOC,,,,2023,2023-04-21,,,450,scryfall
Magic: The Gathering,English,March of the Machine Commander Tokens,March of the Machine Commander Tokens,TMOC,,,,2023,2023-04-21,,,46,scryfall
Magic: The Gathering,English,March of the Machine Jumpstart Front Cards,March of the Machine Jumpstart Front Cards,FMOM,,,,2023,2023-04-21,,,5,scryfall
Magic: The Gathering,English,March of the Machine Promos,March of the Machine Promos,PMOM,,,,2023,2023-04-21,,,80,scryfall
Magic: The Gathering,English,March of the Machine Substitute Cards,March of the Machine Substitute Cards,SMOM,,,,2023,2023-04-21,,,1,scryfall
Magic: The Gathering,English,March of the Machine Tokens,March of the Machine Tokens,TMOM,,,,2023,2023-04-21,,,23,scryfall
Magic: The Gathering,English,Multiverse Legends,Multiverse Legends,MUL,,,,2023,2023-04-21,,,196,scryfall
Magic: The Gathering,English,Multiverse Legends Tokens,Multiverse Legends Tokens,TMUL,,,,2023,2023-04-21,,,2,scryfall
Magic: The Gathering,English,March of the Machine: The Aftermath,March of the Machine: The Aftermath,MAT,,,,2023,2023-05-12,,,230,scryfall
Magic: The Gathering,English,30th Anniversary Misc Promos,30th Anniversary Misc Promos,P30M,,,,2023,2023-06-15,,,3,scryfall
Magic: The Gathering,English,Tales of Middle-earth Art Series,Tales of Middle-earth Art Series,ALTR,,,,2023,2023-06-23,,,81,scryfall
Magic: The Gathering,English,Tales of Middle-earth Commander,Tales of Middle-earth Commander,LTC,,,,2023,2023-06-23,,,555,scryfall
Magic: The Gathering,English,Tales of Middle-earth Commander Tokens,Tales of Middle-earth Commander Tokens,TLTC,,,,2023,2023-06-23,,,15,scryfall
Magic: The Gathering,English,Tales of Middle-earth Front Cards,Tales of Middle-earth Front Cards,FLTR,,,,2023,2023-06-23,,,10,scryfall
Magic: The Gathering,English,Tales of Middle-earth Promos,Tales of Middle-earth Promos,PLTR,,,,2023,2023-06-23,,,86,scryfall
Magic: The Gathering,English,Tales of Middle-earth Tokens,Tales of Middle-earth Tokens,TLTR,,,,2023,2023-06-23,,,25,scryfall
Magic: The Gathering,English,The Lord of the Rings: Tales of Middle-earth,The Lord of the Rings: Tales of Middle-earth,LTR,,,,2023,2023-06-23,,,835,scryfall
Magic: The Gathering,English,The Lord of the Rings: Tales of Middle-earth Minigames,The Lord of the Rings: Tales of Middle-earth Minigames,MLTR,,,,2023,2023-06-23,,,1,scryfall
Magic: The Gathering,English,MagicFest 2023,MagicFest 2023,PF23,,,,2023,2023-07-01,,,4,scryfall
Magic: The Gathering,English,Explorer Anthology 3,Explorer Anthology 3,EA3,,,,2023,2023-07-18,,,25,scryfall
Magic: The Gathering,English,Historic Anthology 7,Historic Anthology 7,HA7,,,,2023,2023-07-18,,,25,scryfall
Magic: The Gathering,English,2022 Heroes of the Realm,2022 Heroes of the Realm,PH22,,,,2023,2023-08-01,,,5,scryfall
Magic: The Gathering,English,Commander Masters,Commander Masters,CMM,,,,2023,2023-08-04,,,1067,scryfall
Magic: The Gathering,English,Commander Masters Art Series,Commander Masters Art Series,ACMM,,,,2023,2023-08-04,,,81,scryfall
Magic: The Gathering,English,Commander Masters Tokens,Commander Masters Tokens,TCMM,,,,2023,2023-08-04,,,81,scryfall
Magic: The Gathering,English,Wilds of Eldraine,Wilds of Eldraine,WOE,,,,2023,2023-09-08,,,381,scryfall
Magic: The Gathering,English,Wilds of Eldraine Art Series,Wilds of Eldraine Art Series,AWOE,,,,2023,2023-09-08,,,81,scryfall
Magic: The Gathering,English,Wilds of Eldraine Commander,Wilds of Eldraine Commander,WOC,,,,2023,2023-09-08,,,173,scryfall
Magic: The Gathering,English,Wilds of Eldraine Commander Tokens,Wilds of Eldraine Commander Tokens,TWOC,,,,2023,2023-09-08,,,10,scryfall
Magic: The Gathering,English,Wilds of Eldraine Promos,Wilds of Eldraine Promos,PWOE,,,,2023,2023-09-08,,,80,scryfall
Magic: The Gathering,English,Wilds of Eldraine Tokens,Wilds of Eldraine Tokens,TWOE,,,,2023,2023-09-08,,,18,scryfall
Magic: The Gathering,English,Wilds of Eldraine: Enchanting Tales,Wilds of Eldraine: Enchanting Tales,WOT,,,,2023,2023-09-08,,,103,scryfall
Magic: The Gathering,English,Wizards Play Network 2023,Wizards Play Network 2023,PW23,,,,2023,2023-09-08,,,9,scryfall
Magic: The Gathering,English,Alchemy: Wilds of Eldraine,Alchemy: Wilds of Eldraine,YWOE,,,,2023,2023-10-10,,,30,scryfall
Magic: The Gathering,English,Doctor Who,Doctor Who,WHO,,,,2023,2023-10-13,,,1165,scryfall
Magic: The Gathering,English,Doctor Who Tokens,Doctor Who Tokens,TWHO,,,,2023,2023-10-13,,,64,scryfall
Magic: The Gathering,English,Tales of Middle-earth Scene Box,Tales of Middle-earth Scene Box,ALTC,,,,2023,2023-11-04,,,24,scryfall
Magic: The Gathering,English,Jurassic World Collection,Jurassic World Collection,REX,,,,2023,2023-11-17,,,45,scryfall
Magic: The Gathering,English,Jurassic World Collection Tokens,Jurassic World Collection Tokens,TREX,,,,2023,2023-11-17,,,2,scryfall
Magic: The Gathering,English,The Lost Caverns of Ixalan,The Lost Caverns of Ixalan,LCI,,,,2023,2023-11-17,,,411,scryfall
Magic: The Gathering,English,The Lost Caverns of Ixalan Art Series,The Lost Caverns of Ixalan Art Series,ALCI,,,,2023,2023-11-17,,,81,scryfall
Magic: The Gathering,English,The Lost Caverns of Ixalan Commander,The Lost Caverns of Ixalan Commander,LCC,,,,2023,2023-11-17,,,370,scryfall
Magic: The Gathering,English,The Lost Caverns of Ixalan Commander Tokens,The Lost Caverns of Ixalan Commander Tokens,TLCC,,,,2023,2023-11-17,,,18,scryfall
Magic: The Gathering,English,The Lost Caverns of Ixalan Promos,The Lost Caverns of Ixalan Promos,PLCI,,,,2023,2023-11-17,,,68,scryfall
Magic: The Gathering,English,The Lost Caverns of Ixalan Substitute Cards,The Lost Caverns of Ixalan Substitute Cards,SLCI,,,,2023,2023-11-17,,,1,scryfall
Magic: The Gathering,English,The Lost Caverns of Ixalan Tokens,The Lost Caverns of Ixalan Tokens,TLCI,,,,2023,2023-11-17,,,19,scryfall
Magic: The Gathering,English,Alchemy: Ixalan,Alchemy: Ixalan,YLCI,,,,2023,2023-12-05,,,30,scryfall
Magic: The Gathering,English,Wizards Play Network 2024,Wizards Play Network 2024,PW24,,,,2024,2024-01-01,,,18,scryfall
Magic: The Gathering,English,Ravnica Remastered,Ravnica Remastered,RVR,,,,2024,2024-01-12,,,467,scryfall
Magic: The Gathering,English,Ravnica Remastered Tokens,Ravnica Remastered Tokens,TRVR,,,,2024,2024-01-12,,,20,scryfall
Magic: The Gathering,English,Year of the Dragon 2024,Year of the Dragon 2024,PL24,,,,2024,2024-02-08,,,7,scryfall
Magic: The Gathering,English,Commander Legends Promos,Commander Legends Promos,PCMR,,,,2024,2024-02-09,,,6,scryfall
Magic: The Gathering,English,March of the Machine: The Aftermath Promos,March of the Machine: The Aftermath Promos,PMAT,,,,2024,2024-02-09,,,8,scryfall
Magic: The Gathering,English,Murders at Karlov Manor,Murders at Karlov Manor,MKM,,,,2024,2024-02-09,,,433,scryfall
Magic: The Gathering,English,Murders at Karlov Manor Art Series,Murders at Karlov Manor Art Series,AMKM,,,,2024,2024-02-09,,,49,scryfall
Magic: The Gathering,English,Murders at Karlov Manor Commander,Murders at Karlov Manor Commander,MKC,,,,2024,2024-02-09,,,358,scryfall
Magic: The Gathering,English,Murders at Karlov Manor Commander Tokens,Murders at Karlov Manor Commander Tokens,TMKC,,,,2024,2024-02-09,,,31,scryfall
Magic: The Gathering,English,Murders at Karlov Manor Promos,Murders at Karlov Manor Promos,PMKM,,,,2024,2024-02-09,,,90,scryfall
Magic: The Gathering,English,Murders at Karlov Manor Tokens,Murders at Karlov Manor Tokens,TMKM,,,,2024,2024-02-09,,,22,scryfall
Magic: The Gathering,English,Time Spiral Remastered Promos,Time Spiral Remastered Promos,PTSR,,,,2024,2024-02-09,,,3,scryfall
Magic: The Gathering,English,MKM Standard Showdown,MKM Standard Showdown,PSS4,,,,2024,2024-02-10,,,5,scryfall
Magic: The Gathering,English,MagicFest 2024,MagicFest 2024,PF24,,,,2024,2024-02-23,,,2,scryfall
Magic: The Gathering,English,Ravnica: Clue Edition,Ravnica: Clue Edition,CLU,,,,2024,2024-02-23,,,284,scryfall
Magic: The Gathering,English,Ravnica: Clue Edition Front Cards,Ravnica: Clue Edition Front Cards,FCLU,,,,2024,2024-02-23,,,10,scryfall
Magic: The Gathering,English,Alchemy: Murders at Karlov Manor,Alchemy: Murders at Karlov Manor,YMKM,,,,2024,2024-03-05,,,30,scryfall
Magic: The Gathering,English,Fallout,Fallout,PIP,,,,2024,2024-03-08,,,1068,scryfall
Magic: The Gathering,English,Fallout Tokens,Fallout Tokens,TPIP,,,,2024,2024-03-08,,,22,scryfall
Magic: The Gathering,English,Breaking News,Breaking News,OTP,,,,2024,2024-04-19,,,80,scryfall
Magic: The Gathering,English,Breaking News Tokens,Breaking News Tokens,TOTP,,,,2024,2024-04-19,,,5,scryfall
Magic: The Gathering,English,Outlaws of Thunder Junction,Outlaws of Thunder Junction,OTJ,,,,2024,2024-04-19,,,374,scryfall
Magic: The Gathering,English,Outlaws of Thunder Junction Art Series,Outlaws of Thunder Junction Art Series,AOTJ,,,,2024,2024-04-19,,,54,scryfall
Magic: The Gathering,English,Outlaws of Thunder Junction Commander,Outlaws of Thunder Junction Commander,OTC,,,,2024,2024-04-19,,,342,scryfall
Magic: The Gathering,English,Outlaws of Thunder Junction Commander Tokens,Outlaws of Thunder Junction Commander Tokens,TOTC,,,,2024,2024-04-19,,,41,scryfall
Magic: The Gathering,English,Outlaws of Thunder Junction Promos,Outlaws of Thunder Junction Promos,POTJ,,,,2024,2024-04-19,,,80,scryfall
Magic: The Gathering,English,Outlaws of Thunder Junction Tokens,Outlaws of Thunder Junction Tokens,TOTJ,,,,2024,2024-04-19,,,19,scryfall
Magic: The Gathering,English,The Big Score,The Big Score,BIG,,,,2024,2024-04-19,,,95,scryfall
Magic: The Gathering,English,The Big Score Tokens,The Big Score Tokens,TBIG,,,,2024,2024-04-19,,,7,scryfall
Magic: The Gathering,English,Alchemy: Outlaws of Thunder Junction,Alchemy: Outlaws of Thunder Junction,YOTJ,,,,2024,2024-05-07,,,30,scryfall
Magic: The Gathering,English,Modern Horizons 2 Timeshifts,Modern Horizons 2 Timeshifts,H2R,,,,2024,2024-06-14,,,16,scryfall
Magic: The Gathering,English,Modern Horizons 3,Modern Horizons 3,MH3,,,,2024,2024-06-14,,,525,scryfall
Magic: The Gathering,English,Modern Horizons 3 Art Series,Modern Horizons 3 Art Series,AMH3,,,,2024,2024-06-14,,,54,scryfall
Magic: The Gathering,English,Modern Horizons 3 Commander,Modern Horizons 3 Commander,M3C,,,,2024,2024-06-14,,,398,scryfall
Magic: The Gathering,English,Modern Horizons 3 Commander Tokens,Modern Horizons 3 Commander Tokens,TM3C,,,,2024,2024-06-14,,,28,scryfall
Magic: The Gathering,English,Modern Horizons 3 Promos,Modern Horizons 3 Promos,PMH3,,,,2024,2024-06-14,,,81,scryfall
Magic: The Gathering,English,Modern Horizons 3 Substitute Cards,Modern Horizons 3 Substitute Cards,SMH3,,,,2024,2024-06-14,,,1,scryfall
Magic: The Gathering,English,Modern Horizons 3 Tokens,Modern Horizons 3 Tokens,TMH3,,,,2024,2024-06-14,,,43,scryfall
Magic: The Gathering,English,Assassin's Creed,Assassin's Creed,ACR,,,,2024,2024-07-05,,,305,scryfall
Magic: The Gathering,English,Assassin's Creed Art Series,Assassin's Creed Art Series,AACR,,,,2024,2024-07-05,,,20,scryfall
Magic: The Gathering,English,Assassin's Creed Minigames,Assassin's Creed Minigames,MACR,,,,2024,2024-07-05,,,3,scryfall
Magic: The Gathering,English,Assassin's Creed Tokens,Assassin's Creed Tokens,TACR,,,,2024,2024-07-05,,,8,scryfall
Magic: The Gathering,English,Love Your LGS 2024,Love Your LGS 2024,PLG24,,,,2024,2024-07-05,,,1,scryfall
Magic: The Gathering,English,Bloomburrow,Bloomburrow,BLB,,,,2024,2024-08-02,,,398,scryfall
Magic: The Gathering,English,Bloomburrow Art Series,Bloomburrow Art Series,ABLB,,,,2024,2024-08-02,,,54,scryfall
Magic: The Gathering,English,Bloomburrow Commander,Bloomburrow Commander,BLC,,,,2024,2024-08-02,,,356,scryfall
Magic: The Gathering,English,Bloomburrow Commander Tokens,Bloomburrow Commander Tokens,TBLC,,,,2024,2024-08-02,,,41,scryfall
Magic: The Gathering,English,Bloomburrow Promos,Bloomburrow Promos,PBLB,,,,2024,2024-08-02,,,80,scryfall
Magic: The Gathering,English,Bloomburrow Tokens,Bloomburrow Tokens,TBLB,,,,2024,2024-08-02,,,30,scryfall
Magic: The Gathering,English,Mystery Booster 2,Mystery Booster 2,MB2,,,,2024,2024-08-02,,,385,scryfall
Magic: The Gathering,English,Special Guests,Special Guests,SPG,,,,2024,2024-08-02,,,158,scryfall
Magic: The Gathering,English,Unknown Event,Unknown Event,UNK,,,,2024,2024-08-03,,,208,scryfall
Magic: The Gathering,English,Alchemy: Bloomburrow,Alchemy: Bloomburrow,YBLB,,,,2024,2024-08-20,,,30,scryfall
Magic: The Gathering,English,Cowboy Bebop,Cowboy Bebop,PCBB,,,,2024,2024-09-27,,,5,scryfall
Magic: The Gathering,English,Duskmourn Commander Tokens,Duskmourn Commander Tokens,TDSC,,,,2024,2024-09-27,,,23,scryfall
Magic: The Gathering,English,Duskmourn: House of Horror,Duskmourn: House of Horror,DSK,,,,2024,2024-09-27,,,419,scryfall
Magic: The Gathering,English,Duskmourn: House of Horror Art Series,Duskmourn: House of Horror Art Series,ADSK,,,,2024,2024-09-27,,,54,scryfall
Magic: The Gathering,English,Duskmourn: House of Horror Commander,Duskmourn: House of Horror Commander,DSC,,,,2024,2024-09-27,,,373,scryfall
Magic: The Gathering,English,Duskmourn: House of Horror Promos,Duskmourn: House of Horror Promos,PDSK,,,,2024,2024-09-27,,,80,scryfall
Magic: The Gathering,English,Duskmourn: House of Horror Tokens,Duskmourn: House of Horror Tokens,TDSK,,,,2024,2024-09-27,,,19,scryfall
Magic: The Gathering,English,Eternal Weekend,Eternal Weekend,PEWK,,,,2024,2024-10-12,,,5,scryfall
Magic: The Gathering,English,Alchemy: Duskmourn,Alchemy: Duskmourn,YDSK,,,,2024,2024-10-15,,,30,scryfall
Magic: The Gathering,English,Tales of Middle-earth Deluxe Commander Kit,Tales of Middle-earth Deluxe Commander Kit,PLTC,,,,2024,2024-10-16,,,4,scryfall
Magic: The Gathering,English,Black Lotus Unknown Planechase,Black Lotus Unknown Planechase,PUNK,,,,2024,2024-10-25,,,46,scryfall
Magic: The Gathering,English,Foundations,Foundations,FDN,,,,2024,2024-11-15,,,771,scryfall
Magic: The Gathering,English,Foundations Art Series,Foundations Art Series,AFDN,,,,2024,2024-11-15,,,54,scryfall
Magic: The Gathering,English,Foundations Commander,Foundations Commander,FDC,,,,2024,2024-11-15,,,3,scryfall
Magic: The Gathering,English,Foundations Front Cards,Foundations Front Cards,FFDN,,,,2024,2024-11-15,,,10,scryfall
Magic: The Gathering,English,Foundations Jumpstart,Foundations Jumpstart,J25,,,,2024,2024-11-15,,,779,scryfall
Magic: The Gathering,English,Foundations Jumpstart Front Cards,Foundations Jumpstart Front Cards,FJ25,,,,2024,2024-11-15,,,46,scryfall
Magic: The Gathering,English,Foundations Promos,Foundations Promos,PFDN,,,,2024,2024-11-15,,,80,scryfall
Magic: The Gathering,English,Foundations Tokens,Foundations Tokens,TFDN,,,,2024,2024-11-15,,,33,scryfall
Magic: The Gathering,English,Pioneer Masters,Pioneer Masters,PIO,,,,2024,2024-12-10,,,398,scryfall
Magic: The Gathering,English,Innistrad Remastered,Innistrad Remastered,INR,,,,2025,2025-01-24,,,492,scryfall
Magic: The Gathering,English,Innistrad Remastered Art Series,Innistrad Remastered Art Series,AINR,,,,2025,2025-01-24,,,25,scryfall
Magic: The Gathering,English,Innistrad Remastered Tokens,Innistrad Remastered Tokens,TINR,,,,2025,2025-01-24,,,27,scryfall
Magic: The Gathering,English,MagicFest 2025,MagicFest 2025,PF25,,,,2025,2025-02-03,,,18,scryfall
Magic: The Gathering,English,Aetherdrift,Aetherdrift,DFT,,,,2025,2025-02-14,,,553,scryfall
Magic: The Gathering,English,Aetherdrift Art Series,Aetherdrift Art Series,ADFT,,,,2025,2025-02-14,,,54,scryfall
Magic: The Gathering,English,Aetherdrift Commander,Aetherdrift Commander,DRC,,,,2025,2025-02-14,,,184,scryfall
Magic: The Gathering,English,Aetherdrift Commander Tokens,Aetherdrift Commander Tokens,TDRC,,,,2025,2025-02-14,,,17,scryfall
Magic: The Gathering,English,Aetherdrift Promos,Aetherdrift Promos,PDFT,,,,2025,2025-02-14,,,80,scryfall
Magic: The Gathering,English,Aetherdrift Tokens,Aetherdrift Tokens,TDFT,,,,2025,2025-02-14,,,14,scryfall
Magic: The Gathering,English,Year of the Snake 2025,Year of the Snake 2025,PL25,,,,2025,2025-02-14,,,6,scryfall
Magic: The Gathering,English,Secret Lair Showcase Planes,Secret Lair Showcase Planes,PSSC,,,,2025,2025-02-21,,,10,scryfall
Magic: The Gathering,English,Alchemy: Aetherdrift,Alchemy: Aetherdrift,YDFT,,,,2025,2025-03-04,,,30,scryfall
Magic: The Gathering,English,Store Championships,Store Championships,SCH,,,,2025,2025-04-01,,,50,scryfall
Magic: The Gathering,English,Tarkir: Dragonstorm,Tarkir: Dragonstorm,TDM,,,,2025,2025-04-11,,,427,scryfall
Magic: The Gathering,English,Tarkir: Dragonstorm Art Series,Tarkir: Dragonstorm Art Series,ATDM,,,,2025,2025-04-11,,,54,scryfall
Magic: The Gathering,English,Tarkir: Dragonstorm Commander,Tarkir: Dragonstorm Commander,TDC,,,,2025,2025-04-11,,,413,scryfall
Magic: The Gathering,English,Tarkir: Dragonstorm Commander Tokens,Tarkir: Dragonstorm Commander Tokens,TTDC,,,,2025,2025-04-11,,,34,scryfall
Magic: The Gathering,English,Tarkir: Dragonstorm Promos,Tarkir: Dragonstorm Promos,PTDM,,,,2025,2025-04-11,,,80,scryfall
Magic: The Gathering,English,Tarkir: Dragonstorm Tokens,Tarkir: Dragonstorm Tokens,TTDM,,,,2025,2025-04-11,,,16,scryfall
Magic: The Gathering,English,Alchemy: Tarkir,Alchemy: Tarkir,YTDM,,,,2025,2025-04-29,,,30,scryfall
Magic: The Gathering,English,Pioneer Anthology 1,Pioneer Anthology 1,PA1,,,,2025,2025-05-05,,,11,scryfall
Magic: The Gathering,English,FIN Asia WPN Promo Tokens,FIN Asia WPN Promo Tokens,WFIN,,,,2025,2025-06-13,,,3,scryfall
Magic: The Gathering,English,FIN Standard Showdown,FIN Standard Showdown,PSS5,,,,2025,2025-06-13,,,2,scryfall
Magic: The Gathering,English,Final Fantasy,Final Fantasy,FIN,,,,2025,2025-06-13,,,586,scryfall
Magic: The Gathering,English,Final Fantasy Art Series,Final Fantasy Art Series,AFIN,,,,2025,2025-06-13,,,53,scryfall
Magic: The Gathering,English,Final Fantasy Commander Tokens,Final Fantasy Commander Tokens,TFIC,,,,2025,2025-06-13,,,11,scryfall
Magic: The Gathering,English,Final Fantasy Promos,Final Fantasy Promos,PFIN,,,,2025,2025-06-13,,,94,scryfall
Magic: The Gathering,English,Final Fantasy Tokens,Final Fantasy Tokens,TFIN,,,,2025,2025-06-13,,,37,scryfall
Magic: The Gathering,English,Final Fantasy: Through the Ages,Final Fantasy: Through the Ages,FCA,,,,2025,2025-06-13,,,65,scryfall
Magic: The Gathering,English,Love Your LGS 2025,Love Your LGS 2025,PLG25,,,,2025,2025-06-27,,,2,scryfall
Magic: The Gathering,English,Wizards Play Network 2025,Wizards Play Network 2025,PW25,,,,2025,2025-07-25,,,16,scryfall
Magic: The Gathering,English,Edge of Eternities,Edge of Eternities,EOE,,,,2025,2025-08-01,,,399,scryfall
Magic: The Gathering,English,Edge of Eternities Art Series,Edge of Eternities Art Series,AEOE,,,,2025,2025-08-01,,,54,scryfall
Magic: The Gathering,English,Edge of Eternities Commander,Edge of Eternities Commander,EOC,,,,2025,2025-08-01,,,191,scryfall
Magic: The Gathering,English,Edge of Eternities Commander Tokens,Edge of Eternities Commander Tokens,TEOC,,,,2025,2025-08-01,,,16,scryfall
Magic: The Gathering,English,Edge of Eternities Promos,Edge of Eternities Promos,PEOE,,,,2025,2025-08-01,,,80,scryfall
Magic: The Gathering,English,Edge of Eternities Tokens,Edge of Eternities Tokens,TEOE,,,,2025,2025-08-01,,,12,scryfall
Magic: The Gathering,English,Edge of Eternities: Stellar Sights,Edge of Eternities: Stellar Sights,EOS,,,,2025,2025-08-01,,,180,scryfall
Magic: The Gathering,English,The Big Score Promos,The Big Score Promos,PBIG,,,,2025,2025-08-01,,,14,scryfall
Magic: The Gathering,English,Secret Lair Promo,Secret Lair Promo,SLP,,,,2025,2025-08-02,,,54,scryfall
Magic: The Gathering,English,Alchemy: Edge of Eternities,Alchemy: Edge of Eternities,YEOE,,,,2025,2025-08-19,,,40,scryfall
Magic: The Gathering,English,Arena Anthology 1,Arena Anthology 1,AA1,,,,2025,2025-08-19,,,26,scryfall
Magic: The Gathering,English,Arena Anthology 2,Arena Anthology 2,AA2,,,,2025,2025-08-19,,,25,scryfall
Magic: The Gathering,English,2023 Heroes of the Realm,2023 Heroes of the Realm,PH23,,,,2025,2025-08-24,,,2,scryfall
Magic: The Gathering,English,Arena Anthology 3,Arena Anthology 3,AA3,,,,2025,2025-09-23,,,25,scryfall
Magic: The Gathering,English,Arena Anthology 4,Arena Anthology 4,AA4,,,,2025,2025-09-23,,,28,scryfall
Magic: The Gathering,English,Through the Omenpaths,Through the Omenpaths,OM1,,,,2025,2025-09-23,,,188,scryfall
Magic: The Gathering,English,Through the Omenpaths Bonus Sheet,Through the Omenpaths Bonus Sheet,OMB,,,,2025,2025-09-23,,,40,scryfall
Magic: The Gathering,English,Marvel's Spider-Man,Marvel's Spider-Man,SPM,,,,2025,2025-09-26,,,286,scryfall
Magic: The Gathering,English,Marvel's Spider-Man Art Series,Marvel's Spider-Man Art Series,ASPM,,,,2025,2025-09-26,,,54,scryfall
Magic: The Gathering,English,Marvel's Spider-Man Eternal,Marvel's Spider-Man Eternal,SPE,,,,2025,2025-09-26,,,26,scryfall
Magic: The Gathering,English,Marvel's Spider-Man Promos,Marvel's Spider-Man Promos,PSPM,,,,2025,2025-09-26,,,68,scryfall
Magic: The Gathering,English,Marvel's Spider-Man Tokens,Marvel's Spider-Man Tokens,TSPM,,,,2025,2025-09-26,,,7,scryfall
Magic: The Gathering,English,Marvel Legends Series Inserts,Marvel Legends Series Inserts,LMAR,,,,2025,2025-09-30,,,4,scryfall
Magic: The Gathering,English,Avatar: The Last Airbender,Avatar: The Last Airbender,TLA,,,,2025,2025-11-21,,,394,scryfall
Magic: The Gathering,English,Avatar: The Last Airbender Beginner Box Front Cards,Avatar: The Last Airbender Beginner Box Front Cards,FTLA,,,,2025,2025-11-21,,,10,scryfall
Magic: The Gathering,English,Avatar: The Last Airbender Eternal,Avatar: The Last Airbender Eternal,TLE,,,,2025,2025-11-21,,,317,scryfall
Magic: The Gathering,English,Avatar: The Last Airbender Eternal Tokens,Avatar: The Last Airbender Eternal Tokens,TTLE,,,,2025,2025-11-21,,,2,scryfall
Magic: The Gathering,English,Avatar: The Last Airbender Jumpstart Front Cards,Avatar: The Last Airbender Jumpstart Front Cards,JTLA,,,,2025,2025-11-21,,,46,scryfall
Magic: The Gathering,English,Avatar: The Last Airbender Promos,Avatar: The Last Airbender Promos,PTLA,,,,2025,2025-11-21,,,80,scryfall
Magic: The Gathering,English,Avatar: The Last Airbender Tokens,Avatar: The Last Airbender Tokens,TTLA,,,,2025,2025-11-21,,,22,scryfall
Magic: The Gathering,English,Avatar: the Last Airbender Art Series,Avatar: the Last Airbender Art Series,ATLA,,,,2025,2025-11-21,,,54,scryfall
Magic: The Gathering,English,Avatar: the Last Airbender Eternal Art Series,Avatar: the Last Airbender Eternal Art Series,ATLE,,,,2025,2025-11-21,,,12,scryfall
Magic: The Gathering,English,Final Fantasy Commander,Final Fantasy Commander,FIC,,,,2025,2025-12-05,,,486,scryfall
Magic: The Gathering,English,Final Fantasy Scene Box,Final Fantasy Scene Box,AFIC,,,,2025,2025-12-05,,,24,scryfall
Magic: The Gathering,English,Lorwyn Eclipsed,Lorwyn Eclipsed,ECL,,,,2026,2026-01-23,,,408,scryfall
Magic: The Gathering,English,Lorwyn Eclipsed Art Series,Lorwyn Eclipsed Art Series,AECL,,,,2026,2026-01-23,,,54,scryfall
Magic: The Gathering,English,Lorwyn Eclipsed Commander,Lorwyn Eclipsed Commander,ECC,,,,2026,2026-01-23,,,176,scryfall
Magic: The Gathering,English,Lorwyn Eclipsed Commander Tokens,Lorwyn Eclipsed Commander Tokens,TECC,,,,2026,2026-01-23,,,13,scryfall
Magic: The Gathering,English,Lorwyn Eclipsed Promos,Lorwyn Eclipsed Promos,PECL,,,,2026,2026-01-23,,,80,scryfall
Magic: The Gathering,English,Lorwyn Eclipsed Tokens,Lorwyn Eclipsed Tokens,TECL,,,,2026,2026-01-23,,,13,scryfall
Magic: The Gathering,English,Wizards Play Network 2026,Wizards Play Network 2026,PW26,,,,2026,2026-01-23,,,22,scryfall
Magic: The Gathering,English,Alchemy: Lorwyn Eclipsed,Alchemy: Lorwyn Eclipsed,YECL,,,,2026,2026-02-03,,,30,scryfall
Magic: The Gathering,English,Year of the Horse 2026,Year of the Horse 2026,PL26,,,,2026,2026-02-17,,,5,scryfall
Magic: The Gathering,English,Teenage Mutant Ninja Turtles,Teenage Mutant Ninja Turtles,TMT,,,,2026,2026-03-06,,,320,scryfall
Magic: The Gathering,English,Teenage Mutant Ninja Turtles Art Series,Teenage Mutant Ninja Turtles Art Series,ATMT,,,,2026,2026-03-06,,,54,scryfall
Magic: The Gathering,English,Teenage Mutant Ninja Turtles Eternal,Teenage Mutant Ninja Turtles Eternal,TMC,,,,2026,2026-03-06,,,132,scryfall
Magic: The Gathering,English,Teenage Mutant Ninja Turtles Eternal Front Cards,Teenage Mutant Ninja Turtles Eternal Front Cards,FTMC,,,,2026,2026-03-06,,,5,scryfall
Magic: The Gathering,English,Teenage Mutant Ninja Turtles Eternal Tokens,Teenage Mutant Ninja Turtles Eternal Tokens,TTMC,,,,2026,2026-03-06,,,31,scryfall
Magic: The Gathering,English,Teenage Mutant Ninja Turtles Source Material,Teenage Mutant Ninja Turtles Source Material,PZA,,,,2026,2026-03-06,,,20,scryfall
Magic: The Gathering,English,Teenage Mutant Ninja Turtles Tokens,Teenage Mutant Ninja Turtles Tokens,TTMT,,,,2026,2026-03-06,,,10,scryfall
Magic: The Gathering,English,Japan Standard Cup,Japan Standard Cup,PJSC,,,,2026,2026-03-15,,,2,scryfall
Magic: The Gathering,English,MagicFest 2026,MagicFest 2026,PF26,,,,2026,2026-04-13,,,13,scryfall
Magic: The Gathering,English,Secrets of Strixhaven,Secrets of Strixhaven,SOS,,,,2026,2026-04-24,,,368,scryfall
Magic: The Gathering,English,Secrets of Strixhaven Art Series,Secrets of Strixhaven Art Series,ASOS,,,,2026,2026-04-24,,,54,scryfall
Magic: The Gathering,English,Secrets of Strixhaven Commander,Secrets of Strixhaven Commander,SOC,,,,2026,2026-04-24,,,426,scryfall
Magic: The Gathering,English,Secrets of Strixhaven Commander Tokens,Secrets of Strixhaven Commander Tokens,TSOC,,,,2026,2026-04-24,,,30,scryfall
Magic: The Gathering,English,Secrets of Strixhaven Mystical Archive,Secrets of Strixhaven Mystical Archive,SOA,,,,2026,2026-04-24,,,65,scryfall
Magic: The Gathering,English,Secrets of Strixhaven Promos,Secrets of Strixhaven Promos,PSOS,,,,2026,2026-04-24,,,80,scryfall
Magic: The Gathering,English,Secrets of Strixhaven Tokens,Secrets of Strixhaven Tokens,TSOS,,,,2026,2026-04-24,,,14,scryfall
Magic: The Gathering,English,Alchemy: Secrets of Strixhaven,Alchemy: Secrets of Strixhaven,YSOS,,,,2026,2026-05-19,,,30,scryfall
Magic: The Gathering,English,Media and Collaboration Promos,Media and Collaboration Promos,PMEI,,,,2026,2026-05-21,,,54,scryfall
Magic: The Gathering,English,Marvel Super Heroes,Marvel Super Heroes,MSH,,,,2026,2026-06-26,,,453,scryfall
Magic: The Gathering,English,Marvel Super Heroes Art Series,Marvel Super Heroes Art Series,AMSH,,,,2026,2026-06-26,,,45,scryfall
Magic: The Gathering,English,Marvel Super Heroes Commander,Marvel Super Heroes Commander,MSC,,,,2026,2026-06-26,,,866,scryfall
Magic: The Gathering,English,Marvel Super Heroes Commander Tokens,Marvel Super Heroes Commander Tokens,TMSC,,,,2026,2026-06-26,,,32,scryfall
Magic: The Gathering,English,Marvel Super Heroes Jumpstart Front Cards,Marvel Super Heroes Jumpstart Front Cards,FMSC,,,,2026,2026-06-26,,,61,scryfall
Magic: The Gathering,English,Marvel Super Heroes Tokens,Marvel Super Heroes Tokens,TMSH,,,,2026,2026-06-26,,,27,scryfall
Magic: The Gathering,English,Marvel Universe,Marvel Universe,MAR,,,,2026,2026-06-26,,,100,scryfall
Magic: The Gathering,English,Spotlight Series,Spotlight Series,PSPL,,,,2026,2026-06-26,,,12,scryfall
Magic: The Gathering,English,URL/Convention Promos,URL/Convention Promos,PURL,,,,2026,2026-07-30,,,16,scryfall
Magic: The Gathering,English,The Hobbit,The Hobbit,HOB,,,,2026,2026-08-14,,,321,scryfall
Magic: The Gathering,English,The Hobbit Eternal,The Hobbit Eternal,HOC,,,,2026,2026-08-14,,,153,scryfall
Magic: The Gathering,English,The Hobbit Tokens,The Hobbit Tokens,THOB,,,,2026,2026-08-14,,,15,scryfall
Magic: The Gathering,English,Reality Fracture,Reality Fracture,FRA,,,,2026,2026-10-02,,,43,scryfall
Magic: The Gathering,English,Reality Fracture Commander,Reality Fracture Commander,FRC,,,,2026,2026-10-02,,,2,scryfall
Magic: The Gathering,English,Mystery Booster Commander Edition,Mystery Booster Commander Edition,MBC,,,,2026,2026-11-09,,,80,scryfall
Magic: The Gathering,English,Star Trek,Star Trek,TRK,,,,2026,2026-11-13,,,135,scryfall
Magic: The Gathering,English,Star Trek Commander,Star Trek Commander,TRC,,,,2026,2026-11-13,,,41,scryfall
Magic: The Gathering,English,Star Trek Tokens,Star Trek Tokens,TTRK,,,,2026,2026-11-13,,,1,scryfall
Magic: The Gathering,English,Stardates,Stardates,SDS,,,,2026,2026-11-13,,,1,scryfall
Magic: The Gathering,Spanish,Fourth Edition Foreign Black Border,Fourth Edition Foreign Black Border,4BB,,,,1995,1995-04-01,,,378,scryfall
Magic: The Gathering,Spanish,Mirage,Mirage,MIR,,,,1996,1996-10-08,,,1,scryfall
Magic: The Gathering,Spanish,Salvat 2005,Salvat 2005,PSAL,,,,2005,2005-08-22,,,600,scryfall
Magic: The Gathering,Spanish,DCI Promos,DCI Promos,DCI,,,,2010,2010-07-31,,,1,scryfall
Magic: The Gathering,Spanish,Salvat 2011,Salvat 2011,PS11,,,,2011,2011-01-01,,,224,scryfall
Magic: The Gathering,Spanish,Streets of New Capenna,Streets of New Capenna,SNC,,,,2022,2022-04-29,,,1,scryfall
Magic: The Gathering,Spanish,30th Anniversary Play Promos,30th Anniversary Play Promos,P30A,,,,2022,2022-09-02,,,1,scryfall
Magic: The Gathering,Spanish,The List,The List,PLST,,,,2024,2024-08-02,,,1,scryfall
Magic: The Gathering,French,Foreign Black Border,Foreign Black Border,FBB,,,,1994,1994-04-11,,,306,scryfall
Magic: The Gathering,French,Renaissance,Renaissance,REN,,,,1995,1995-08-01,,,122,scryfall
Magic: The Gathering,French,Streets of New Capenna,Streets of New Capenna,SNC,,,,2022,2022-04-29,,,1,scryfall
Magic: The Gathering,French,30th Anniversary Play Promos,30th Anniversary Play Promos,P30A,,,,2022,2022-09-02,,,1,scryfall
Magic: The Gathering,Ancient Greek,Planeshift Promos,Planeshift Promos,PPLS,,,,2001,2001-01-27,,,1,scryfall
Magic: The Gathering,Ancient Greek,Assassin's Creed,Assassin's Creed,ACR,,,,2024,2024-07-05,,,2,scryfall
Magic: The Gathering,Hebrew,Judgment Promos,Judgment Promos,PJUD,,,,2002,2002-05-18,,,1,scryfall
Magic: The Gathering,Italian,Rinascimento,Rinascimento,RIN,,,,1995,1995-08-01,,,69,scryfall
Magic: The Gathering,Italian,Salvat 2005,Salvat 2005,PSAL,,,,2005,2005-08-22,,,120,scryfall
Magic: The Gathering,Italian,Magic 2011 Promos,Magic 2011 Promos,PM11,,,,2010,2010-01-01,,,1,scryfall
Magic: The Gathering,Italian,Streets of New Capenna,Streets of New Capenna,SNC,,,,2022,2022-04-29,,,1,scryfall
Magic: The Gathering,Italian,30th Anniversary Play Promos,30th Anniversary Play Promos,P30A,,,,2022,2022-09-02,,,1,scryfall
Magic: The Gathering,Italian,Secret Lair Drop,Secret Lair Drop,SLD,,,,2024,2024-02-26,,,1,scryfall
Magic: The Gathering,Italian,Assassin's Creed,Assassin's Creed,ACR,,,,2024,2024-07-05,,,1,scryfall
Magic: The Gathering,Japanese,Chronicles Foreign Black Border,Chronicles Foreign Black Border,BCHR,,,,1995,1995-07-01,,,116,scryfall
Magic: The Gathering,Japanese,Redemption Program,Redemption Program,PRED,,,,1996,1996-10-01,,,1,scryfall
Magic: The Gathering,Japanese,Sega Dreamcast Cards,Sega Dreamcast Cards,PSDG,,,,2001,2001-06-28,,,10,scryfall
Magic: The Gathering,Japanese,Hobby Japan Promos,Hobby Japan Promos,JP1,,,,2002,2002-07-01,,,5,scryfall
Magic: The Gathering,Japanese,Magic Premiere Shop 2005,Magic Premiere Shop 2005,PMPS,,,,2005,2005-10-07,,,20,scryfall
Magic: The Gathering,Japanese,Magic Premiere Shop 2006,Magic Premiere Shop 2006,PMPS06,,,,2006,2006-01-01,,,5,scryfall
Magic: The Gathering,Japanese,Magic Premiere Shop 2007,Magic Premiere Shop 2007,PMPS07,,,,2007,2007-01-01,,,5,scryfall
Magic: The Gathering,Japanese,Japan Junior Tournament,Japan Junior Tournament,PJJT,,,,2008,2008-01-01,,,12,scryfall
Magic: The Gathering,Japanese,Magic Premiere Shop 2008,Magic Premiere Shop 2008,PMPS08,,,,2008,2008-01-01,,,6,scryfall
Magic: The Gathering,Japanese,Duel Decks: Jace vs. Chandra,Duel Decks: Jace vs. Chandra,DD2,,,,2008,2008-11-07,,,2,scryfall
Magic: The Gathering,Japanese,Magic Premiere Shop 2009,Magic Premiere Shop 2009,PMPS09,,,,2009,2009-01-01,,,5,scryfall
Magic: The Gathering,Japanese,URL/Convention Promos,URL/Convention Promos,PURL,,,,2009,2009-10-03,,,1,scryfall
Magic: The Gathering,Japanese,Magic Premiere Shop 2010,Magic Premiere Shop 2010,PMPS10,,,,2010,2010-01-01,,,5,scryfall
Magic: The Gathering,Japanese,Zendikar Promos,Zendikar Promos,PZEN,,,,2010,2010-01-01,,,1,scryfall
Magic: The Gathering,Japanese,Worldwake Promos,Worldwake Promos,PWWK,,,,2010,2010-02-10,,,2,scryfall
Magic: The Gathering,Japanese,Magic 2011 Promos,Magic 2011 Promos,PM11,,,,2010,2010-07-16,,,1,scryfall
Magic: The Gathering,Japanese,Rise of the Eldrazi Promos,Rise of the Eldrazi Promos,PROE,,,,2010,2010-07-30,,,1,scryfall
Magic: The Gathering,Japanese,Magic Premiere Shop 2011,Magic Premiere Shop 2011,PMPS11,,,,2011,2011-01-01,,,5,scryfall
Magic: The Gathering,Japanese,Dominaria Promos,Dominaria Promos,PDOM,,,,2018,2018-04-27,,,1,scryfall
Magic: The Gathering,Japanese,War of the Spark,War of the Spark,WAR,,,,2019,2019-05-03,,,36,scryfall
Magic: The Gathering,Japanese,War of the Spark Promos,War of the Spark Promos,PWAR,,,,2019,2019-05-03,,,36,scryfall
Magic: The Gathering,Japanese,Media and Collaboration Promos,Media and Collaboration Promos,PMEI,,,,2020,2020-03-26,,,47,scryfall
Magic: The Gathering,Japanese,Ikoria: Lair of Behemoths,Ikoria: Lair of Behemoths,IKO,,,,2020,2020-04-24,,,3,scryfall
Magic: The Gathering,Japanese,Secret Lair Drop,Secret Lair Drop,SLD,,,,2020,2020-07-31,,,15,scryfall
Magic: The Gathering,Japanese,The List,The List,PLST,,,,2020,2020-09-01,,,1,scryfall
Magic: The Gathering,Japanese,Kaldheim Promos,Kaldheim Promos,PKHM,,,,2021,2021-01-29,,,1,scryfall
Magic: The Gathering,Japanese,Strixhaven Mystical Archive,Strixhaven Mystical Archive,STA,,,,2021,2021-04-23,,,63,scryfall
Magic: The Gathering,Japanese,Love Your LGS 2021,Love Your LGS 2021,PLG21,,,,2021,2021-07-12,,,3,scryfall
Magic: The Gathering,Japanese,Kamigawa: Neon Dynasty,Kamigawa: Neon Dynasty,NEO,,,,2022,2022-02-18,,,10,scryfall
Magic: The Gathering,Japanese,Streets of New Capenna,Streets of New Capenna,SNC,,,,2022,2022-04-29,,,1,scryfall
Magic: The Gathering,Japanese,Summer Vacation Promos 2022,Summer Vacation Promos 2022,PSVC,,,,2022,2022-08-01,,,3,scryfall
Magic: The Gathering,Japanese,30th Anniversary Play Promos,30th Anniversary Play Promos,P30A,,,,2022,2022-09-02,,,1,scryfall
Magic: The Gathering,Japanese,DMU Japanese Promo Tokens,DMU Japanese Promo Tokens,WDMU,,,,2022,2022-09-09,,,5,scryfall
Magic: The Gathering,Japanese,ONE Japanese Promo Tokens,ONE Japanese Promo Tokens,WONE,,,,2023,2023-01-27,,,6,scryfall
Magic: The Gathering,Japanese,Planeswalker Championship Promos,Planeswalker Championship Promos,PWCS,,,,2023,2023-04-01,,,46,scryfall
Magic: The Gathering,Japanese,MOM Japanese Promo Tokens,MOM Japanese Promo Tokens,WMOM,,,,2023,2023-04-21,,,12,scryfall
Magic: The Gathering,Japanese,30th Anniversary Celebration Tokyo,30th Anniversary Celebration Tokyo,P30T,,,,2023,2023-09-01,,,2,scryfall
Magic: The Gathering,Japanese,WOE Japanese Promo Tokens,WOE Japanese Promo Tokens,WWOE,,,,2023,2023-09-08,,,6,scryfall
Magic: The Gathering,Japanese,Magic × Duel Masters Promos,Magic × Duel Masters Promos,PMDA,,,,2023,2023-09-15,,,4,scryfall
Magic: The Gathering,Japanese,MKM Japanese Promo Tokens,MKM Japanese Promo Tokens,WMKM,,,,2024,2024-02-09,,,4,scryfall
Magic: The Gathering,Japanese,Love Your LGS 2024,Love Your LGS 2024,PLG24,,,,2024,2024-08-01,,,6,scryfall
Magic: The Gathering,Japanese,Spotlight Series,Spotlight Series,PSPL,,,,2025,2025-01-03,,,1,scryfall
Magic: The Gathering,Japanese,Japan Standard Cup,Japan Standard Cup,PJSC,,,,2025,2025-02-09,,,2,scryfall
Magic: The Gathering,Japanese,Final Fantasy,Final Fantasy,FIN,,,,2025,2025-06-13,,,1,scryfall
Magic: The Gathering,Japanese,Final Fantasy Regional Promos,Final Fantasy Regional Promos,RFIN,,,,2025,2025-06-13,,,2,scryfall
Magic: The Gathering,Japanese,Wizards Play Network 2026,Wizards Play Network 2026,PW26,,,,2026,2026-04-17,,,1,scryfall
Magic: The Gathering,Japanese,Secrets of Strixhaven Mystical Archive,Secrets of Strixhaven Mystical Archive,SOA,,,,2026,2026-04-24,,,130,scryfall
Magic: The Gathering,Korean,Streets of New Capenna,Streets of New Capenna,SNC,,,,2022,2022-04-29,,,1,scryfall
Magic: The Gathering,Latin,Invasion Promos,Invasion Promos,PINV,,,,2000,2000-09-23,,,1,scryfall
Magic: The Gathering,Phyrexian,Judge Gift Cards 2014,Judge Gift Cards 2014,J14,,,,2014,2014-01-01,,,1,scryfall
Magic: The Gathering,Phyrexian,Jumpstart,Jumpstart,JMP,,,,2020,2020-07-17,,,1,scryfall
Magic: The Gathering,Phyrexian,Kaldheim,Kaldheim,KHM,,,,2021,2021-02-05,,,1,scryfall
Magic: The Gathering,Phyrexian,Kamigawa: Neon Dynasty,Kamigawa: Neon Dynasty,NEO,,,,2022,2022-02-18,,,4,scryfall
Magic: The Gathering,Phyrexian,Wizards Play Network 2022,Wizards Play Network 2022,PW22,,,,2022,2022-03-05,,,2,scryfall
Magic: The Gathering,Phyrexian,Streets of New Capenna,Streets of New Capenna,SNC,,,,2022,2022-04-29,,,1,scryfall
Magic: The Gathering,Phyrexian,Dominaria United,Dominaria United,DMU,,,,2022,2022-09-09,,,2,scryfall
Magic: The Gathering,Phyrexian,Phyrexia: All Will Be One,Phyrexia: All Will Be One,ONE,,,,2023,2023-02-10,,,23,scryfall
Magic: The Gathering,Phyrexian,Secret Lair Drop,Secret Lair Drop,SLD,,,,2023,2023-04-14,,,11,scryfall
Magic: The Gathering,Phyrexian,Media and Collaboration Promos,Media and Collaboration Promos,PMEI,,,,2023,2023-05-15,,,1,scryfall
Magic: The Gathering,Phyrexian,Wizards Play Network 2023,Wizards Play Network 2023,PW23,,,,2023,2023-05-25,,,2,scryfall
Magic: The Gathering,Portuguese,Streets of New Capenna,Streets of New Capenna,SNC,,,,2022,2022-04-29,,,1,scryfall
Magic: The Gathering,Portuguese,30th Anniversary Play Promos,30th Anniversary Play Promos,P30A,,,,2022,2022-09-02,,,1,scryfall
Magic: The Gathering,Portuguese,The List,The List,PLST,,,,2024,2024-08-02,,,1,scryfall
Magic: The Gathering,Quenya,Tales of Middle-earth Commander,Tales of Middle-earth Commander,LTC,,,,2023,2023-06-23,,,3,scryfall
Magic: The Gathering,Quenya,The Lord of the Rings: Tales of Middle-earth,The Lord of the Rings: Tales of Middle-earth,LTR,,,,2023,2023-06-23,,,1,scryfall
Magic: The Gathering,Russian,Torment Promos,Torment Promos,PTOR,,,,2002,2002-01-26,,,2,scryfall
Magic: The Gathering,Russian,Ninth Edition Promos,Ninth Edition Promos,P9ED,,,,2005,2005-09-24,,,1,scryfall
Magic: The Gathering,Russian,Streets of New Capenna,Streets of New Capenna,SNC,,,,2022,2022-04-29,,,1,scryfall
Magic: The Gathering,Sanskrit,Apocalypse Promos,Apocalypse Promos,PAPC,,,,2001,2001-05-26,,,1,scryfall
Magic: The Gathering,"Chinese (Simplified, MTG)",Fifth Edition,Fifth Edition,5ED,,,,1997,1997-03-24,,,6,scryfall
Magic: The Gathering,"Chinese (Simplified, MTG)",Portal,Portal,POR,,,,1997,1997-05-01,,,29,scryfall
Magic: The Gathering,"Chinese (Simplified, MTG)",Urza's Saga,Urza's Saga,USG,,,,1998,1998-10-12,,,7,scryfall
Magic: The Gathering,"Chinese (Simplified, MTG)",Classic Sixth Edition,Classic Sixth Edition,6ED,,,,1999,1999-04-21,,,1,scryfall
Magic: The Gathering,"Chinese (Simplified, MTG)",Prophecy,Prophecy,PCY,,,,2000,2000-06-05,,,1,scryfall
Magic: The Gathering,"Chinese (Simplified, MTG)",Invasion,Invasion,INV,,,,2000,2000-10-02,,,2,scryfall
Magic: The Gathering,"Chinese (Simplified, MTG)",Seventh Edition,Seventh Edition,7ED,,,,2001,2001-04-11,,,8,scryfall
Magic: The Gathering,"Chinese (Simplified, MTG)",Odyssey,Odyssey,ODY,,,,2001,2001-10-01,,,1,scryfall
Magic: The Gathering,"Chinese (Simplified, MTG)",Tenth Edition,Tenth Edition,10E,,,,2007,2007-07-13,,,2,scryfall
Magic: The Gathering,"Chinese (Simplified, MTG)",Love Your LGS 2021,Love Your LGS 2021,PLG21,,,,2021,2021-06-22,,,2,scryfall
Magic: The Gathering,"Chinese (Simplified, MTG)",Streets of New Capenna,Streets of New Capenna,SNC,,,,2022,2022-04-29,,,1,scryfall
Magic: The Gathering,"Chinese (Simplified, MTG)",30th Anniversary Play Promos,30th Anniversary Play Promos,P30A,,,,2022,2022-09-02,,,1,scryfall
Magic: The Gathering,"Chinese (Simplified, MTG)",The List,The List,PLST,,,,2024,2024-08-02,,,1,scryfall
Magic: The Gathering,"Chinese (Traditional, MTG)",Eighth Edition,Eighth Edition,8ED,,,,2003,2003-07-28,,,3,scryfall
Magic: The Gathering,"Chinese (Traditional, MTG)",Streets of New Capenna,Streets of New Capenna,SNC,,,,2022,2022-04-29,,,1,scryfall
One Piece Card Game,English,500 Years in the Future,500 Years in the Future,OP07,,,,,,,,126,tcgcsv
One Piece Card Game,English,500 Years in the Future Pre-Release Cards,500 Years in the Future Pre-Release Cards,OP07 PRE,,,,,,,,75,tcgcsv
One Piece Card Game,English,A Fist of Divine Speed,A Fist of Divine Speed,OP11,,,,,,,,127,tcgcsv
One Piece Card Game,English,A Fist of Divine Speed Release Event Cards,A Fist of Divine Speed Release Event Cards,OP11 RE,,,,,,,,75,tcgcsv
One Piece Card Game,English,Adventure on Kami's Island,Adventure on Kami's Island,OP15-EB04,,,,,,,,158,tcgcsv
One Piece Card Game,English,Adventure on Kami's Island Release Event Cards,Adventure on Kami's Island Release Event Cards,OP15 RE,,,,,,,,90,tcgcsv
One Piece Card Game,English,Awakening of the New Era,Awakening of the New Era,OP05,,,,,,,,125,tcgcsv
One Piece Card Game,English,Awakening of the New Era: 1st Anniversary Tournament Cards,Awakening of the New Era: 1st Anniversary Tournament Cards,OP05 ANN,,,,,,,,75,tcgcsv
One Piece Card Game,English,Carrying On His Will,Carrying On His Will,OP13,,,,,,,,129,tcgcsv
One Piece Card Game,English,Carrying On His Will: 3rd Anniversary Tournament Cards,Carrying On His Will: 3rd Anniversary Tournament Cards,OP13 ANN,,,,,,,,78,tcgcsv
One Piece Card Game,English,Emperors in the New World,Emperors in the New World,OP09,,,,,,,,127,tcgcsv
One Piece Card Game,English,Emperors in the New World: 2nd Anniversary Tournament Cards,Emperors in the New World: 2nd Anniversary Tournament Cards,OP09 ANN,,,,,,,,75,tcgcsv
One Piece Card Game,English,Extra Booster: Anime 25th Collection,Extra Booster: Anime 25th Collection,EB-02,,,,,,,,87,tcgcsv
One Piece Card Game,English,Extra Booster: Memorial Collection,Extra Booster: Memorial Collection,EB-01,,,,,,,,61,tcgcsv
One Piece Card Game,English,Extra Booster: One Piece Heroines Edition,Extra Booster: One Piece Heroines Edition,EB-03,,,,,,,,66,tcgcsv
One Piece Card Game,English,Kingdoms of Intrigue,Kingdoms of Intrigue,OP04,,,,,,,,130,tcgcsv
One Piece Card Game,English,Kingdoms of Intrigue Pre-Release Cards,Kingdoms of Intrigue Pre-Release Cards,OP04 PRE,,,,,,,,75,tcgcsv
One Piece Card Game,English,Learn Together Deck Set,Learn Together Deck Set,LT-01,,,,,,,,51,tcgcsv
One Piece Card Game,English,Legacy of the Master,Legacy of the Master,OP12,,,,,,,,127,tcgcsv
One Piece Card Game,English,Legacy of the Master Release Event Cards,Legacy of the Master Release Event Cards,OP12 RE,,,,,,,,75,tcgcsv
One Piece Card Game,English,One Piece Collection Sets,One Piece Collection Sets,OP-CS,,,,,,,,0,tcgcsv
One Piece Card Game,English,One Piece Demo Deck Cards,One Piece Demo Deck Cards,OP-DD,,,,,,,,25,tcgcsv
One Piece Card Game,English,One Piece Promotion Cards,One Piece Promotion Cards,OP-PR,,,,,,,,556,tcgcsv
One Piece Card Game,English,Paramount War,Paramount War,OP02,,,,,,,,121,tcgcsv
One Piece Card Game,English,Paramount War Pre-Release Cards,Paramount War Pre-Release Cards,OP02 PRE,,,,,,,,75,tcgcsv
One Piece Card Game,English,Pillars of Strength,Pillars of Strength,OP03,,,,,,,,127,tcgcsv
One Piece Card Game,English,Pillars of Strength Pre-Release Cards,Pillars of Strength Pre-Release Cards,OP03 PRE,,,,,,,,77,tcgcsv
One Piece Card Game,English,Premium Booster -The Best-,Premium Booster -The Best-,PRB-01,,,,,,,,111,tcgcsv
One Piece Card Game,English,Premium Booster -The Best- Vol. 2,Premium Booster -The Best- Vol. 2,PRB-02,,,,,,,,173,tcgcsv
One Piece Card Game,English,Revision Pack Cards,Revision Pack Cards,OP-RP,,,,,,,,33,tcgcsv
One Piece Card Game,English,Romance Dawn,Romance Dawn,OP01,,,,,,,,121,tcgcsv
One Piece Card Game,English,Royal Blood,Royal Blood,OP10,,,,,,,,126,tcgcsv
One Piece Card Game,English,Royal Blood Release Event Cards,Royal Blood Release Event Cards,OP10 RE,,,,,,,,75,tcgcsv
One Piece Card Game,English,Set Sail Deck Set,Set Sail Deck Set,SD01,,,,,,,,0,tcgcsv
One Piece Card Game,English,Starter Deck 11: Uta,Starter Deck 11: Uta,ST-11,,,,,,,,5,tcgcsv
One Piece Card Game,English,Starter Deck 12: Zoro and Sanji,Starter Deck 12: Zoro and Sanji,ST-12,,,,,,,,17,tcgcsv
One Piece Card Game,English,Starter Deck 14: 3D2Y,Starter Deck 14: 3D2Y,ST-14,,,,,,,,17,tcgcsv
One Piece Card Game,English,Starter Deck 15: RED Edward.Newgate,Starter Deck 15: RED Edward.Newgate,ST-15,,,,,,,,13,tcgcsv
One Piece Card Game,English,Starter Deck 16: GREEN Uta,Starter Deck 16: GREEN Uta,ST-16,,,,,,,,15,tcgcsv
One Piece Card Game,English,Starter Deck 17: BLUE Donquixote Doflamingo,Starter Deck 17: BLUE Donquixote Doflamingo,ST-17,,,,,,,,10,tcgcsv
One Piece Card Game,English,Starter Deck 18: PURPLE Monkey.D.Luffy,Starter Deck 18: PURPLE Monkey.D.Luffy,ST-18,,,,,,,,15,tcgcsv
One Piece Card Game,English,Starter Deck 19: BLACK Smoker,Starter Deck 19: BLACK Smoker,ST-19,,,,,,,,14,tcgcsv
One Piece Card Game,English,Starter Deck 1: Straw Hat Crew,Starter Deck 1: Straw Hat Crew,ST-01,,,,,,,,17,tcgcsv
One Piece Card Game,English,Starter Deck 20: YELLOW Charlotte Katakuri,Starter Deck 20: YELLOW Charlotte Katakuri,ST-20,,,,,,,,11,tcgcsv
One Piece Card Game,English,Starter Deck 22: Ace & Newgate,Starter Deck 22: Ace & Newgate,ST-22,,,,,,,,17,tcgcsv
One Piece Card Game,English,Starter Deck 23: RED Shanks,Starter Deck 23: RED Shanks,ST-23,,,,,,,,15,tcgcsv
One Piece Card Game,English,Starter Deck 24: GREEN Jewelry Bonney,Starter Deck 24: GREEN Jewelry Bonney,ST-24,,,,,,,,15,tcgcsv
One Piece Card Game,English,Starter Deck 25: BLUE Buggy,Starter Deck 25: BLUE Buggy,ST-25,,,,,,,,15,tcgcsv
One Piece Card Game,English,Starter Deck 26: PURPLE/BLACK Monkey.D.Luffy,Starter Deck 26: PURPLE/BLACK Monkey.D.Luffy,ST-26,,,,,,,,15,tcgcsv
One Piece Card Game,English,Starter Deck 27: BLACK Marshall.D.Teach,Starter Deck 27: BLACK Marshall.D.Teach,ST-27,,,,,,,,15,tcgcsv
One Piece Card Game,English,Starter Deck 28: GREEN/YELLOW Yamato,Starter Deck 28: GREEN/YELLOW Yamato,ST-28,,,,,,,,15,tcgcsv
One Piece Card Game,English,Starter Deck 29: Egghead,Starter Deck 29: Egghead,ST-29,,,,,,,,17,tcgcsv
One Piece Card Game,English,Starter Deck 2: Worst Generation,Starter Deck 2: Worst Generation,ST-02,,,,,,,,17,tcgcsv
One Piece Card Game,English,Starter Deck 31: RED Monkey.D.Luffy,Starter Deck 31: RED Monkey.D.Luffy,ST-31,,,,,,,,9,tcgcsv
One Piece Card Game,English,Starter Deck 32: GREEN Roronoa Zoro,Starter Deck 32: GREEN Roronoa Zoro,ST-32,,,,,,,,9,tcgcsv
One Piece Card Game,English,Starter Deck 33: BLUE Kuzan,Starter Deck 33: BLUE Kuzan,ST-33,,,,,,,,9,tcgcsv
One Piece Card Game,English,Starter Deck 34: PURPLE Charlotte Katakuri,Starter Deck 34: PURPLE Charlotte Katakuri,ST-34,,,,,,,,10,tcgcsv
One Piece Card Game,English,Starter Deck 35: RED/BLACK Sabo,Starter Deck 35: RED/BLACK Sabo,ST-35,,,,,,,,9,tcgcsv
One Piece Card Game,English,"Starter Deck 36: YELLOW Eustass""Captain""Kid","Starter Deck 36: YELLOW Eustass""Captain""Kid",ST-36,,,,,,,,11,tcgcsv
One Piece Card Game,English,Starter Deck 3: The Seven Warlords of The Sea,Starter Deck 3: The Seven Warlords of The Sea,ST-03,,,,,,,,17,tcgcsv
One Piece Card Game,English,Starter Deck 4: Animal Kingdom Pirates,Starter Deck 4: Animal Kingdom Pirates,ST-04,,,,,,,,17,tcgcsv
One Piece Card Game,English,Starter Deck 5: Film Edition,Starter Deck 5: Film Edition,ST-05,,,,,,,,17,tcgcsv
One Piece Card Game,English,Starter Deck 6: Absolute Justice,Starter Deck 6: Absolute Justice,ST-06,,,,,,,,17,tcgcsv
One Piece Card Game,English,Starter Deck 7: Big Mom Pirates,Starter Deck 7: Big Mom Pirates,ST-07,,,,,,,,17,tcgcsv
One Piece Card Game,English,Starter Deck 8: Monkey.D.Luffy,Starter Deck 8: Monkey.D.Luffy,ST-08,,,,,,,,15,tcgcsv
One Piece Card Game,English,Starter Deck 9: Yamato,Starter Deck 9: Yamato,ST-09,,,,,,,,15,tcgcsv
One Piece Card Game,English,Starter Deck EX: Gear 5,Starter Deck EX: Gear 5,ST-21,,,,,,,,17,tcgcsv
One Piece Card Game,English,Starter Deck EX: Luffy & Ace,Starter Deck EX: Luffy & Ace,ST-30,,,,,,,,17,tcgcsv
One Piece Card Game,English,Super Pre-Release Starter Deck 1: Straw Hat Crew,Super Pre-Release Starter Deck 1: Straw Hat Crew,ST-01 PRE,,,,,,,,17,tcgcsv
One Piece Card Game,English,Super Pre-Release Starter Deck 2: Worst Generation,Super Pre-Release Starter Deck 2: Worst Generation,ST-02 PRE,,,,,,,,17,tcgcsv
One Piece Card Game,English,Super Pre-Release Starter Deck 3: The Seven Warlords of the Sea,Super Pre-Release Starter Deck 3: The Seven Warlords of the Sea,ST-03 PRE,,,,,,,,17,tcgcsv
One Piece Card Game,English,Super Pre-Release Starter Deck 4: Animal Kingdom Pirates,Super Pre-Release Starter Deck 4: Animal Kingdom Pirates,ST-04 PRE,,,,,,,,17,tcgcsv
One Piece Card Game,English,The Azure Sea's Seven,The Azure Sea's Seven,OP14,,,,,,,,160,tcgcsv
One Piece Card Game,English,The Azure Sea's Seven Release Event Cards,The Azure Sea's Seven Release Event Cards,OP14 RE,,,,,,,,89,tcgcsv
One Piece Card Game,English,The Time of Battle,The Time of Battle,OP16,,,,,,,,125,tcgcsv
One Piece Card Game,English,The Time of Battle Release Event Cards,The Time of Battle Release Event Cards,OP16 RE,,,,,,,,75,tcgcsv
One Piece Card Game,English,The World's Strongest Warriors,The World's Strongest Warriors,OP17,,,,,,,,56,tcgcsv
One Piece Card Game,English,The World's Strongest Warriors Release Event Cards,The World's Strongest Warriors Release Event Cards,OP17 RE,,,,,,,,0,tcgcsv
One Piece Card Game,English,Two Legends,Two Legends,OP08,,,,,,,,126,tcgcsv
One Piece Card Game,English,Two Legends Pre-Release Cards,Two Legends Pre-Release Cards,OP08 PRE,,,,,,,,75,tcgcsv
One Piece Card Game,English,Ultra Deck: The Three Brothers,Ultra Deck: The Three Brothers,ST-13,,,,,,,,19,tcgcsv
One Piece Card Game,English,Ultra Deck: The Three Captains,Ultra Deck: The Three Captains,ST-10,,,,,,,,17,tcgcsv
One Piece Card Game,English,Wings of the Captain,Wings of the Captain,OP06,,,,,,,,126,tcgcsv
One Piece Card Game,English,Wings of the Captain Pre-Release Cards,Wings of the Captain Pre-Release Cards,OP06 PRE,,,,,,,,75,tcgcsv
One Piece Card Game,Japanese,ROMANCE DAWN,ROMANCE DAWN,OP01,,,,,,,,1,bandai_onepiece
Pokémon TCG,German,Grundset,,BS,,,,1999,1999-01-09,Grund,102,102,tcgdex
Pokémon TCG,German,Dschungel,,JU,,,,1999,1999-06-16,Grund,64,64,tcgdex
Pokémon TCG,German,Wizards Black Star Promos,,basep,,,,1999,1999-07-01,Grund,53,0,tcgdex
Pokémon TCG,German,Fossil,,FO,,,,1999,1999-10-10,Grund,62,62,tcgdex
Pokémon TCG,German,Team Rocket,,RO,,,,2000,2000-04-24,Grund,82,83,tcgdex
Pokémon TCG,German,Neo Genesis,,N1,,,,2000,2000-12-16,Neo,111,111,tcgdex
Pokémon TCG,German,Neo Entdeckung,,N2,,,,2001,2001-06-01,Neo,75,75,tcgdex
Pokémon TCG,German,Neo Revelation,,N3,,,,2001,2001-09-21,Neo,64,66,tcgdex
Pokémon TCG,German,Neo Destiny,,N4,,,,2002,2002-02-28,Neo,105,113,tcgdex
Pokémon TCG,German,Expedition,,EX,,,,2002,2002-09-15,e-Card,165,165,tcgdex
Pokémon TCG,German,Aquapolis,,AQ,,,,2003,2003-01-15,e-Card,147,182,tcgdex
Pokémon TCG,German,Skyridge,,SK,,,,2003,2003-05-12,e-Card,144,182,tcgdex
Pokémon TCG,German,EX Rubin & Saphir,,RS,,,,2003,2003-07-01,EX,109,109,tcgdex
Pokémon TCG,German,EX Sandsturm,,SS,,,,2003,2003-09-18,EX,100,100,tcgdex
Pokémon TCG,German,EX Drache,,DR,,,,2003,2003-11-24,EX,97,100,tcgdex
Pokémon TCG,German,EX Team Magma vs Team Aqua,,MA,,,,2004,2004-03-01,EX,95,97,tcgdex
Pokémon TCG,German,EX Feuerrot & Blattgrün,,RG,,,,2004,2004-09-01,EX,112,116,tcgdex
Pokémon TCG,German,EX Deoxys,,DX,,,,2005,2005-02-01,EX,107,108,tcgdex
Pokémon TCG,German,EX Smaragd,,EM,,,,2005,2005-05-09,EX,106,107,tcgdex
Pokémon TCG,German,EX Verborgene Mächte,,UF,,,,2005,2005-08-22,EX,115,117,tcgdex
Pokémon TCG,German,EX Verborgene Mächte Icognito,,exu,,,,2005,2005-08-22,EX,28,0,tcgdex
Pokémon TCG,German,EX Delta Species,,DS,,,,2005,2005-10-31,EX,113,114,tcgdex
Pokémon TCG,German,EX Legend Maker,,LM,,,,2006,2006-02-13,EX,92,93,tcgdex
Pokémon TCG,German,EX Holon Phantoms,,HP,,,,2006,2006-05-03,EX,110,111,tcgdex
Pokémon TCG,German,EX Crystal Guardians,,CG,,,,2006,2006-08-30,EX,100,100,tcgdex
Pokémon TCG,German,EX Dragon Frontiers,,DF,,,,2006,2006-11-08,EX,101,101,tcgdex
Pokémon TCG,German,EX Power Keepers,,PK,,,,2007,2007-02-17,EX,108,108,tcgdex
Pokémon TCG,German,Diamant & Perl,,DP,,,,2007,2007-05-01,Diamant & Perl,130,130,tcgdex
Pokémon TCG,German,Promo DP,,dpp,,,,2007,2007-05-01,Diamant & Perl,56,56,tcgdex
Pokémon TCG,German,Geheimnisvolle Schätze,,MT,,,,2007,2007-08-01,Diamant & Perl,123,124,tcgdex
Pokémon TCG,German,Rätselhafte Wunder,,SW,,,,2007,2007-11-01,Diamant & Perl,132,132,tcgdex
Pokémon TCG,German,Epische Begegnungen,,GE,,,,2008,2008-02-01,Diamant & Perl,106,106,tcgdex
Pokémon TCG,German,Majestätischer Morgen,,MD,,,,2008,2008-05-01,Diamant & Perl,100,100,tcgdex
Pokémon TCG,German,Erwachte Legenden,,LA,,,,2008,2008-08-01,Diamant & Perl,146,146,tcgdex
Pokémon TCG,German,Sturmtief,,SF,,,,2008,2008-11-01,Diamant & Perl,100,106,tcgdex
Pokémon TCG,German,Platin,,PL,,,,2009,2009-02-11,Platin,127,133,tcgdex
Pokémon TCG,German,Aufstieg der Rivalen,,RR,,,,2009,2009-05-16,Platin,111,120,tcgdex
Pokémon TCG,German,Ultimative Sieger,,SV,,,,2009,2009-08-19,Platin,147,153,tcgdex
Pokémon TCG,German,Arceus,,AR,,,,2009,2009-11-04,Platin,99,111,tcgdex
Pokémon TCG,German,HeartGold SoulSilver,,HS,,,,2010,2010-02-10,HeartGold SoulSilver,123,124,tcgdex
Pokémon TCG,German,Promo HGSS,,hgssp,,,,2010,2010-02-11,HeartGold SoulSilver,25,0,tcgdex
Pokémon TCG,German,Entfesselt,,UL,,,,2010,2010-05-12,HeartGold SoulSilver,95,96,tcgdex
Pokémon TCG,German,Unerschrocken,,UND,,,,2010,2010-08-18,HeartGold SoulSilver,90,91,tcgdex
Pokémon TCG,German,Triumph,,TRI,,,,2010,2010-11-03,HeartGold SoulSilver,102,103,tcgdex
Pokémon TCG,German,Ruf der Legenden,,COL,,,,2011,2011-02-09,Ruf der Legenden,95,106,tcgdex
Pokémon TCG,German,Schwarz & Weiß,,BLW,,,,2011,2011-04-25,Schwarz & Weiß,114,115,tcgdex
Pokémon TCG,German,SW Promokarten,,BWP,,,,2011,2011-04-26,Schwarz & Weiß,101,0,tcgdex
Pokémon TCG,German,Aufstreben der Mächtigen,,EP,,,,2011,2011-08-31,Schwarz & Weiß,98,98,tcgdex
Pokémon TCG,German,Königliche Siege,,NVI,,,,2011,2011-11-16,Schwarz & Weiß,101,102,tcgdex
Pokémon TCG,German,Kommende Schicksale,,NXD,,,,2012,2012-02-08,Schwarz & Weiß,99,103,tcgdex
Pokémon TCG,German,Erfoscher der Finsternis,,DEX,,,,2012,2012-05-09,Schwarz & Weiß,108,111,tcgdex
Pokémon TCG,German,Hoheit der Drachen,,DRX,,,,2012,2012-08-15,Schwarz & Weiß,124,128,tcgdex
Pokémon TCG,German,Drachengruft,,DRV,,,,2012,2012-10-05,Schwarz & Weiß,20,0,tcgdex
Pokémon TCG,German,Überschrittene Schwellen,,BCR,,,,2012,2012-11-07,Schwarz & Weiß,149,153,tcgdex
Pokémon TCG,German,Plasma-Sturm,,PLS,,,,2013,2013-02-06,Schwarz & Weiß,135,138,tcgdex
Pokémon TCG,German,Plasma-Frost,,PLF,,,,2013,2013-05-08,Schwarz & Weiß,116,122,tcgdex
Pokémon TCG,German,Plasma-Blaster,,PLB,,,,2013,2013-08-14,Schwarz & Weiß,101,105,tcgdex
Pokémon TCG,German,XY Promokarten,,XYP,,,,2013,2013-10-12,XY,211,0,tcgdex
Pokémon TCG,German,Willkommen in Kalos,,KSS,,,,2013,2013-11-08,XY,39,39,tcgdex
Pokémon TCG,German,Gelbes-A-Alternativkarten,,xya,,,,2014,2014-02-05,XY,6,0,tcgdex
Pokémon TCG,German,XY,,XY,,,,2014,2014-02-05,XY,146,146,tcgdex
Pokémon TCG,German,Flammenmeer,,FLF,,,,2014,2014-05-07,XY,106,109,tcgdex
Pokémon TCG,German,Fliegende Fäuste,,FFI,,,,2014,2014-08-13,XY,111,113,tcgdex
Pokémon TCG,German,Phantomkräfte,,PHF,,,,2014,2014-11-05,XY,119,122,tcgdex
Pokémon TCG,German,Protoshock,,PRC,,,,2015,2015-02-04,XY,160,164,tcgdex
Pokémon TCG,German,Drachenleuchten,,ROS,,,,2015,2015-05-06,XY,108,110,tcgdex
Pokémon TCG,German,Ewiger Anfang,,AOR,,,,2015,2015-08-12,XY,98,100,tcgdex
Pokémon TCG,German,TURBOstart,,BKT,,,,2015,2015-11-04,XY,162,164,tcgdex
Pokémon TCG,German,TURBOfieber,,BKP,,,,2016,2016-02-03,XY,122,123,tcgdex
Pokémon TCG,German,Generationen,,GEN,,,,2016,2016-02-22,XY,83,0,tcgdex
Pokémon TCG,German,Schicksalsschmiede,,FCO,,,,2016,2016-05-02,XY,124,125,tcgdex
Pokémon TCG,German,Dampfkessel,,STS,,,,2016,2016-08-03,XY,114,116,tcgdex
Pokémon TCG,German,Evolution,,EVO,,,,2016,2016-11-02,XY,108,113,tcgdex
Pokémon TCG,German,SM Promokarten,,SMP,,,,2017,2017-02-03,Sonne & Mond,248,240,tcgdex
Pokémon TCG,German,Sonne & Mond,,SUM,,,,2017,2017-02-03,Sonne & Mond,149,163,tcgdex
Pokémon TCG,German,Stunde der Wächter,,GRI,,,,2017,2017-05-05,Sonne & Mond,145,169,tcgdex
Pokémon TCG,German,Nacht in Flammen,,BUS,,,,2017,2017-08-04,Sonne & Mond,147,169,tcgdex
Pokémon TCG,German,Schimmernde Legenden,,SLG,,,,2017,2017-10-06,Sonne & Mond,73,78,tcgdex
Pokémon TCG,German,Aufziehen der Sturmröte,,CIN,,,,2017,2017-11-03,Sonne & Mond,111,124,tcgdex
Pokémon TCG,German,Ultra-Prisma,,UPR,,,,2018,2018-02-02,Sonne & Mond,156,173,tcgdex
Pokémon TCG,German,Grauen Der Lichtfinsternis,,FLI,,,,2018,2018-05-04,Sonne & Mond,131,146,tcgdex
Pokémon TCG,German,Sturm Am Firmament,,CES,,,,2018,2018-08-03,Sonne & Mond,168,183,tcgdex
Pokémon TCG,German,Majestät Der Drachen,,DRM,,,,2018,2018-09-07,Sonne & Mond,70,78,tcgdex
Pokémon TCG,German,Echo des Donners,,LOT,,,,2018,2018-11-02,Sonne & Mond,214,236,tcgdex
Pokémon TCG,German,Teams Sind Trumpf,,TEU,,,,2019,2019-01-31,Sonne & Mond,181,196,tcgdex
Pokémon TCG,German,Meisterdetektiv Pikachu,,DET,,,,2019,2019-03-29,Sonne & Mond,18,18,tcgdex
Pokémon TCG,German,Kräfte im Einklang,,UNB,,,,2019,2019-05-03,Sonne & Mond,214,234,tcgdex
Pokémon TCG,German,Bund der Gleichgesinnten,,UNM,,,,2019,2019-08-02,Sonne & Mond,236,258,tcgdex
Pokémon TCG,German,Verborgenes Schicksal,,HIF,,,,2019,2019-08-23,Sonne & Mond,68,0,tcgdex
Pokémon TCG,German,Verborgenes Schicksal Glitzer-Tresor,,sma,,,,2019,2019-08-23,Sonne & Mond,94,0,tcgdex
Pokémon TCG,German,Welten im Wandel,,CEC,,,,2019,2019-11-01,Sonne & Mond,236,271,tcgdex
Pokémon TCG,German,SCSC Promokarten,,swshp,,,,2019,2019-11-15,Schwert & Schild,307,299,tcgdex
Pokémon TCG,German,Schwert & Schild,,SSH,,,,2020,2020-02-07,Schwert & Schild,202,216,tcgdex
Pokémon TCG,German,Clash der Rebellen,,RCL,,,,2020,2020-05-01,Schwert & Schild,192,209,tcgdex
Pokémon TCG,German,Flammende Finsternis,,DAA,,,,2020,2020-08-14,Schwert & Schild,189,201,tcgdex
Pokémon TCG,German,Weg des Champs,,CPA,,,,2020,2020-09-25,Schwert & Schild,73,80,tcgdex
Pokémon TCG,German,Farbenschock,,VIV,,,,2020,2020-11-13,Schwert & Schild,185,203,tcgdex
Pokémon TCG,German,Glänzendes Schicksal,,SHF,,,,2021,2021-02-19,Schwert & Schild,72,73,tcgdex
Pokémon TCG,German,Glänzendes Schicksal Glitzer-Tresor,,SHF:SV,,,,2021,2021-02-19,Schwert & Schild,122,122,tcgdex
Pokémon TCG,German,Kampfstile,,BST,,,,2021,2021-03-19,Schwert & Schild,163,183,tcgdex
Pokémon TCG,German,Schaurige Herrschaft,,CRE,,,,2021,2021-06-18,Schwert & Schild,198,233,tcgdex
Pokémon TCG,German,Drachenwandel,,EVS,,,,2021,2021-08-27,Schwert & Schild,203,237,tcgdex
Pokémon TCG,German,Celebrations,,CEL,,,,2021,2021-10-08,Schwert & Schild,25,25,tcgdex
Pokémon TCG,German,Celebrations Klassische Kollektion,,CEL:CC,,,,2021,2021-10-08,Schwert & Schild,25,0,tcgdex
Pokémon TCG,German,Fusions Angriff,,FST,,,,2021,2021-11-12,Schwert & Schild,264,284,tcgdex
Pokémon TCG,German,Strahlende Sterne,,BRS,,,,2022,2022-02-25,Schwert & Schild,172,186,tcgdex
Pokémon TCG,German,Strahlende Sterne Trainer-Galerie,,BRS:TG,,,,2022,2022-02-25,Schwert & Schild,30,30,tcgdex
Pokémon TCG,German,Astralglanz,,ASR,,,,2022,2022-05-27,Schwert & Schild,189,216,tcgdex
Pokémon TCG,German,Astralglanz Trainer-Galerie,,ASR:TG,,,,2022,2022-05-27,Schwert & Schild,30,30,tcgdex
Pokémon TCG,German,Pokémon GO,,PGO,,,,2022,2022-07-01,Schwert & Schild,78,88,tcgdex
Pokémon TCG,German,Verlorener Ursprung,,LOR,,,,2022,2022-09-09,Schwert & Schild,196,217,tcgdex
Pokémon TCG,German,Verlorener Ursprung Trainer-Galerie,,LOR:TG,,,,2022,2022-09-09,Schwert & Schild,30,30,tcgdex
Pokémon TCG,German,Silberne Sturmwinde,,SIT,,,,2022,2022-11-11,Schwert & Schild,195,215,tcgdex
Pokémon TCG,German,Silberne Sturmwinde Trainer-Galerie,,SIT:TG,,,,2022,2022-11-11,Schwert & Schild,30,30,tcgdex
Pokémon TCG,German,Zenit der Könige,,CRZ,,,,2023,2023-01-20,Schwert & Schild,159,160,tcgdex
Pokémon TCG,German,Zenit der Könige Galar-Galerie,,CRZ:GG,,,,2023,2023-01-20,Schwert & Schild,70,70,tcgdex
Pokémon TCG,German,Karmesin & Purpur,,SVI,,,,2023,2023-03-31,Karmesin & Purpur,198,258,tcgdex
Pokémon TCG,German,Karmesin & Purpur Energie,,SVE,,,,2023,2023-03-31,Karmesin & Purpur,24,24,tcgdex
Pokémon TCG,German,SVP Black Star Promos,,SVP,,,,2023,2023-03-31,Karmesin & Purpur,225,216,tcgdex
Pokémon TCG,German,Entwicklungen in Paldea,,PAL,,,,2023,2023-06-09,Karmesin & Purpur,193,279,tcgdex
Pokémon TCG,German,Obsidian Flammen,,OBF,,,,2023,2023-08-11,Karmesin & Purpur,197,230,tcgdex
Pokémon TCG,German,151,,MEW,,,,2023,2023-09-22,Karmesin & Purpur,165,207,tcgdex
Pokémon TCG,German,Paradoxrift,,PAR,,,,2023,2023-11-03,Karmesin & Purpur,182,266,tcgdex
Pokémon TCG,German,Paldeas Schicksale,,PAF,,,,2024,2024-01-26,Karmesin & Purpur,91,245,tcgdex
Pokémon TCG,German,Gewalten der Zeit,,TEF,,,,2024,2024-03-22,Karmesin & Purpur,162,218,tcgdex
Pokémon TCG,German,Maskerade im Zwielicht,,TWM,,,,2024,2024-05-24,Karmesin & Purpur,167,226,tcgdex
Pokémon TCG,German,Nebel der Sagen,,SFA,,,,2024,2024-08-02,Karmesin & Purpur,64,99,tcgdex
Pokémon TCG,German,Stellarkrone,,SCR,,,,2024,2024-09-13,Karmesin & Purpur,142,175,tcgdex
Pokémon TCG,German,PROMO-A,,P-A,,,,2024,2024-10-30,Pokémon‑Sammelkartenspiel‑Pocket,0,73,tcgdex
Pokémon TCG,German,Unschlagbare Gene,,A1,,,,2024,2024-10-30,Pokémon‑Sammelkartenspiel‑Pocket,226,286,tcgdex
Pokémon TCG,German,Stürmische Funken,,SSP,,,,2024,2024-11-08,Karmesin & Purpur,191,252,tcgdex
Pokémon TCG,German,Mysteriöse Insel,,A1a,,,,2024,2024-12-17,Pokémon‑Sammelkartenspiel‑Pocket,68,86,tcgdex
Pokémon TCG,German,Prismatische Entwicklungen,,PRE,,,,2025,2025-01-17,Karmesin & Purpur,131,180,tcgdex
Pokémon TCG,German,Kollision von Raum und Zeit,,A2,,,,2025,2025-01-30,Pokémon‑Sammelkartenspiel‑Pocket,140,207,tcgdex
Pokémon TCG,German,Licht des Triumphs,,A2a,,,,2025,2025-02-28,Pokémon‑Sammelkartenspiel‑Pocket,75,96,tcgdex
Pokémon TCG,German,Glänzendes Festival,,A2b,,,,2025,2025-03-27,Pokémon‑Sammelkartenspiel‑Pocket,72,111,tcgdex
Pokémon TCG,German,Reisegefährten,,JTG,,,,2025,2025-03-28,Karmesin & Purpur,159,190,tcgdex
Pokémon TCG,German,Hüter des Firmaments,,A3,,,,2025,2025-04-30,Pokémon‑Sammelkartenspiel‑Pocket,155,239,tcgdex
Pokémon TCG,German,Ewige Rivalen,,DRI,,,,2025,2025-05-30,Karmesin & Purpur,182,244,tcgdex
Pokémon TCG,German,Schwarze Blitze,,BLK,,,,2025,2025-07-17,Karmesin & Purpur,86,172,tcgdex
Pokémon TCG,German,Weiße Flammen,,WHT,,,,2025,2025-07-17,Karmesin & Purpur,86,173,tcgdex
Pokémon TCG,German,Verborgene Quelle,,A4a,,,,2025,2025-08-28,Pokémon‑Sammelkartenspiel‑Pocket,71,0,tcgdex
Pokémon TCG,German,Mega-Entwicklung Energie,,MEE,,,,2025,2025-09-25,Mega-Entwicklung,8,8,tcgdex
Pokémon TCG,German,MEP Black Star Promos,,MEP,,,,2025,2025-09-26,Mega-Entwicklung,0,60,tcgdex
Pokémon TCG,German,Mega-Entwicklung,,MEG,,,,2025,2025-09-26,Mega-Entwicklung,132,188,tcgdex
Pokémon TCG,German,Fatale Flammen,,PFL,,,,2025,2025-11-14,Mega-Entwicklung,94,130,tcgdex
Pokémon TCG,German,Feuerrote Flammen,,B1a,,,,2025,2025-12-17,Pokémon‑Sammelkartenspiel‑Pocket,69,0,tcgdex
Pokémon TCG,German,Traumhafte Parade,,B2,,,,2026,2026-01-29,Pokémon‑Sammelkartenspiel‑Pocket,155,0,tcgdex
Pokémon TCG,German,Erhabene Helden,,ASC,,,,2026,2026-01-30,Mega-Entwicklung,217,295,tcgdex
Pokémon TCG,German,Paldean Wonders,,B2a,,,,2026,2026-02-26,Pokémon‑Sammelkartenspiel‑Pocket,93,129,tcgdex
Pokémon TCG,German,Optimale Ordnung,,POR,,,,2026,2026-03-27,Mega-Entwicklung,88,124,tcgdex
Pokémon TCG,German,Wachsendes Chaos,,CRI,,,,2026,2026-05-22,Mega-Entwicklung,86,122,tcgdex
Pokémon TCG,German,Dunkelnacht,,PBL,,,,2026,2026-07-17,Mega-Entwicklung,84,120,tcgdex
Pokémon TCG,English,Miscellaneous Promos,Miscellaneous Promos,MP,,,,1996,1996-01-01,Other,1,1,"database.xlsx,tcgdex"
Pokémon TCG,English,Base Set,Base Set,BS,,,,1999,1999-01-09,Original Series,102,102,"database.xlsx,tcgdex"
Pokémon TCG,English,Base Set (Shadowless),Base Set (Shadowless),BS,,,,1999,1999-01-09,Original Series,,0,database.xlsx
Pokémon TCG,English,Jungle,Jungle,JU,,,,1999,1999-06-16,Original Series,64,64,"database.xlsx,tcgdex"
Pokémon TCG,English,Topps Series 1,Topps Series 1,,,,,1999,1999-06-28,Topps Series,,0,database.xlsx
Pokémon TCG,English,Wizards Black Star Promos,,basep,,,,1999,1999-07-01,Base,53,53,tcgdex
Pokémon TCG,English,Wizards of the Coast Promos,Wizards of the Coast Promos,WP,,,,1999,1999-07-01,Original Series,7,0,"database.xlsx,tcgdex"
Pokémon TCG,English,Fossil,Fossil,FO,,,,1999,1999-10-10,Original Series,62,62,"database.xlsx,tcgdex"
Pokémon TCG,English,The First Movie,The First Movie,,,,,1999,1999-11-12,Topps Series,,0,database.xlsx
Pokémon TCG,English,Jumbo cards,,jumbo,,,,2000,2000-02-01,Miscellaneous,160,0,tcgdex
Pokémon TCG,English,Base Set 2,Base Set 2,B2,,,,2000,2000-02-24,Original Series,130,130,"database.xlsx,tcgdex"
Pokémon TCG,English,Team Rocket,Team Rocket,TR,,,,2000,2000-04-24,Original Series,82,83,"database.xlsx,tcgdex"
Pokémon TCG,English,Topps Chrome Series 1,Topps Chrome Series 1,,,,,2000,2000-06-01,Topps Series,,0,database.xlsx
Pokémon TCG,English,Topps Series 2,Topps Series 2,,,,,2000,2000-06-01,Topps Series,,0,database.xlsx
Pokémon TCG,English,The Movie 2000,The Movie 2000,,,,,2000,2000-07-01,Topps Series,,0,database.xlsx
Pokémon TCG,English,Gym Heroes,Gym Heroes,G1,,,,2000,2000-08-14,Original Series,132,132,"database.xlsx,tcgdex"
Pokémon TCG,English,Gym Challenge,Gym Challenge,G2,,,,2000,2000-10-16,Original Series,132,132,"database.xlsx,tcgdex"
Pokémon TCG,English,Topps Chrome Series 2,Topps Chrome Series 2,,,,,2000,2000-12-01,Topps Series,,0,database.xlsx
Pokémon TCG,English,Topps Series 3,Topps Series 3,,,,,2000,2000-12-01,Topps Series,,0,database.xlsx
Pokémon TCG,English,Neo Genesis,Neo Genesis,N1,,,,2000,2000-12-16,Neo Series,111,111,"database.xlsx,tcgdex"
Pokémon TCG,English,Johto Series 1,Johto Series 1,,,,,2001,2001-02-01,Topps Series,,0,database.xlsx
Pokémon TCG,English,Johto Series 3,Johto Series 3,,,,,2001,2001-05-01,Topps Series,,0,database.xlsx
Pokémon TCG,English,Neo Discovery,Neo Discovery,N2,,,,2001,2001-06-01,Neo Series,75,75,"database.xlsx,tcgdex"
Pokémon TCG,English,Southern Islands,Southern Islands,SI,,,,2001,2001-07-31,Other,18,18,"database.xlsx,tcgdex"
Pokémon TCG,English,Neo Revelation,Neo Revelation,N3,,,,2001,2001-09-21,Neo Series,64,66,"database.xlsx,tcgdex"
Pokémon TCG,English,Johto League Champions,Johto League Champions,,,,,2001,2001-11-01,Topps Series,,0,database.xlsx
Pokémon TCG,English,Energize Your Game Cycle 2002,Energize Your Game Cycle 2002,EN02,,,,2002,2002-01-01,Unnumbered Energies,,0,database.xlsx
Pokémon TCG,English,Neo Destiny,Neo Destiny,N4,,,,2002,2002-02-28,Neo Series,105,113,"database.xlsx,tcgdex"
Pokémon TCG,English,Legendary Collection,Legendary Collection,LC,,,,2002,2002-05-24,Legendary Collection Series,110,110,"database.xlsx,tcgdex"
Pokémon TCG,English,Sample,,sp,,,,2002,2002-08-01,E-Card,10,0,tcgdex
Pokémon TCG,English,Expedition Base Set,Expedition Base Set,EX,,,,2002,2002-09-15,e-Card Series,165,165,"database.xlsx,tcgdex"
Pokémon TCG,English,Best of Game,Best of Game,BG,,,,2002,2002-12-01,Other,9,9,"database.xlsx,tcgdex"
Pokémon TCG,English,Aquapolis,Aquapolis,AQ,,,,2003,2003-01-15,e-Card Series,147,181,"database.xlsx,tcgdex"
Pokémon TCG,English,Advanced,Advanced,,,,,2003,2003-05-01,Topps Series,,0,database.xlsx
Pokémon TCG,English,Skyridge,Skyridge,SK,,,,2003,2003-05-12,e-Card Series,144,182,"database.xlsx,tcgdex"
Pokémon TCG,English,EX Ruby & Sapphire,EX Ruby & Sapphire,RS,,,,2003,2003-06-18,EX Series,109,109,"database.xlsx,tcgdex"
Pokémon TCG,English,Nintendo Promos,Nintendo Promos,NP,,,,2003,2003-09-01,EX Series,40,40,"database.xlsx,tcgdex"
Pokémon TCG,English,EX Sandstorm,EX Sandstorm,SS,,,,2003,2003-09-17,EX Series,100,100,"database.xlsx,tcgdex"
Pokémon TCG,English,EX Dragon,EX Dragon,DR,,,,2003,2003-11-24,EX Series,97,100,"database.xlsx,tcgdex"
Pokémon TCG,English,EX Team Magma vs Team Aqua,EX Team Magma vs Team Aqua,MA,,,,2004,2004-03-15,EX Series,95,97,"database.xlsx,tcgdex"
Pokémon TCG,English,Advanced Challenge,Advanced Challenge,HL,,,,2004,2004-06-01,Topps Series,101,102,"database.xlsx,tcgdex"
Pokémon TCG,English,EX Trainer Kit (Latias),EX Trainer Kit (Latias),TK1A,,,,2004,2004-07-01,Trainer & Deck Kits,10,10,"database.xlsx,tcgdex"
Pokémon TCG,English,EX Trainer Kit (Latios),EX Trainer Kit (Latios),TK1O,,,,2004,2004-07-01,Trainer & Deck Kits,10,10,"database.xlsx,tcgdex"
Pokémon TCG,English,Poké Card Creator Pack,Poké Card Creator Pack,PCP,,,,2004,2004-07-01,Other,5,5,"database.xlsx,tcgdex"
Pokémon TCG,English,EX FireRed & LeafGreen,EX FireRed & LeafGreen,RG,,,,2004,2004-08-30,EX Series,112,116,"database.xlsx,tcgdex"
Pokémon TCG,English,POP Series 1,POP Series 1,POP1,,,,2004,2004-09-01,Play! Pokémon Series,17,17,"database.xlsx,tcgdex"
Pokémon TCG,English,Team Rocket Returns,,TR,,,,2004,2004-11-01,EX,109,111,tcgdex
Pokémon TCG,English,WC Deck 2004 (Blaziken Tech),WC Deck 2004 (Blaziken Tech),,,,,2004,2004-11-01,World Championships Decks,,0,database.xlsx
Pokémon TCG,English,WC Deck 2004 (Magma Spirit),WC Deck 2004 (Magma Spirit),,,,,2004,2004-11-01,World Championships Decks,,0,database.xlsx
Pokémon TCG,English,WC Deck 2004 (Rocky Beach),WC Deck 2004 (Rocky Beach),,,,,2004,2004-11-01,World Championships Decks,,0,database.xlsx
Pokémon TCG,English,WC Deck 2004 (Team Rushdown),WC Deck 2004 (Team Rushdown),,,,,2004,2004-11-01,World Championships Decks,,0,database.xlsx
Pokémon TCG,English,EX Team Rocket Returns,EX Team Rocket Returns,TR,,,,2004,2004-11-08,EX Series,,0,database.xlsx
Pokémon TCG,English,2005 Energies,2005 Energies,EN05,,,,2005,2005-01-01,Unnumbered Energies,,0,database.xlsx
Pokémon TCG,English,EX Deoxys,EX Deoxys,DX,,,,2005,2005-02-14,EX Series,107,108,"database.xlsx,tcgdex"
Pokémon TCG,English,EX Emerald,EX Emerald,EM,,,,2005,2005-05-09,EX Series,106,107,"database.xlsx,tcgdex"
Pokémon TCG,English,POP Series 2,POP Series 2,POP2,,,,2005,2005-08-01,Play! Pokémon Series,17,17,"database.xlsx,tcgdex"
Pokémon TCG,English,EX Unseen Forces,EX Unseen Forces,UF,,,,2005,2005-08-22,EX Series,115,117,"database.xlsx,tcgdex"
Pokémon TCG,English,Unseen Forces Unown Collection,,exu,,,,2005,2005-08-22,EX,28,28,tcgdex
Pokémon TCG,English,EX Delta Species,EX Delta Species,DS,,,,2005,2005-10-31,EX Series,113,114,"database.xlsx,tcgdex"
Pokémon TCG,English,WC Deck 2005 (Bright Aura),WC Deck 2005 (Bright Aura),,,,,2005,2005-10-31,World Championships Decks,,0,database.xlsx
Pokémon TCG,English,WC Deck 2005 (Dark Tyranitar),WC Deck 2005 (Dark Tyranitar),,,,,2005,2005-10-31,World Championships Decks,,0,database.xlsx
Pokémon TCG,English,WC Deck 2005 (King of the West),WC Deck 2005 (King of the West),,,,,2005,2005-10-31,World Championships Decks,,0,database.xlsx
Pokémon TCG,English,WC Deck 2005 (Queendom),WC Deck 2005 (Queendom),,,,,2005,2005-10-31,World Championships Decks,,0,database.xlsx
Pokémon TCG,English,2006 Energies,2006 Energies,EN06,,,,2006,2006-01-01,Unnumbered Energies,,0,database.xlsx
Pokémon TCG,English,EX Legend Maker,EX Legend Maker,LM,,,,2006,2006-02-13,EX Series,92,93,"database.xlsx,tcgdex"
Pokémon TCG,English,EX Trainer Kit 2 (Minun),EX Trainer Kit 2 (Minun),TK2M,,,,2006,2006-03-01,Trainer & Deck Kits,12,12,"database.xlsx,tcgdex"
Pokémon TCG,English,EX Trainer Kit 2 (Plusle),EX Trainer Kit 2 (Plusle),TK2P,,,,2006,2006-03-01,Trainer & Deck Kits,12,12,"database.xlsx,tcgdex"
Pokémon TCG,English,POP Series 3,POP Series 3,POP3,,,,2006,2006-04-01,Play! Pokémon Series,17,17,"database.xlsx,tcgdex"
Pokémon TCG,English,EX Holon Phantoms,EX Holon Phantoms,HP,,,,2006,2006-05-03,EX Series,110,111,"database.xlsx,tcgdex"
Pokémon TCG,English,POP Series 4,POP Series 4,POP4,,,,2006,2006-08-01,Play! Pokémon Series,17,17,"database.xlsx,tcgdex"
Pokémon TCG,English,Next Quest,Next Quest,,,,,2006,2006-08-27,Other,,0,database.xlsx
Pokémon TCG,English,EX Crystal Guardians,EX Crystal Guardians,CG,,,,2006,2006-08-30,EX Series,100,100,"database.xlsx,tcgdex"
Pokémon TCG,English,WC Deck 2006 (B-L-S),WC Deck 2006 (B-L-S),,,,,2006,2006-10-31,World Championships Decks,,0,database.xlsx
Pokémon TCG,English,WC Deck 2006 (Eeveelutions),WC Deck 2006 (Eeveelutions),,,,,2006,2006-10-31,World Championships Decks,,0,database.xlsx
Pokémon TCG,English,WC Deck 2006 (Mewtrick),WC Deck 2006 (Mewtrick),,,,,2006,2006-10-31,World Championships Decks,,0,database.xlsx
Pokémon TCG,English,WC Deck 2006 (Suns & Moons),WC Deck 2006 (Suns & Moons),,,,,2006,2006-10-31,World Championships Decks,,0,database.xlsx
Pokémon TCG,English,EX Dragon Frontiers,EX Dragon Frontiers,DF,,,,2006,2006-11-08,EX Series,101,101,"database.xlsx,tcgdex"
Pokémon TCG,English,EX Power Keepers,EX Power Keepers,PK,,,,2007,2007-02-14,EX Series,108,108,"database.xlsx,tcgdex"
Pokémon TCG,English,POP Series 5,POP Series 5,POP5,,,,2007,2007-03-01,Play! Pokémon Series,17,17,"database.xlsx,tcgdex"
Pokémon TCG,English,Diamond & Pearl Promos,Diamond & Pearl Promos,DPP,,,,2007,2007-05-01,Diamond & Pearl Series,56,56,"database.xlsx,tcgdex"
Pokémon TCG,English,2007 Energies,2007 Energies,EN07,,,,2007,2007-05-23,Unnumbered Energies,,0,database.xlsx
Pokémon TCG,English,Diamond & Pearl,Diamond & Pearl,DP,,,,2007,2007-05-23,Diamond & Pearl Series,130,130,"database.xlsx,tcgdex"
Pokémon TCG,English,Mysterious Treasures,Mysterious Treasures,MT,,,,2007,2007-08-22,Diamond & Pearl Series,123,124,"database.xlsx,tcgdex"
Pokémon TCG,English,DP Trainer Kit (Lucario),DP Trainer Kit (Lucario),TK3L,,,,2007,2007-09-01,Trainer & Deck Kits,11,11,"database.xlsx,tcgdex"
Pokémon TCG,English,DP Trainer Kit (Manaphy),DP Trainer Kit (Manaphy),TK3M,,,,2007,2007-09-01,Trainer & Deck Kits,12,12,"database.xlsx,tcgdex"
Pokémon TCG,English,POP Series 6,POP Series 6,POP6,,,,2007,2007-09-01,Play! Pokémon Series,17,17,"database.xlsx,tcgdex"
Pokémon TCG,English,Secret Wonders,Secret Wonders,SW,,,,2007,2007-11-07,Diamond & Pearl Series,132,132,"database.xlsx,tcgdex"
Pokémon TCG,English,WC Deck 2007 (Flyvees),WC Deck 2007 (Flyvees),,,,,2007,2007-11-19,World Championships Decks,,0,database.xlsx
Pokémon TCG,English,WC Deck 2007 (Legendary Ascent),WC Deck 2007 (Legendary Ascent),,,,,2007,2007-11-19,World Championships Decks,,0,database.xlsx
Pokémon TCG,English,WC Deck 2007 (Rambolt),WC Deck 2007 (Rambolt),,,,,2007,2007-11-19,World Championships Decks,,0,database.xlsx
Pokémon TCG,English,WC Deck 2007 (Swift Empoleon),WC Deck 2007 (Swift Empoleon),,,,,2007,2007-11-19,World Championships Decks,,0,database.xlsx
Pokémon TCG,English,Great Encounters,Great Encounters,GE,,,,2008,2008-02-13,Diamond & Pearl Series,106,106,"database.xlsx,tcgdex"
Pokémon TCG,English,POP Series 7,POP Series 7,POP7,,,,2008,2008-03-01,Play! Pokémon Series,17,17,"database.xlsx,tcgdex"
Pokémon TCG,English,Majestic Dawn,Majestic Dawn,MD,,,,2008,2008-05-21,Diamond & Pearl Series,100,100,"database.xlsx,tcgdex"
Pokémon TCG,English,Burger King Collection 2008,Burger King Collection 2008,,,,,2008,2008-07-07,Other,,0,database.xlsx
Pokémon TCG,English,Legends Awakened,Legends Awakened,LA,,,,2008,2008-08-20,Diamond & Pearl Series,146,146,"database.xlsx,tcgdex"
Pokémon TCG,English,POP Series 8,POP Series 8,POP8,,,,2008,2008-09-01,Play! Pokémon Series,17,17,"database.xlsx,tcgdex"
Pokémon TCG,English,Stormfront,Stormfront,SF,,,,2008,2008-11-05,Diamond & Pearl Series,100,106,"database.xlsx,tcgdex"
Pokémon TCG,English,WC Deck 2008 (Bliss Control),WC Deck 2008 (Bliss Control),,,,,2008,2008-11-05,World Championships Decks,,0,database.xlsx
Pokémon TCG,English,WC Deck 2008 (Empotech),WC Deck 2008 (Empotech),,,,,2008,2008-11-05,World Championships Decks,,0,database.xlsx
Pokémon TCG,English,WC Deck 2008 (Intimidation),WC Deck 2008 (Intimidation),,,,,2008,2008-11-05,World Championships Decks,,0,database.xlsx
Pokémon TCG,English,WC Deck 2008 (Psychic Lock),WC Deck 2008 (Psychic Lock),,,,,2008,2008-11-05,World Championships Decks,,0,database.xlsx
Pokémon TCG,English,2009 Energies,2009 Energies,EN09,,,,2009,2009-01-01,Unnumbered Energies,,0,database.xlsx
Pokémon TCG,English,Platinum,Platinum,PL,,,,2009,2009-02-11,Platinum Series,127,133,"database.xlsx,tcgdex"
Pokémon TCG,English,POP Series 9,POP Series 9,POP9,,,,2009,2009-03-01,Play! Pokémon Series,17,17,"database.xlsx,tcgdex"
Pokémon TCG,English,Rising Rivals,Rising Rivals,RR,,,,2009,2009-05-20,Platinum Series,111,120,"database.xlsx,tcgdex"
Pokémon TCG,English,Burger King Collection 2009,Burger King Collection 2009,,,,,2009,2009-06-01,Other,,0,database.xlsx
Pokémon TCG,English,Supreme Victors,Supreme Victors,SV,,,,2009,2009-08-19,Platinum Series,147,153,"database.xlsx,tcgdex"
Pokémon TCG,English,WC Deck 2009 (Crowned Tiger),WC Deck 2009 (Crowned Tiger),,,,,2009,2009-10-28,World Championships Decks,,0,database.xlsx
Pokémon TCG,English,WC Deck 2009 (Luxdrill),WC Deck 2009 (Luxdrill),,,,,2009,2009-10-28,World Championships Decks,,0,database.xlsx
Pokémon TCG,English,WC Deck 2009 (Queengar),WC Deck 2009 (Queengar),,,,,2009,2009-10-28,World Championships Decks,,0,database.xlsx
Pokémon TCG,English,WC Deck 2009 (Stallgon),WC Deck 2009 (Stallgon),,,,,2009,2009-10-28,World Championships Decks,,0,database.xlsx
Pokémon TCG,English,Arceus,Arceus,AR,,,,2009,2009-11-04,Platinum Series,99,111,"database.xlsx,tcgdex"
Pokémon TCG,English,Pokémon Rumble,Pokémon Rumble,RM,,,,2009,2009-12-02,Other,16,16,"database.xlsx,tcgdex"
Pokémon TCG,English,2010 Energies,2010 Energies,EN10,,,,2010,2010-01-01,Unnumbered Energies,,0,database.xlsx
Pokémon TCG,English,HeartGold & SoulSilver Promos,HeartGold & SoulSilver Promos,HSP,,,,2010,2010-02-01,HeartGold & SoulSilver Series,,0,database.xlsx
Pokémon TCG,English,HeartGold & SoulSilver,HeartGold & SoulSilver,HS,,,,2010,2010-02-10,HeartGold & SoulSilver Series,123,124,"database.xlsx,tcgdex"
Pokémon TCG,English,HGSS Black Star Promos,,hgssp,,,,2010,2010-02-11,HeartGold & SoulSilver,25,25,tcgdex
Pokémon TCG,English,HGSS Trainer Kit (Gyarados),HGSS Trainer Kit (Gyarados),TK4G,,,,2010,2010-05-01,Trainer & Deck Kits,30,1,"database.xlsx,tcgdex"
Pokémon TCG,English,HGSS Trainer Kit (Raichu),HGSS Trainer Kit (Raichu),TK4R,,,,2010,2010-05-01,Trainer & Deck Kits,30,1,"database.xlsx,tcgdex"
Pokémon TCG,English,Unleashed,Unleashed,UL,,,,2010,2010-05-12,HeartGold & SoulSilver Series,95,96,"database.xlsx,tcgdex"
Pokémon TCG,English,Undaunted,Undaunted,UD,,,,2010,2010-08-18,HeartGold & SoulSilver Series,90,91,"database.xlsx,tcgdex"
Pokémon TCG,English,WC Deck 2010 (Boltevoir),WC Deck 2010 (Boltevoir),,,,,2010,2010-11-01,World Championships Decks,,0,database.xlsx
Pokémon TCG,English,WC Deck 2010 (Happy Luck),WC Deck 2010 (Happy Luck),,,,,2010,2010-11-01,World Championships Decks,,0,database.xlsx
Pokémon TCG,English,WC Deck 2010 (LuxChomp of the Spirit),WC Deck 2010 (LuxChomp of the Spirit),,,,,2010,2010-11-01,World Championships Decks,,0,database.xlsx
Pokémon TCG,English,WC Deck 2010 (Power Cottonweed),WC Deck 2010 (Power Cottonweed),,,,,2010,2010-11-01,World Championships Decks,,0,database.xlsx
Pokémon TCG,English,Triumphant,Triumphant,TM,,,,2010,2010-11-02,HeartGold & SoulSilver Series,102,103,"database.xlsx,tcgdex"
Pokémon TCG,English,2011 Energies,2011 Energies,EN11,,,,2011,2011-01-01,Unnumbered Energies,,0,database.xlsx
Pokémon TCG,English,Call of Legends,Call of Legends,CL,,,,2011,2011-02-09,Call of Legends Series,95,106,"database.xlsx,tcgdex"
Pokémon TCG,English,Black & White Promos,Black & White Promos,BWP,,,,2011,2011-03-01,Black & White Series,101,101,"database.xlsx,tcgdex"
Pokémon TCG,English,Black & White,Black & White,BLW,,,,2011,2011-04-25,Black & White Series,114,115,"database.xlsx,tcgdex"
Pokémon TCG,English,McDonald's Collection 2011,McDonald's Collection 2011,M11,,,,2011,2011-06-17,McDonald's Series,12,12,"database.xlsx,tcgdex"
Pokémon TCG,English,Emerging Powers,Emerging Powers,EPO,,,,2011,2011-08-31,Black & White Series,98,98,"database.xlsx,tcgdex"
Pokémon TCG,English,BW Trainer Kit (Excadrill),BW Trainer Kit (Excadrill),TK5E,,,,2011,2011-09-01,Trainer & Deck Kits,30,30,"database.xlsx,tcgdex"
Pokémon TCG,English,BW Trainer Kit (Zoroark),BW Trainer Kit (Zoroark),TK5Z,,,,2011,2011-09-01,Trainer & Deck Kits,30,30,"database.xlsx,tcgdex"
Pokémon TCG,English,WC Deck 2011 (Megazone),WC Deck 2011 (Megazone),,,,,2011,2011-10-01,World Championships Decks,,0,database.xlsx
Pokémon TCG,English,WC Deck 2011 (Reshiphlosion),WC Deck 2011 (Reshiphlosion),,,,,2011,2011-10-01,World Championships Decks,,0,database.xlsx
Pokémon TCG,English,WC Deck 2011 (The Truth),WC Deck 2011 (The Truth),,,,,2011,2011-10-01,World Championships Decks,,0,database.xlsx
Pokémon TCG,English,WC Deck 2011 (Twinboar),WC Deck 2011 (Twinboar),,,,,2011,2011-10-01,World Championships Decks,,0,database.xlsx
Pokémon TCG,English,Noble Victories,Noble Victories,NVI,,,,2011,2011-11-16,Black & White Series,101,102,"database.xlsx,tcgdex"
Pokémon TCG,English,Next Destinies,Next Destinies,NXD,,,,2012,2012-02-08,Black & White Series,99,103,"database.xlsx,tcgdex"
Pokémon TCG,English,Dark Explorers,Dark Explorers,DEX,,,,2012,2012-05-09,Black & White Series,108,111,"database.xlsx,tcgdex"
Pokémon TCG,English,McDonald's Collection 2012,McDonald's Collection 2012,M12,,,,2012,2012-06-15,McDonald's Series,12,12,"database.xlsx,tcgdex"
Pokémon TCG,English,Dragons Exalted,Dragons Exalted,DRX,,,,2012,2012-08-15,Black & White Series,124,128,"database.xlsx,tcgdex"
Pokémon TCG,English,Dragon Vault,Dragon Vault,DRV,,,,2012,2012-10-05,Black & White Series,20,21,"database.xlsx,tcgdex"
Pokémon TCG,English,WC Deck 2012 (CMT),WC Deck 2012 (CMT),,,,,2012,2012-11-01,World Championships Decks,,0,database.xlsx
Pokémon TCG,English,WC Deck 2012 (Eeltwo),WC Deck 2012 (Eeltwo),,,,,2012,2012-11-01,World Championships Decks,,0,database.xlsx
Pokémon TCG,English,WC Deck 2012 (Pesadelo Prism),WC Deck 2012 (Pesadelo Prism),,,,,2012,2012-11-01,World Championships Decks,,0,database.xlsx
Pokémon TCG,English,WC Deck 2012 (Terraki-Mewtwo),WC Deck 2012 (Terraki-Mewtwo),,,,,2012,2012-11-01,World Championships Decks,,0,database.xlsx
Pokémon TCG,English,Boundaries Crossed,Boundaries Crossed,BCR,,,,2012,2012-11-07,Black & White Series,149,153,"database.xlsx,tcgdex"
Pokémon TCG,English,2013 Energies,2013 Energies,EN13,,,,2013,2013-01-01,Unnumbered Energies,,0,database.xlsx
Pokémon TCG,English,Plasma Storm,Plasma Storm,PLS,,,,2013,2013-02-06,Black & White Series,135,138,"database.xlsx,tcgdex"
Pokémon TCG,English,Plasma Freeze,Plasma Freeze,PLF,,,,2013,2013-05-08,Black & White Series,116,122,"database.xlsx,tcgdex"
Pokémon TCG,English,Plasma Blast,Plasma Blast,PLB,,,,2013,2013-08-14,Black & White Series,101,105,"database.xlsx,tcgdex"
Pokémon TCG,English,XY Promos,XY Promos,XYP,,,,2013,2013-09-30,XY Series,211,211,"database.xlsx,tcgdex"
Pokémon TCG,English,McDonald's Collection 2013,McDonald's Collection 2013,M13,,,,2013,2013-10-13,McDonald's Series,,0,database.xlsx
Pokémon TCG,English,WC Deck 2013 (American Gothic),WC Deck 2013 (American Gothic),,,,,2013,2013-11-04,World Championships Decks,,0,database.xlsx
Pokémon TCG,English,WC Deck 2013 (Anguille Sous Roche),WC Deck 2013 (Anguille Sous Roche),,,,,2013,2013-11-04,World Championships Decks,,0,database.xlsx
Pokémon TCG,English,WC Deck 2013 (Darkrai),WC Deck 2013 (Darkrai),,,,,2013,2013-11-04,World Championships Decks,,0,database.xlsx
Pokémon TCG,English,WC Deck 2013 (Ultimate Team Plasma),WC Deck 2013 (Ultimate Team Plasma),,,,,2013,2013-11-04,World Championships Decks,,0,database.xlsx
Pokémon TCG,English,Legendary Treasures,Legendary Treasures,LTR,,,,2013,2013-11-06,Black & White Series,113,140,"database.xlsx,tcgdex"
Pokémon TCG,English,Legendary Treasures (Radiant Collection),Legendary Treasures (Radiant Collection),LTR,,,,2013,2013-11-06,Black & White Series,25,0,"database.xlsx,tcgdex"
Pokémon TCG,English,Kalos Starter Set,Kalos Starter Set,KSS,,,,2013,2013-11-08,XY Series,39,39,"database.xlsx,tcgdex"
Pokémon TCG,English,XY,XY,XY,,,,2014,2014-02-05,XY Series,146,146,"database.xlsx,tcgdex"
Pokémon TCG,English,Yellow A Alternate,Yellow A Alternate,xya,,,,2014,2014-02-05,Other,6,6,"database.xlsx,tcgdex"
Pokémon TCG,English,XY Trainer Kit (Noivern),XY Trainer Kit (Noivern),TK6N,,,,2014,2014-03-12,Trainer & Deck Kits,30,30,"database.xlsx,tcgdex"
Pokémon TCG,English,XY Trainer Kit (Sylveon),XY Trainer Kit (Sylveon),TK6S,,,,2014,2014-03-12,Trainer & Deck Kits,30,30,"database.xlsx,tcgdex"
Pokémon TCG,English,Flashfire,Flashfire,FLF,,,,2014,2014-05-07,XY Series,106,109,"database.xlsx,tcgdex"
Pokémon TCG,English,McDonald's Collection 2014,McDonald's Collection 2014,M14,,,,2014,2014-05-23,McDonald's Series,12,12,"database.xlsx,tcgdex"
Pokémon TCG,English,Furious Fists,Furious Fists,FFI,,,,2014,2014-08-13,XY Series,111,113,"database.xlsx,tcgdex"
Pokémon TCG,English,WC Deck 2014 (Crazy Punch),WC Deck 2014 (Crazy Punch),,,,,2014,2014-11-01,World Championships Decks,,0,database.xlsx
Pokémon TCG,English,WC Deck 2014 (Emerald King),WC Deck 2014 (Emerald King),,,,,2014,2014-11-01,World Championships Decks,,0,database.xlsx
Pokémon TCG,English,WC Deck 2014 (Plasma Power),WC Deck 2014 (Plasma Power),,,,,2014,2014-11-01,World Championships Decks,,0,database.xlsx
Pokémon TCG,English,WC Deck 2014 (Trevgor),WC Deck 2014 (Trevgor),,,,,2014,2014-11-01,World Championships Decks,,0,database.xlsx
Pokémon TCG,English,XY Trainer Kit (Bisharp),XY Trainer Kit (Bisharp),TK7B,,,,2014,2014-11-01,Trainer & Deck Kits,30,30,"database.xlsx,tcgdex"
Pokémon TCG,English,XY Trainer Kit (Wigglytuff),XY Trainer Kit (Wigglytuff),TK7W,,,,2014,2014-11-01,Trainer & Deck Kits,30,30,"database.xlsx,tcgdex"
Pokémon TCG,English,Phantom Forces,Phantom Forces,PHF,,,,2014,2014-11-05,XY Series,119,122,"database.xlsx,tcgdex"
Pokémon TCG,English,Primal Clash,Primal Clash,PRC,,,,2015,2015-02-04,XY Series,160,164,"database.xlsx,tcgdex"
Pokémon TCG,English,Double Crisis,Double Crisis,DCR,,,,2015,2015-03-25,XY Series,34,34,"database.xlsx,tcgdex"
Pokémon TCG,English,XY Trainer Kit (Latias),XY Trainer Kit (Latias),TK8A,,,,2015,2015-04-29,Trainer & Deck Kits,30,30,"database.xlsx,tcgdex"
Pokémon TCG,English,XY Trainer Kit (Latios),XY Trainer Kit (Latios),TK8O,,,,2015,2015-04-29,Trainer & Deck Kits,30,30,"database.xlsx,tcgdex"
Pokémon TCG,English,Roaring Skies,Roaring Skies,ROS,,,,2015,2015-05-06,XY Series,108,110,"database.xlsx,tcgdex"
Pokémon TCG,English,Ancient Origins,Ancient Origins,AOR,,,,2015,2015-08-12,XY Series,98,100,"database.xlsx,tcgdex"
Pokémon TCG,English,WC Deck 2015 (HonorStoise),WC Deck 2015 (HonorStoise),,,,,2015,2015-11-01,World Championships Decks,,0,database.xlsx
Pokémon TCG,English,WC Deck 2015 (Primal Groudon),WC Deck 2015 (Primal Groudon),,,,,2015,2015-11-01,World Championships Decks,,0,database.xlsx
Pokémon TCG,English,WC Deck 2015 (Punches 'n' Bites),WC Deck 2015 (Punches 'n' Bites),,,,,2015,2015-11-01,World Championships Decks,,0,database.xlsx
Pokémon TCG,English,WC Deck 2015 (The Flying Hammer),WC Deck 2015 (The Flying Hammer),,,,,2015,2015-11-01,World Championships Decks,,0,database.xlsx
Pokémon TCG,English,BREAKthrough,BREAKthrough,BKT,,,,2015,2015-11-04,XY Series,162,164,"database.xlsx,tcgdex"
Pokémon TCG,English,McDonald's Collection 2015,McDonald's Collection 2015,M15,,,,2015,2015-11-27,McDonald's Series,12,12,"database.xlsx,tcgdex"
Pokémon TCG,English,BREAKpoint,BREAKpoint,BKP,,,,2016,2016-02-03,XY Series,122,123,"database.xlsx,tcgdex"
Pokémon TCG,English,Generations,Generations,GEN,,,,2016,2016-02-22,XY Series,83,115,"database.xlsx,tcgdex"
Pokémon TCG,English,Generations (Radiant Collection),Generations (Radiant Collection),GEN,,,,2016,2016-02-22,XY Series,,0,database.xlsx
Pokémon TCG,English,XY Trainer Kit (Pikachu Libre),XY Trainer Kit (Pikachu Libre),TK9P,,,,2016,2016-04-27,Trainer & Deck Kits,30,30,"database.xlsx,tcgdex"
Pokémon TCG,English,XY Trainer Kit (Suicune),XY Trainer Kit (Suicune),TK9S,,,,2016,2016-04-27,Trainer & Deck Kits,30,30,"database.xlsx,tcgdex"
Pokémon TCG,English,Fates Collide,Fates Collide,FCO,,,,2016,2016-05-02,XY Series,124,125,"database.xlsx,tcgdex"
Pokémon TCG,English,Steam Siege,Steam Siege,STS,,,,2016,2016-08-03,XY Series,114,116,"database.xlsx,tcgdex"
Pokémon TCG,English,McDonald's Collection 2016,McDonald's Collection 2016,M16,,,,2016,2016-08-20,McDonald's Series,12,12,"database.xlsx,tcgdex"
Pokémon TCG,English,Sun & Moon Promos,Sun & Moon Promos,SMP,,,,2016,2016-10-31,Sun & Moon Series,248,248,"database.xlsx,tcgdex"
Pokémon TCG,English,WC Deck 2016 (Bebe Deck),WC Deck 2016 (Bebe Deck),,,,,2016,2016-11-01,World Championships Decks,,0,database.xlsx
Pokémon TCG,English,WC Deck 2016 (Black Dragon),WC Deck 2016 (Black Dragon),,,,,2016,2016-11-01,World Championships Decks,,0,database.xlsx
Pokémon TCG,English,WC Deck 2016 (Magical Symphony),WC Deck 2016 (Magical Symphony),,,,,2016,2016-11-01,World Championships Decks,,0,database.xlsx
Pokémon TCG,English,WC Deck 2016 (Ninja Blitz),WC Deck 2016 (Ninja Blitz),,,,,2016,2016-11-01,World Championships Decks,,0,database.xlsx
Pokémon TCG,English,Evolutions,Evolutions,EVO,,,,2016,2016-11-02,XY Series,108,113,"database.xlsx,tcgdex"
Pokémon TCG,English,2017 Energies,2017 Energies,EN17,,,,2017,2017-02-03,Unnumbered Energies,,0,database.xlsx
Pokémon TCG,English,Sun & Moon,Sun & Moon,SUM,,,,2017,2017-02-03,Sun & Moon Series,149,172,"database.xlsx,tcgdex"
Pokémon TCG,English,SM Trainer Kit (Alolan Raichu),SM Trainer Kit (Alolan Raichu),TK10R,,,,2017,2017-04-21,Trainer & Deck Kits,30,19,"database.xlsx,tcgdex"
Pokémon TCG,English,SM Trainer Kit (Lycanroc),SM Trainer Kit (Lycanroc),TK10L,,,,2017,2017-04-21,Trainer & Deck Kits,30,18,"database.xlsx,tcgdex"
Pokémon TCG,English,Guardians Rising,Guardians Rising,GRI,,,,2017,2017-05-05,Sun & Moon Series,145,169,"database.xlsx,tcgdex"
Pokémon TCG,English,McDonald's Collection 2017,McDonald's Collection 2017,M17,,,,2017,2017-08-03,McDonald's Series,12,12,"database.xlsx,tcgdex"
Pokémon TCG,English,Burning Shadows,Burning Shadows,BUS,,,,2017,2017-08-04,Sun & Moon Series,147,169,"database.xlsx,tcgdex"
Pokémon TCG,English,Shining Legends,Shining Legends,SLG,,,,2017,2017-10-06,Sun & Moon Series,73,78,"database.xlsx,tcgdex"
Pokémon TCG,English,Crimson Invasion,Crimson Invasion,CIN,,,,2017,2017-11-03,Sun & Moon Series,111,124,"database.xlsx,tcgdex"
Pokémon TCG,English,WC Deck 2017 (Golisodor),WC Deck 2017 (Golisodor),,,,,2017,2017-11-17,World Championships Decks,,0,database.xlsx
Pokémon TCG,English,WC Deck 2017 (Ice Path FTW),WC Deck 2017 (Ice Path FTW),,,,,2017,2017-11-17,World Championships Decks,,0,database.xlsx
Pokémon TCG,English,WC Deck 2017 (Infinite Force),WC Deck 2017 (Infinite Force),,,,,2017,2017-11-17,World Championships Decks,,0,database.xlsx
Pokémon TCG,English,WC Deck 2017 (Samurai Sniper),WC Deck 2017 (Samurai Sniper),,,,,2017,2017-11-17,World Championships Decks,,0,database.xlsx
Pokémon TCG,English,Ultra Prism,Ultra Prism,UPR,,,,2018,2018-02-02,Sun & Moon Series,156,173,"database.xlsx,tcgdex"
Pokémon TCG,English,Forbidden Light,Forbidden Light,FLI,,,,2018,2018-05-04,Sun & Moon Series,131,146,"database.xlsx,tcgdex"
Pokémon TCG,English,McDonald's Collection 2018 (French),McDonald's Collection 2018 (French),M18F,,,,2018,2018-06-13,McDonald's Series,,0,database.xlsx
Pokémon TCG,English,Celestial Storm,Celestial Storm,CES,,,,2018,2018-08-03,Sun & Moon Series,168,183,"database.xlsx,tcgdex"
Pokémon TCG,English,Dragon Majesty,Dragon Majesty,DRM,,,,2018,2018-09-07,Sun & Moon Series,70,78,"database.xlsx,tcgdex"
Pokémon TCG,English,McDonald's Collection 2018,McDonald's Collection 2018,M18,,,,2018,2018-10-19,McDonald's Series,12,12,"database.xlsx,tcgdex"
Pokémon TCG,English,Lost Thunder,Lost Thunder,LOT,,,,2018,2018-11-02,Sun & Moon Series,214,236,"database.xlsx,tcgdex"
Pokémon TCG,English,WC Deck 2018 (Buzzroc),WC Deck 2018 (Buzzroc),,,,,2018,2018-11-14,World Championships Decks,,0,database.xlsx
Pokémon TCG,English,WC Deck 2018 (Dragones y Sombras),WC Deck 2018 (Dragones y Sombras),,,,,2018,2018-11-14,World Championships Decks,,0,database.xlsx
Pokémon TCG,English,WC Deck 2018 (Garbanette),WC Deck 2018 (Garbanette),,,,,2018,2018-11-14,World Championships Decks,,0,database.xlsx
Pokémon TCG,English,WC Deck 2018 (Victory Map),WC Deck 2018 (Victory Map),,,,,2018,2018-11-14,World Championships Decks,,0,database.xlsx
Pokémon TCG,English,2019 Energies,2019 Energies,EN19,,,,2019,2019-02-01,Unnumbered Energies,,0,database.xlsx
Pokémon TCG,English,Team Up,Team Up,TEU,,,,2019,2019-02-01,Sun & Moon Series,181,196,"database.xlsx,tcgdex"
Pokémon TCG,English,Detective Pikachu,Detective Pikachu,DET,,,,2019,2019-03-29,Sun & Moon Series,18,18,"database.xlsx,tcgdex"
Pokémon TCG,English,Unbroken Bonds,Unbroken Bonds,UNB,,,,2019,2019-05-03,Sun & Moon Series,214,234,"database.xlsx,tcgdex"
Pokémon TCG,English,Unified Minds,Unified Minds,UNM,,,,2019,2019-08-02,Sun & Moon Series,236,258,"database.xlsx,tcgdex"
Pokémon TCG,English,Hidden Fates,Hidden Fates,HIF,,,,2019,2019-08-23,Sun & Moon Series,68,69,"database.xlsx,tcgdex"
Pokémon TCG,English,Hidden Fates (Shiny Vault),Hidden Fates (Shiny Vault),HIF,,,,2019,2019-08-23,Sun & Moon Series,94,94,"database.xlsx,tcgdex"
Pokémon TCG,English,McDonald's Collection 2019,McDonald's Collection 2019,M19,,,,2019,2019-10-15,McDonald's Series,12,12,"database.xlsx,tcgdex"
Pokémon TCG,English,McDonald's Collection 2019 (French),McDonald's Collection 2019 (French),M19F,,,,2019,2019-10-30,McDonald's Series,,0,database.xlsx
Pokémon TCG,English,Cosmic Eclipse,Cosmic Eclipse,CEC,,,,2019,2019-11-01,Sun & Moon Series,236,271,"database.xlsx,tcgdex"
Pokémon TCG,English,Sword & Shield Promos,Sword & Shield Promos,SSP,,,,2019,2019-11-15,Sword & Shield Series,307,302,"database.xlsx,tcgdex"
Pokémon TCG,English,WC Deck 2019 (Fire Box),WC Deck 2019 (Fire Box),,,,,2019,2019-11-22,World Championships Decks,,0,database.xlsx
Pokémon TCG,English,WC Deck 2019 (Mind Blown),WC Deck 2019 (Mind Blown),,,,,2019,2019-11-22,World Championships Decks,,0,database.xlsx
Pokémon TCG,English,WC Deck 2019 (Perfection),WC Deck 2019 (Perfection),,,,,2019,2019-11-22,World Championships Decks,,0,database.xlsx
Pokémon TCG,English,WC Deck 2019 (Pikarom Judge),WC Deck 2019 (Pikarom Judge),,,,,2019,2019-11-22,World Championships Decks,,0,database.xlsx
Pokémon TCG,English,2020 Energies,2020 Energies,EN20,,,,2020,2020-02-07,Unnumbered Energies,,0,database.xlsx
Pokémon TCG,English,Sword & Shield,Sword & Shield,SSH,,,,2020,2020-02-07,Sword & Shield Series,202,216,"database.xlsx,tcgdex"
Pokémon TCG,English,Rebel Clash,Rebel Clash,RCL,,,,2020,2020-05-01,Sword & Shield Series,192,209,"database.xlsx,tcgdex"
Pokémon TCG,English,Battle Academy 2020 (Charizard),Battle Academy 2020 (Charizard),,,,,2020,2020-06-21,Trainer & Deck Kits,,0,database.xlsx
Pokémon TCG,English,Battle Academy 2020 (Mewtwo),Battle Academy 2020 (Mewtwo),,,,,2020,2020-06-21,Trainer & Deck Kits,,0,database.xlsx
Pokémon TCG,English,Battle Academy 2020 (Pikachu),Battle Academy 2020 (Pikachu),,,,,2020,2020-06-21,Trainer & Deck Kits,,0,database.xlsx
Pokémon TCG,English,Darkness Ablaze,Darkness Ablaze,DAA,,,,2020,2020-08-14,Sword & Shield Series,189,201,"database.xlsx,tcgdex"
Pokémon TCG,English,Pokémon Futsal,Pokémon Futsal,FUT20,,,,2020,2020-09-11,Other,5,5,"database.xlsx,tcgdex"
Pokémon TCG,English,Champion's Path,Champion's Path,CPA,,,,2020,2020-09-25,Sword & Shield Series,73,80,"database.xlsx,tcgdex"
Pokémon TCG,English,Vivid Voltage,Vivid Voltage,VIV,,,,2020,2020-11-13,Sword & Shield Series,185,203,"database.xlsx,tcgdex"
Pokémon TCG,English,McDonald's Collection 2021,McDonald's Collection 2021,M21,,,,2021,2021-02-09,McDonald's Series,25,25,"database.xlsx,tcgdex"
Pokémon TCG,English,Shining Fates,Shining Fates,SHF,,,,2021,2021-02-19,Sword & Shield Series,72,73,"database.xlsx,tcgdex"
Pokémon TCG,English,Shining Fates (Shiny Vault),Shining Fates (Shiny Vault),SHF,,,,2021,2021-02-19,Sword & Shield Series,122,122,"database.xlsx,tcgdex"
Pokémon TCG,English,Battle Styles,Battle Styles,BST,,,,2021,2021-03-19,Sword & Shield Series,163,183,"database.xlsx,tcgdex"
Pokémon TCG,English,Chilling Reign,Chilling Reign,CRE,,,,2021,2021-06-18,Sword & Shield Series,198,233,"database.xlsx,tcgdex"
Pokémon TCG,English,Evolving Skies,Evolving Skies,EVS,,,,2021,2021-08-27,Sword & Shield Series,203,237,"database.xlsx,tcgdex"
Pokémon TCG,English,Celebrations,Celebrations,CEL,,,,2021,2021-10-08,Sword & Shield Series,25,25,"database.xlsx,tcgdex"
Pokémon TCG,English,Celebrations (Classic Collection),Celebrations (Classic Collection),CEL,,,,2021,2021-10-08,Sword & Shield Series,25,25,"database.xlsx,tcgdex"
Pokémon TCG,English,Fusion Strike,Fusion Strike,FST,,,,2021,2021-11-12,Sword & Shield Series,264,284,"database.xlsx,tcgdex"
Pokémon TCG,English,2022 Energies,2022 Energies,EN22,,,,2022,2022-02-25,Unnumbered Energies,,0,database.xlsx
Pokémon TCG,English,Brilliant Stars,Brilliant Stars,BRS,,,,2022,2022-02-25,Sword & Shield Series,172,186,"database.xlsx,tcgdex"
Pokémon TCG,English,Brilliant Stars (Trainer Gallery),Brilliant Stars (Trainer Gallery),BRS,,,,2022,2022-02-25,Sword & Shield Series,30,30,"database.xlsx,tcgdex"
Pokémon TCG,English,Battle Academy 2022 (Cinderace),Battle Academy 2022 (Cinderace),,,,,2022,2022-05-25,Trainer & Deck Kits,,0,database.xlsx
Pokémon TCG,English,Battle Academy 2022 (Eevee),Battle Academy 2022 (Eevee),,,,,2022,2022-05-25,Trainer & Deck Kits,,0,database.xlsx
Pokémon TCG,English,Battle Academy 2022 (Pikachu),Battle Academy 2022 (Pikachu),,,,,2022,2022-05-25,Trainer & Deck Kits,,0,database.xlsx
Pokémon TCG,English,Astral Radiance,Astral Radiance,ASR,,,,2022,2022-05-27,Sword & Shield Series,189,216,"database.xlsx,tcgdex"
Pokémon TCG,English,Astral Radiance (Trainer Gallery),Astral Radiance (Trainer Gallery),ASR,,,,2022,2022-05-27,Sword & Shield Series,30,30,"database.xlsx,tcgdex"
Pokémon TCG,English,Pokémon GO,Pokémon GO,PGO,,,,2022,2022-07-01,Sword & Shield Series,78,88,"database.xlsx,tcgdex"
Pokémon TCG,English,McDonald's Match Battle 2022,McDonald's Match Battle 2022,M22,,,,2022,2022-08-03,McDonald's Series,15,15,"database.xlsx,tcgdex"
Pokémon TCG,English,Holiday Calendar 2022,Holiday Calendar 2022,,,,,2022,2022-09-01,Other,,0,database.xlsx
Pokémon TCG,English,Trick or Trade 2022,Trick or Trade 2022,,,,,2022,2022-09-01,Other,,0,database.xlsx
Pokémon TCG,English,Lost Origin,Lost Origin,LOR,,,,2022,2022-09-09,Sword & Shield Series,196,217,"database.xlsx,tcgdex"
Pokémon TCG,English,Lost Origin (Trainer Gallery),Lost Origin (Trainer Gallery),LOR,,,,2022,2022-09-09,Sword & Shield Series,30,30,"database.xlsx,tcgdex"
Pokémon TCG,English,Play! Pokémon Prize Pack Series One,Play! Pokémon Prize Pack Series One,,,,,2022,2022-11-09,Play! Pokémon Series,,0,database.xlsx
Pokémon TCG,English,Silver Tempest,Silver Tempest,SIT,,,,2022,2022-11-11,Sword & Shield Series,195,215,"database.xlsx,tcgdex"
Pokémon TCG,English,Silver Tempest (Trainer Gallery),Silver Tempest (Trainer Gallery),SIT,,,,2022,2022-11-11,Sword & Shield Series,30,30,"database.xlsx,tcgdex"
Pokémon TCG,English,Scarlet & Violet Promos,Scarlet & Violet Promos,SVP,,,,2023,2023-01-01,Scarlet & Violet Series,225,226,"database.xlsx,tcgdex"
Pokémon TCG,English,Play! Pokémon Prize Pack Series Two,Play! Pokémon Prize Pack Series Two,,,,,2023,2023-01-19,Play! Pokémon Series,,0,database.xlsx
Pokémon TCG,English,Crown Zenith,Crown Zenith,CRZ,,,,2023,2023-01-20,Sword & Shield Series,159,160,"database.xlsx,tcgdex"
Pokémon TCG,English,Crown Zenith (Galarian Gallery),Crown Zenith (Galarian Gallery),CRZ,,,,2023,2023-01-20,Sword & Shield Series,70,70,"database.xlsx,tcgdex"
Pokémon TCG,English,WC Deck 2022 (ADP),WC Deck 2022 (ADP),,,,,2023,2023-03-03,World Championships Decks,,0,database.xlsx
Pokémon TCG,English,WC Deck 2022 (Cheryl Again),WC Deck 2022 (Cheryl Again),,,,,2023,2023-03-03,World Championships Decks,,0,database.xlsx
Pokémon TCG,English,WC Deck 2022 (Ice Rider Palkia),WC Deck 2022 (Ice Rider Palkia),,,,,2023,2023-03-03,World Championships Decks,,0,database.xlsx
Pokémon TCG,English,WC Deck 2022 (The Shape of Mew),WC Deck 2022 (The Shape of Mew),,,,,2023,2023-03-03,World Championships Decks,,0,database.xlsx
Pokémon TCG,English,Scarlet & Violet,Scarlet & Violet,SVI,,,,2023,2023-03-31,Scarlet & Violet Series,198,258,"database.xlsx,tcgdex"
Pokémon TCG,English,Scarlet & Violet Energies,Scarlet & Violet Energies,SVE,,,,2023,2023-03-31,Scarlet & Violet Series,24,24,"database.xlsx,tcgdex"
Pokémon TCG,English,Paldea Evolved,Paldea Evolved,PAL,,,,2023,2023-06-09,Scarlet & Violet Series,193,279,"database.xlsx,tcgdex"
Pokémon TCG,English,McDonald's Match Battle 2023,McDonald's Match Battle 2023,M23,,,,2023,2023-07-27,McDonald's Series,,0,database.xlsx
Pokémon TCG,English,McDonald's Collection 2023,,MCD23,,,,2023,2023-08-01,McDonald's Collection,15,15,tcgdex
Pokémon TCG,English,Obsidian Flames,Obsidian Flames,OBF,,,,2023,2023-08-11,Scarlet & Violet Series,197,230,"database.xlsx,tcgdex"
Pokémon TCG,English,Play! Pokémon Prize Pack Series Three,Play! Pokémon Prize Pack Series Three,,,,,2023,2023-08-14,Play! Pokémon Series,,0,database.xlsx
Pokémon TCG,English,Holiday Calendar 2023,Holiday Calendar 2023,,,,,2023,2023-09-01,Other,,0,database.xlsx
Pokémon TCG,English,Trick or Trade 2023,Trick or Trade 2023,,,,,2023,2023-09-01,Other,,0,database.xlsx
Pokémon TCG,English,Scarlet & Violet 151,Scarlet & Violet 151,MEW,,,,2023,2023-09-22,Scarlet & Violet Series,165,207,"database.xlsx,tcgdex"
Pokémon TCG,English,My First Battle,,MFB,,,,2023,2023-09-29,Scarlet & Violet,48,34,tcgdex
Pokémon TCG,English,My First Battle (Bulbasaur),My First Battle (Bulbasaur),FBB,,,,2023,2023-09-29,Trainer & Deck Kits,,0,database.xlsx
Pokémon TCG,English,My First Battle (Charmander),My First Battle (Charmander),FBC,,,,2023,2023-09-29,Trainer & Deck Kits,,0,database.xlsx
Pokémon TCG,English,My First Battle (Pikachu),My First Battle (Pikachu),FBP,,,,2023,2023-09-29,Trainer & Deck Kits,,0,database.xlsx
Pokémon TCG,English,My First Battle (Squirtle),My First Battle (Squirtle),FBS,,,,2023,2023-09-29,Trainer & Deck Kits,,0,database.xlsx
Pokémon TCG,English,Paradox Rift,Paradox Rift,PAR,,,,2023,2023-11-03,Scarlet & Violet Series,182,266,"database.xlsx,tcgdex"
Pokémon TCG,English,Pokémon TCG Classic (Blastoise),Pokémon TCG Classic (Blastoise),CLB,,,,2023,2023-11-17,Trainer & Deck Kits,,0,database.xlsx
Pokémon TCG,English,Pokémon TCG Classic (Charizard),Pokémon TCG Classic (Charizard),CLC,,,,2023,2023-11-17,Trainer & Deck Kits,,0,database.xlsx
Pokémon TCG,English,Pokémon TCG Classic (Venusaur),Pokémon TCG Classic (Venusaur),CLV,,,,2023,2023-11-17,Trainer & Deck Kits,,0,database.xlsx
Pokémon TCG,English,Paldean Fates,Paldean Fates,PAF,,,,2024,2024-01-26,Scarlet & Violet Series,91,245,"database.xlsx,tcgdex"
Pokémon TCG,English,Play! Pokémon Prize Pack Series Four,Play! Pokémon Prize Pack Series Four,,,,,2024,2024-02-14,Play! Pokémon Series,,0,database.xlsx
Pokémon TCG,English,Temporal Forces,Temporal Forces,TEF,,,,2024,2024-03-22,Scarlet & Violet Series,162,218,"database.xlsx,tcgdex"
Pokémon TCG,English,WC Deck 2023 (Colorless Lugia),WC Deck 2023 (Colorless Lugia),,,,,2024,2024-04-01,World Championships Decks,,0,database.xlsx
Pokémon TCG,English,WC Deck 2023 (Lost Box Kyogre),WC Deck 2023 (Lost Box Kyogre),,,,,2024,2024-04-01,World Championships Decks,,0,database.xlsx
Pokémon TCG,English,WC Deck 2023 (Mew's Revenge),WC Deck 2023 (Mew's Revenge),,,,,2024,2024-04-01,World Championships Decks,,0,database.xlsx
Pokémon TCG,English,WC Deck 2023 (Psychic Elegance),WC Deck 2023 (Psychic Elegance),,,,,2024,2024-04-01,World Championships Decks,,0,database.xlsx
Pokémon TCG,English,Gym Series One,Gym Series One,,,,,2024,2024-05-24,Other,,0,database.xlsx
Pokémon TCG,English,Twilight Masquerade,Twilight Masquerade,TWM,,,,2024,2024-05-24,Scarlet & Violet Series,167,226,"database.xlsx,tcgdex"
Pokémon TCG,English,Battle Academy 2024 (Armarouge),Battle Academy 2024 (Armarouge),,,,,2024,2024-06-21,Trainer & Deck Kits,,0,database.xlsx
Pokémon TCG,English,Battle Academy 2024 (Darkrai),Battle Academy 2024 (Darkrai),,,,,2024,2024-06-21,Trainer & Deck Kits,,0,database.xlsx
Pokémon TCG,English,Battle Academy 2024 (Pikachu),Battle Academy 2024 (Pikachu),,,,,2024,2024-06-21,Trainer & Deck Kits,,0,database.xlsx
Pokémon TCG,English,Shrouded Fable,Shrouded Fable,SFA,,,,2024,2024-08-02,Scarlet & Violet Series,64,99,"database.xlsx,tcgdex"
Pokémon TCG,English,Play! Pokémon Prize Pack Series Five,Play! Pokémon Prize Pack Series Five,,,,,2024,2024-08-14,Play! Pokémon Series,,0,database.xlsx
Pokémon TCG,English,Holiday Calendar 2024,Holiday Calendar 2024,,,,,2024,2024-08-23,Other,,0,database.xlsx
Pokémon TCG,English,Trick or Trade 2024,Trick or Trade 2024,,,,,2024,2024-08-30,Other,,0,database.xlsx
Pokémon TCG,English,Stellar Crown,Stellar Crown,SCR,,,,2024,2024-09-13,Scarlet & Violet Series,142,175,"database.xlsx,tcgdex"
Pokémon TCG,English,Genetic Apex,,A1,,,,2024,2024-10-30,Pokémon TCG Pocket,226,286,tcgdex
Pokémon TCG,English,Promos-A,,P-A,,,,2024,2024-10-30,Pokémon TCG Pocket,0,100,tcgdex
Pokémon TCG,English,Surging Sparks,Surging Sparks,SSP,,,,2024,2024-11-08,Scarlet & Violet Series,191,252,"database.xlsx,tcgdex"
Pokémon TCG,English,McDonald's Dragon Discovery 2024,McDonald's Dragon Discovery 2024,M24,,,,2024,2024-12-04,McDonald's Series,15,15,"database.xlsx,tcgdex"
Pokémon TCG,English,Mythical Island,,A1a,,,,2024,2024-12-17,Pokémon TCG Pocket,68,86,tcgdex
Pokémon TCG,English,Prismatic Evolutions,Prismatic Evolutions,PRE,,,,2025,2025-01-17,Scarlet & Violet Series,131,180,"database.xlsx,tcgdex"
Pokémon TCG,English,Space-Time Smackdown,,A2,,,,2025,2025-01-30,Pokémon TCG Pocket,140,207,tcgdex
Pokémon TCG,English,Play! Pokémon Prize Pack Series Six,Play! Pokémon Prize Pack Series Six,,,,,2025,2025-02-14,Play! Pokémon Series,,0,database.xlsx
Pokémon TCG,English,Triumphant Light,,A2a,,,,2025,2025-02-28,Pokémon TCG Pocket,75,96,tcgdex
Pokémon TCG,English,Shining Revelry,,A2b,,,,2025,2025-03-27,Pokémon TCG Pocket,72,111,tcgdex
Pokémon TCG,English,Gym Series Two,Gym Series Two,,,,,2025,2025-03-28,Other,,0,database.xlsx
Pokémon TCG,English,Journey Together,Journey Together,JTG,,,,2025,2025-03-28,Scarlet & Violet Series,159,190,"database.xlsx,tcgdex"
Pokémon TCG,English,Celestial Guardians,,A3,,,,2025,2025-04-30,Pokémon TCG Pocket,155,239,tcgdex
Pokémon TCG,English,WC Deck 2024 (Ancient Toolbox),WC Deck 2024 (Ancient Toolbox),,,,,2025,2025-05-16,World Championships Decks,,0,database.xlsx
Pokémon TCG,English,WC Deck 2024 (Crushing Thorn),WC Deck 2024 (Crushing Thorn),,,,,2025,2025-05-16,World Championships Decks,,0,database.xlsx
Pokémon TCG,English,WC Deck 2024 (Regidrago VSTAR),WC Deck 2024 (Regidrago VSTAR),,,,,2025,2025-05-16,World Championships Decks,,0,database.xlsx
Pokémon TCG,English,WC Deck 2024 (The 'Don),WC Deck 2024 (The 'Don),,,,,2025,2025-05-16,World Championships Decks,,0,database.xlsx
Pokémon TCG,English,Extradimensional Crisis,,A3a,,,,2025,2025-05-29,Pokémon TCG Pocket,69,103,tcgdex
Pokémon TCG,English,Destined Rivals,Destined Rivals,DRI,,,,2025,2025-05-30,Scarlet & Violet Series,182,244,"database.xlsx,tcgdex"
Pokémon TCG,English,Eevee Grove,,A3b,,,,2025,2025-06-26,Pokémon TCG Pocket,69,107,tcgdex
Pokémon TCG,English,Black Bolt,Black Bolt,BLK,,,,2025,2025-07-18,Scarlet & Violet Series,86,172,"database.xlsx,tcgdex"
Pokémon TCG,English,White Flare,White Flare,WHT,,,,2025,2025-07-18,Scarlet & Violet Series,86,173,"database.xlsx,tcgdex"
Pokémon TCG,English,Wisdom of Sea and Sky,,A4,,,,2025,2025-07-30,Pokémon TCG Pocket,161,241,tcgdex
Pokémon TCG,English,Play! Pokémon Prize Pack Series Seven,Play! Pokémon Prize Pack Series Seven,,,,,2025,2025-08-14,Play! Pokémon Series,,0,database.xlsx
Pokémon TCG,English,Holiday Calendar 2025,Holiday Calendar 2025,,,,,2025,2025-08-22,Other,,0,database.xlsx
Pokémon TCG,English,Secluded Springs,,A4a,,,,2025,2025-08-28,Pokémon TCG Pocket,71,105,tcgdex
Pokémon TCG,English,Mega Evolution Promos,Mega Evolution Promos,MEP,,,,2025,2025-09-13,Mega Evolution Series,0,60,"database.xlsx,tcgdex"
Pokémon TCG,English,Mega Evolution,Mega Evolution,MEG,,,,2025,2025-09-26,Mega Evolution Series,132,188,"database.xlsx,tcgdex"
Pokémon TCG,English,Mega Evolution Energies,Mega Evolution Energies,MEE,,,,2025,2025-09-26,Mega Evolution Series,8,8,"database.xlsx,tcgdex"
Pokémon TCG,English,Mega Rising,,B1,,,,2025,2025-10-30,Pokémon TCG Pocket,226,331,tcgdex
Pokémon TCG,English,Phantasmal Flames,Phantasmal Flames,PFL,,,,2025,2025-11-14,Mega Evolution Series,94,130,"database.xlsx,tcgdex"
Pokémon TCG,English,Crimson Blaze,,B1a,,,,2025,2025-12-17,Pokémon TCG Pocket,69,103,tcgdex
Pokémon TCG,English,Play! Pokémon Prize Pack Series Eight,Play! Pokémon Prize Pack Series Eight,,,,,2026,2026-01-01,Play! Pokémon Series,,0,database.xlsx
Pokémon TCG,English,Fantastical Parade,,B2,,,,2026,2026-01-29,Pokémon TCG Pocket,155,234,tcgdex
Pokémon TCG,English,Ascended Heroes,Ascended Heroes,ASC,,,,2026,2026-01-30,Mega Evolution Series,217,295,"database.xlsx,tcgdex"
Pokémon TCG,English,Paldean Wonders,,B2a,,,,2026,2026-02-26,Pokémon TCG Pocket,93,131,tcgdex
Pokémon TCG,English,Perfect Order,Perfect Order,POR,,,,2026,2026-03-27,Mega Evolution Series,88,124,"database.xlsx,tcgdex"
Pokémon TCG,English,WC Deck 2025 (Flutter Devo Gardevoir),WC Deck 2025 (Flutter Devo Gardevoir),,,,,2026,2026-04-03,World Championships Decks,,0,database.xlsx
Pokémon TCG,English,WC Deck 2025 (JP Raging Bolt),WC Deck 2025 (JP Raging Bolt),,,,,2026,2026-04-03,World Championships Decks,,0,database.xlsx
Pokémon TCG,English,WC Deck 2025 (Joltdengo),WC Deck 2025 (Joltdengo),,,,,2026,2026-04-03,World Championships Decks,,0,database.xlsx
Pokémon TCG,English,WC Deck 2025 (Pult Bomb),WC Deck 2025 (Pult Bomb),,,,,2026,2026-04-03,World Championships Decks,,0,database.xlsx
Pokémon TCG,English,Chaos Rising,Chaos Rising,CRI,,,,2026,2026-05-22,Mega Evolution Series,86,122,"database.xlsx,tcgdex"
Pokémon TCG,English,Gym Series Three,Gym Series Three,,,,,2026,2026-06-01,Other,,0,database.xlsx
Pokémon TCG,English,Play! Pokémon Prize Pack Series Nine,Play! Pokémon Prize Pack Series Nine,,,,,2026,2026-07-01,Play! Pokémon Series,,0,database.xlsx
Pokémon TCG,English,Pitch Black,Pitch Black,PBL,,,,2026,2026-07-17,Mega Evolution Series,84,120,"database.xlsx,tcgdex"
Pokémon TCG,English,30th Celebration,30th Celebration,30C,,,,2026,2026-09-16,Mega Evolution Series,,0,database.xlsx
Pokémon TCG,English,30th Celebration (Classic Collection),30th Celebration (Classic Collection),30C,,,,2026,2026-09-16,Mega Evolution Series,,0,database.xlsx
Pokémon TCG,English,Box Toppers (Legendary Collection),Box Toppers (Legendary Collection),BOX1,,,,,,Other,,0,database.xlsx
Pokémon TCG,English,Box Toppers (e-Card Series),Box Toppers (e-Card Series),BOX2,,,,,,Other,,0,database.xlsx
Pokémon TCG,English,Countdown Calendar,Countdown Calendar,,,,,,,Other,,0,database.xlsx
Pokémon TCG,English,New York Pokémon Center Press Event,New York Pokémon Center Press Event,,,,,,,Other,,0,database.xlsx
Pokémon TCG,English,Pikachu World Collection,Pikachu World Collection,PW,,,,,,Other,,0,database.xlsx
Pokémon TCG,English,SM Trainer Kit (Alolan Ninetales),SM Trainer Kit (Alolan Ninetales),,,,,,,Trainer & Deck Kits,,0,database.xlsx
Pokémon TCG,English,SM Trainer Kit (Alolan Sandslash),SM Trainer Kit (Alolan Sandslash),,,,,,,Trainer & Deck Kits,,0,database.xlsx
Pokémon TCG,English,Trainer Deck A,Trainer Deck A,,,,,,,Trainer & Deck Kits,,0,database.xlsx
Pokémon TCG,English,Trainer Deck B,Trainer Deck B,,,,,,,Trainer & Deck Kits,,0,database.xlsx
Pokémon TCG,English,Tropical Mega Battle,Tropical Mega Battle,,,,,,,Other,,0,database.xlsx
Pokémon TCG,English,Überraschungskalender,Überraschungskalender,,,,,,,Other,,0,database.xlsx
Pokémon TCG,Spanish,Edición Básica,,BS,,,,1999,1999-01-09,Clásica,102,0,tcgdex
Pokémon TCG,Spanish,Jungla,,JU,,,,1999,1999-06-16,Clásica,64,0,tcgdex
Pokémon TCG,Spanish,Wizards Black Star Promos,,basep,,,,1999,1999-07-01,Clásica,53,0,tcgdex
Pokémon TCG,Spanish,Fósil,,FO,,,,1999,1999-10-10,Clásica,62,0,tcgdex
Pokémon TCG,Spanish,Neo Genesis,,N1,,,,2000,2000-12-16,Neo,111,0,tcgdex
Pokémon TCG,Spanish,Rubí & Zafiro,,RS,,,,2003,2003-07-01,ex,109,0,tcgdex
Pokémon TCG,Spanish,Nintendo Black Star Promos,,np,,,,2003,2003-10-01,POP,40,0,tcgdex
Pokémon TCG,Spanish,Kit de Entrenador EX (Latias),,TK1A,,,,2004,2004-07-01,Kits de Entrenador,10,0,tcgdex
Pokémon TCG,Spanish,Kit de Entrenador EX (Latios),,TK1O,,,,2004,2004-07-01,Kits de Entrenador,10,0,tcgdex
Pokémon TCG,Spanish,EX Fuerzas Ocultas,,UF,,,,2005,2005-08-22,ex,115,0,tcgdex
Pokémon TCG,Spanish,EX Fuerzas Ocultas Unown,,exu,,,,2005,2005-08-22,ex,28,0,tcgdex
Pokémon TCG,Spanish,Kit de Entrenador EX (Ninun),,TK2M,,,,2006,2006-03-01,Kits de Entrenador,12,0,tcgdex
Pokémon TCG,Spanish,Kit de Entrenador EX (Plusle),,TK2P,,,,2006,2006-03-01,Kits de Entrenador,12,0,tcgdex
Pokémon TCG,Spanish,DP Black Star Promos,,dpp,,,,2007,2007-05-01,Diamante & Perla,56,0,tcgdex
Pokémon TCG,Spanish,Diamante & Perla,,DP,,,,2007,2007-05-01,Diamante & Perla,130,0,tcgdex
Pokémon TCG,Spanish,Tesoros Misteriosos,,MT,,,,2007,2007-08-01,Diamante & Perla,123,0,tcgdex
Pokémon TCG,Spanish,Kit de Entrenador Diamante & Perla (Lucario),,TK3L,,,,2007,2007-09-01,Kits de Entrenador,11,0,tcgdex
Pokémon TCG,Spanish,Kit de Entrenador Diamante & Perla (Manaphy),,TK3M,,,,2007,2007-09-01,Kits de Entrenador,12,0,tcgdex
Pokémon TCG,Spanish,Maravillas Secretas,,SW,,,,2007,2007-11-01,Diamante & Perla,132,0,tcgdex
Pokémon TCG,Spanish,Grandes Encuentros,,GE,,,,2008,2008-02-01,Diamante & Perla,106,0,tcgdex
Pokémon TCG,Spanish,Despertar de las Leyendas,,LA,,,,2008,2008-08-01,Diamante & Perla,146,0,tcgdex
Pokémon TCG,Spanish,Frente Tormentoso,,SF,,,,2008,2008-11-01,Diamante & Perla,100,0,tcgdex
Pokémon TCG,Spanish,Platino,,PL,,,,2009,2009-02-11,Platino,127,0,tcgdex
Pokémon TCG,Spanish,Arceus,,AR,,,,2009,2009-11-04,Platino,99,0,tcgdex
Pokémon TCG,Spanish,Pokémon Rumble,,RM,,,,2009,2009-12-02,Platino,16,0,tcgdex
Pokémon TCG,Spanish,HeartGold SoulSilver,,HS,,,,2010,2010-02-10,HeartGold SoulSilver,123,0,tcgdex
Pokémon TCG,Spanish,HGSS Black Star Promos,,hgssp,,,,2010,2010-02-11,HeartGold SoulSilver,25,0,tcgdex
Pokémon TCG,Spanish,Kit de Entrenador HeatGold & SoulSilver (Gyarados),,TK4G,,,,2010,2010-05-01,Kits de Entrenador,30,0,tcgdex
Pokémon TCG,Spanish,Kit de Entrenador HeatGold & SoulSilver (Raichu),,TK4R,,,,2010,2010-05-01,Kits de Entrenador,30,0,tcgdex
Pokémon TCG,Spanish,Liberados,,UL,,,,2010,2010-05-12,HeartGold SoulSilver,95,0,tcgdex
Pokémon TCG,Spanish,Negro y Blanco,,BLW,,,,2011,2011-04-25,Negro y Blanco,114,115,tcgdex
Pokémon TCG,Spanish,NB Promo,,BWP,,,,2011,2011-04-26,Negro y Blanco,101,0,tcgdex
Pokémon TCG,Spanish,Colección de McDonald's 2011,,MCD11,,,,2011,2011-06-17,Colección de McDonald's,12,0,tcgdex
Pokémon TCG,Spanish,Fuerzas Emergentes,,EP,,,,2011,2011-08-31,Negro y Blanco,98,98,tcgdex
Pokémon TCG,Spanish,Kit de Entrenador BW (Excadrill),,TK5E,,,,2011,2011-09-01,Kits de Entrenador,30,30,tcgdex
Pokémon TCG,Spanish,Kit de Entrenador XY (Pikachu Enmascarada),,TK5Z,,,,2011,2011-09-01,Kits de Entrenador,30,30,tcgdex
Pokémon TCG,Spanish,Nobles Victorias,,NVI,,,,2011,2011-11-16,Negro y Blanco,101,102,tcgdex
Pokémon TCG,Spanish,Próximos Destinos,,NXD,,,,2012,2012-02-08,Negro y Blanco,99,103,tcgdex
Pokémon TCG,Spanish,Oscuros Exploradores,,DEX,,,,2012,2012-05-09,Negro y Blanco,108,111,tcgdex
Pokémon TCG,Spanish,Colección de McDonald's 2012,,MCD12,,,,2012,2012-06-15,Colección de McDonald's,12,0,tcgdex
Pokémon TCG,Spanish,Dragones Majestuosos,,DRX,,,,2012,2012-08-15,Negro y Blanco,124,128,tcgdex
Pokémon TCG,Spanish,Tesoro de Dragones,,DRV,,,,2012,2012-10-05,Negro y Blanco,20,0,tcgdex
Pokémon TCG,Spanish,Fronteras Cruzadas,,BCR,,,,2012,2012-11-07,Negro y Blanco,149,153,tcgdex
Pokémon TCG,Spanish,Tormenta Plasma,,PLS,,,,2013,2013-02-06,Negro y Blanco,135,138,tcgdex
Pokémon TCG,Spanish,Glaciación Plasma,,PLF,,,,2013,2013-05-08,Negro y Blanco,116,122,tcgdex
Pokémon TCG,Spanish,XY Cartas de promoción,,XYP,,,,2013,2013-10-12,XY,211,0,tcgdex
Pokémon TCG,Spanish,Cartas alternativas,,xya,,,,2014,2014-02-05,XY,6,0,tcgdex
Pokémon TCG,Spanish,XY,,XY,,,,2014,2014-02-05,XY,146,146,tcgdex
Pokémon TCG,Spanish,Kit de Entrenador XY (Noivern),,TK6N,,,,2014,2014-03-12,Kits de Entrenador,30,30,tcgdex
Pokémon TCG,Spanish,Kit de Entrenador XY (Pikachu Enmascarada),,TK6S,,,,2014,2014-03-12,Kits de Entrenador,30,30,tcgdex
Pokémon TCG,Spanish,Destellos de Fuego,,FLF,,,,2014,2014-05-07,XY,106,109,tcgdex
Pokémon TCG,Spanish,Puños Furiosos,,FFI,,,,2014,2014-08-13,XY,111,113,tcgdex
Pokémon TCG,Spanish,Kit de Entrenador XY (Bisharp),,TK7A,,,,2014,2014-11-01,Kits de Entrenador,30,30,tcgdex
Pokémon TCG,Spanish,Kit de Entrenador XY (Wigglytuff),,TK7B,,,,2014,2014-11-01,Kits de Entrenador,30,30,tcgdex
Pokémon TCG,Spanish,Fuerzas Fantasmales,,PHF,,,,2014,2014-11-05,XY,119,122,tcgdex
Pokémon TCG,Spanish,Duelos Primigenios,,PRC,,,,2015,2015-02-04,XY,160,164,tcgdex
Pokémon TCG,Spanish,Kit de Entrenador XY (Latias),,TK8A,,,,2015,2015-04-29,Kits de Entrenador,30,30,tcgdex
Pokémon TCG,Spanish,Kit de Entrenador XY (Latios),,TK8O,,,,2015,2015-04-29,Kits de Entrenador,30,30,tcgdex
Pokémon TCG,Spanish,Cielos Rugientes,,ROS,,,,2015,2015-05-06,XY,108,110,tcgdex
Pokémon TCG,Spanish,Antiguos Orígenes,,AOR,,,,2015,2015-08-12,XY,98,100,tcgdex
Pokémon TCG,Spanish,Turbo Impulso,,BKT,,,,2015,2015-11-04,XY,162,164,tcgdex
Pokémon TCG,Spanish,TURBOLímite,,BKP,,,,2016,2016-02-03,XY,122,123,tcgdex
Pokémon TCG,Spanish,Generaciones,,GEN,,,,2016,2016-02-22,XY,83,0,tcgdex
Pokémon TCG,Spanish,Kit de Entrenador XY (Pikachu Enmascarada),,TK9P,,,,2016,2016-04-27,Kits de Entrenador,30,30,tcgdex
Pokémon TCG,Spanish,Kit de Entrenador XY (Suicune),,TK9S,,,,2016,2016-04-27,Kits de Entrenador,30,30,tcgdex
Pokémon TCG,Spanish,Destinos Enfrentados,,FCO,,,,2016,2016-05-02,XY,124,125,tcgdex
Pokémon TCG,Spanish,Asedio de Vapor,,STS,,,,2016,2016-08-03,XY,114,116,tcgdex
Pokémon TCG,Spanish,Evoluciones,,EVO,,,,2016,2016-11-02,XY,108,113,tcgdex
Pokémon TCG,Spanish,SL Cartas de promoción,,SMP,,,,2017,2017-02-03,Sol y Luna,248,240,tcgdex
Pokémon TCG,Spanish,Sol y Luna,,SUM,,,,2017,2017-02-03,Sol y Luna,149,163,tcgdex
Pokémon TCG,Spanish,Kit de Entrenador Sol y Luna (Lycanroc),,TK10L,,,,2017,2017-04-21,Kits de Entrenador,30,18,tcgdex
Pokémon TCG,Spanish,Kit de Entrenador Sol y Luna (Raichu de Alola),,TK10A,,,,2017,2017-04-21,Kits de Entrenador,30,19,tcgdex
Pokémon TCG,Spanish,Albor de Guadianes,,GRI,,,,2017,2017-05-05,Sol y Luna,145,169,tcgdex
Pokémon TCG,Spanish,Sombras Ardientes,,BUS,,,,2017,2017-08-04,Sol y Luna,147,169,tcgdex
Pokémon TCG,Spanish,Leyendas Luminosas,,SLG,,,,2017,2017-10-06,Sol y Luna,73,78,tcgdex
Pokémon TCG,Spanish,Invasión Carmesí,,CIN,,,,2017,2017-11-03,Sol y Luna,111,124,tcgdex
Pokémon TCG,Spanish,Ultraprisma,,UPR,,,,2018,2018-02-02,Sol y Luna,156,173,tcgdex
Pokémon TCG,Spanish,Luz Prohibida,,FLI,,,,2018,2018-05-04,Sol y Luna,131,146,tcgdex
Pokémon TCG,Spanish,Tormenta Celestial,,CES,,,,2018,2018-08-03,Sol y Luna,168,183,tcgdex
Pokémon TCG,Spanish,Majestad De Dragones,,DRM,,,,2018,2018-09-07,Sol y Luna,70,78,tcgdex
Pokémon TCG,Spanish,Truenos Perdidos,,LOT,,,,2018,2018-11-02,Sol y Luna,214,236,tcgdex
Pokémon TCG,Spanish,Union de Aliados,,TEU,,,,2019,2019-01-31,Sol y Luna,181,196,tcgdex
Pokémon TCG,Spanish,Detective Pikachu,,DET,,,,2019,2019-03-29,Sol y Luna,18,18,tcgdex
Pokémon TCG,Spanish,Vínculos Indestructibles,,UNB,,,,2019,2019-05-03,Sol y Luna,214,234,tcgdex
Pokémon TCG,Spanish,Mentes Unidas,,UNM,,,,2019,2019-08-02,Sol y Luna,236,258,tcgdex
Pokémon TCG,Spanish,Destinos Ocultos,,HIF,,,,2019,2019-08-23,Sol y Luna,68,0,tcgdex
Pokémon TCG,Spanish,Destinos Ocultos Tesoro Brillante,,sma,,,,2019,2019-08-23,Sol y Luna,94,0,tcgdex
Pokémon TCG,Spanish,Eclipse Cósmico,,CEC,,,,2019,2019-11-01,Sol y Luna,236,271,tcgdex
Pokémon TCG,Spanish,Cartas de promoción ESES,,swshp,,,,2019,2019-11-15,Espada y Escudo,307,299,tcgdex
Pokémon TCG,Spanish,Espada y Escudo,,SSH,,,,2020,2020-02-07,Espada y Escudo,202,216,tcgdex
Pokémon TCG,Spanish,Choque Rebelde,,RCL,,,,2020,2020-05-01,Espada y Escudo,192,209,tcgdex
Pokémon TCG,Spanish,Oscuridad Incandescente,,DAA,,,,2020,2020-08-14,Espada y Escudo,189,201,tcgdex
Pokémon TCG,Spanish,Camino de Campeones,,CPA,,,,2020,2020-09-25,Espada y Escudo,73,80,tcgdex
Pokémon TCG,Spanish,Voltaje Vívido,,VIV,,,,2020,2020-11-13,Espada y Escudo,185,203,tcgdex
Pokémon TCG,Spanish,Colección de McDonald's 2021,,MCD21,,,,2021,2021-02-09,Colección de McDonald's,25,0,tcgdex
Pokémon TCG,Spanish,Destinos Brillantes,,SHF,,,,2021,2021-02-19,Espada y Escudo,72,73,tcgdex
Pokémon TCG,Spanish,Destinos Brillantes Tesoro Brillante,,SHF:SV,,,,2021,2021-02-19,Espada y Escudo,122,122,tcgdex
Pokémon TCG,Spanish,Estilos de Combate,,BST,,,,2021,2021-03-19,Espada y Escudo,163,183,tcgdex
Pokémon TCG,Spanish,Reinado Escalofriante,,CRE,,,,2021,2021-06-18,Espada y Escudo,198,233,tcgdex
Pokémon TCG,Spanish,Cielos Evolutivos,,EVS,,,,2021,2021-08-27,Espada y Escudo,203,237,tcgdex
Pokémon TCG,Spanish,Celebraciones,,CEL,,,,2021,2021-10-08,Espada y Escudo,25,25,tcgdex
Pokémon TCG,Spanish,Celebraciones Colección Clásica,,CEL:CC,,,,2021,2021-10-08,Espada y Escudo,25,0,tcgdex
Pokémon TCG,Spanish,Golpe Fusión,,FST,,,,2021,2021-11-12,Espada y Escudo,264,284,tcgdex
Pokémon TCG,Spanish,Astros Brillantes,,BRS,,,,2022,2022-02-25,Espada y Escudo,172,186,tcgdex
Pokémon TCG,Spanish,Astros Brillantes Galería de Entrenador,,BRS:TG,,,,2022,2022-02-25,Espada y Escudo,30,30,tcgdex
Pokémon TCG,Spanish,Resplandor Astral,,ASR,,,,2022,2022-05-27,Espada y Escudo,189,216,tcgdex
Pokémon TCG,Spanish,Resplandor Astral Galería de Entrenador,,ASR:TG,,,,2022,2022-05-27,Espada y Escudo,30,30,tcgdex
Pokémon TCG,Spanish,Pokémon GO,,PGO,,,,2022,2022-07-01,Espada y Escudo,78,88,tcgdex
Pokémon TCG,Spanish,Colección de McDonald's 2022,,MCD22,,,,2022,2022-08-03,Colección de McDonald's,15,15,tcgdex
Pokémon TCG,Spanish,Origen Perdido,,LOR,,,,2022,2022-09-09,Espada y Escudo,196,217,tcgdex
Pokémon TCG,Spanish,Origen Perdido Galería de Entrenador,,LOR:TG,,,,2022,2022-09-09,Espada y Escudo,30,30,tcgdex
Pokémon TCG,Spanish,Tempestad Plateada,,SIT,,,,2022,2022-11-11,Espada y Escudo,195,215,tcgdex
Pokémon TCG,Spanish,Tempestad Plateada Galería de Entrenador,,SIT:TG,,,,2022,2022-11-11,Espada y Escudo,30,30,tcgdex
Pokémon TCG,Spanish,Cenit Supremo,,CRZ,,,,2023,2023-01-20,Espada y Escudo,159,160,tcgdex
Pokémon TCG,Spanish,Cenit Supremo Galería de Galar,,CRZ:GG,,,,2023,2023-01-20,Espada y Escudo,70,70,tcgdex
Pokémon TCG,Spanish,Escarlata y Púrpura,,SVI,,,,2023,2023-03-31,Escarlata y Púrpura,198,258,tcgdex
Pokémon TCG,Spanish,Escarlata y Púrpura Energía,,SVE,,,,2023,2023-03-31,Escarlata y Púrpura,24,24,tcgdex
Pokémon TCG,Spanish,SVP Black Star Promos,,SVP,,,,2023,2023-03-31,Escarlata y Púrpura,225,216,tcgdex
Pokémon TCG,Spanish,Evoluciones en Paldea,,PAL,,,,2023,2023-06-09,Escarlata y Púrpura,193,279,tcgdex
Pokémon TCG,Spanish,Colección de McDonald's 2023,,MCD23,,,,2023,2023-08-01,Colección de McDonald's,15,15,tcgdex
Pokémon TCG,Spanish,Llamas Obsidianas,,OBF,,,,2023,2023-08-11,Escarlata y Púrpura,197,230,tcgdex
Pokémon TCG,Spanish,151,,MEW,,,,2023,2023-09-22,Escarlata y Púrpura,165,207,tcgdex
Pokémon TCG,Spanish,Brecha Paradójica,,PAR,,,,2023,2023-11-03,Escarlata y Púrpura,182,266,tcgdex
Pokémon TCG,Spanish,Destinos de Paldea,,PAF,,,,2024,2024-01-26,Escarlata y Púrpura,91,245,tcgdex
Pokémon TCG,Spanish,Fuerzas Temporales,,TEF,,,,2024,2024-03-22,Escarlata y Púrpura,162,218,tcgdex
Pokémon TCG,Spanish,Mascarada Crepuscular,,TWM,,,,2024,2024-05-24,Escarlata y Púrpura,167,226,tcgdex
Pokémon TCG,Spanish,Fabula Sombría,,SFA,,,,2024,2024-08-02,Escarlata y Púrpura,64,99,tcgdex
Pokémon TCG,Spanish,Corona Astral,,SCR,,,,2024,2024-09-13,Escarlata y Púrpura,142,175,tcgdex
Pokémon TCG,Spanish,Genes Formidables,,A1,,,,2024,2024-10-30,Juego de Cartas Coleccionables Pokémon Pocket,226,286,tcgdex
Pokémon TCG,Spanish,Promo-A,,P-A,,,,2024,2024-10-30,Juego de Cartas Coleccionables Pokémon Pocket,0,92,tcgdex
Pokémon TCG,Spanish,Chispas Fulgurantes,,SSP,,,,2024,2024-11-08,Escarlata y Púrpura,191,252,tcgdex
Pokémon TCG,Spanish,Colección de McDonald's 2024,,MCD24,,,,2024,2024-12-04,Colección de McDonald's,15,15,tcgdex
Pokémon TCG,Spanish,La Isla Singular,,A1a,,,,2024,2024-12-17,Juego de Cartas Coleccionables Pokémon Pocket,68,86,tcgdex
Pokémon TCG,Spanish,Evoluciones Prismáticas,,PRE,,,,2025,2025-01-17,Escarlata y Púrpura,131,180,tcgdex
Pokémon TCG,Spanish,Pugna Espaciotemporal,,A2,,,,2025,2025-01-30,Juego de Cartas Coleccionables Pokémon Pocket,140,207,tcgdex
Pokémon TCG,Spanish,Luz Triunfal,,A2a,,,,2025,2025-02-28,Juego de Cartas Coleccionables Pokémon Pocket,75,96,tcgdex
Pokémon TCG,Spanish,Festival Brillante,,A2b,,,,2025,2025-03-27,Juego de Cartas Coleccionables Pokémon Pocket,72,111,tcgdex
Pokémon TCG,Spanish,Juntos de Aventuras,,JTG,,,,2025,2025-03-28,Escarlata y Púrpura,159,190,tcgdex
Pokémon TCG,Spanish,Guardianes Celestiales,,A3,,,,2025,2025-04-30,Juego de Cartas Coleccionables Pokémon Pocket,155,239,tcgdex
Pokémon TCG,Spanish,Rivales Predestinados,,DRI,,,,2025,2025-05-30,Escarlata y Púrpura,182,244,tcgdex
Pokémon TCG,Spanish,Fulgor Negro,,BLK,,,,2025,2025-07-17,Escarlata y Púrpura,86,172,tcgdex
Pokémon TCG,Spanish,Llama Blanca,,WHT,,,,2025,2025-07-17,Escarlata y Púrpura,86,173,tcgdex
Pokémon TCG,Spanish,Manantial Oculto,,A4a,,,,2025,2025-08-28,Juego de Cartas Coleccionables Pokémon Pocket,71,0,tcgdex
Pokémon TCG,Spanish,Megaevolución Energía,,MEE,,,,2025,2025-09-25,Megaevolución,8,8,tcgdex
Pokémon TCG,Spanish,MEP Black Star Promos,,MEP,,,,2025,2025-09-26,Megaevolución,0,60,tcgdex
Pokémon TCG,Spanish,Megaevolución,,MEG,,,,2025,2025-09-26,Megaevolución,132,188,tcgdex
Pokémon TCG,Spanish,Fuegos Fantasmales,,PFL,,,,2025,2025-11-14,Megaevolución,94,130,tcgdex
Pokémon TCG,Spanish,Fuego Carmesí,,B1a,,,,2025,2025-12-17,Juego de Cartas Coleccionables Pokémon Pocket,69,0,tcgdex
Pokémon TCG,Spanish,Desfile de Ensueño,,B2,,,,2026,2026-01-29,Juego de Cartas Coleccionables Pokémon Pocket,155,0,tcgdex
Pokémon TCG,Spanish,Héroes Ascendentes,,ASC,,,,2026,2026-01-30,Megaevolución,217,295,tcgdex
Pokémon TCG,Spanish,Paldean Wonders,,B2a,,,,2026,2026-02-26,Juego de Cartas Coleccionables Pokémon Pocket,93,129,tcgdex
Pokémon TCG,Spanish,Equilibrio Perfecto,,POR,,,,2026,2026-03-27,Megaevolución,88,124,tcgdex
Pokémon TCG,Spanish,Caos Creciente,,CRI,,,,2026,2026-05-22,Megaevolución,86,122,tcgdex
Pokémon TCG,Spanish,Oscuridad Absoluta,,PBL,,,,2026,2026-07-17,Megaevolución,84,120,tcgdex
Pokémon TCG,French,Set de Base,,BS,,,,1999,1999-01-09,Base,102,102,tcgdex
Pokémon TCG,French,Jungle,,JU,,,,1999,1999-06-16,Base,64,64,tcgdex
Pokémon TCG,French,Wizards Black Star Promos,,basep,,,,1999,1999-07-01,Base,53,26,tcgdex
Pokémon TCG,French,W Promotional,,wp,,,,1999,1999-09-01,Base,7,0,tcgdex
Pokémon TCG,French,Fossile,,FO,,,,1999,1999-10-10,Base,62,62,tcgdex
Pokémon TCG,French,Cartes Jumbo,,jumbo,,,,2000,2000-02-01,Autre,160,0,tcgdex
Pokémon TCG,French,Team Rocket,,RO,,,,2000,2000-04-24,Base,82,83,tcgdex
Pokémon TCG,French,Neo Genesis,,N1,,,,2000,2000-12-16,Neo,111,111,tcgdex
Pokémon TCG,French,Neo Discovery,,N2,,,,2001,2001-06-01,Neo,75,75,tcgdex
Pokémon TCG,French,Neo Revelation,,N3,,,,2001,2001-09-21,Neo,64,66,tcgdex
Pokémon TCG,French,Neo Destiny,,N4,,,,2002,2002-02-28,Neo,105,113,tcgdex
Pokémon TCG,French,Expedition,,EX,,,,2002,2002-09-15,e-cards,165,165,tcgdex
Pokémon TCG,French,Aquapolis,,AQ,,,,2003,2003-01-15,e-cards,147,182,tcgdex
Pokémon TCG,French,EX Rubis & Saphir,,RS,,,,2003,2003-07-01,EX,109,109,tcgdex
Pokémon TCG,French,EX Tempête de sable,,SS,,,,2003,2003-09-18,EX,100,100,tcgdex
Pokémon TCG,French,Promo Nintendo,,np,,,,2003,2003-10-01,POP,40,21,tcgdex
Pokémon TCG,French,EX Dragon,,DR,,,,2003,2003-11-24,EX,97,100,tcgdex
Pokémon TCG,French,EX Team Magma vs Team Aqua,,MA,,,,2004,2004-03-01,EX,95,97,tcgdex
Pokémon TCG,French,EX Légendes Oubliées,,HL,,,,2004,2004-06-01,EX,101,102,tcgdex
Pokémon TCG,French,EX Kit dresseur (Latias),,TK1A,,,,2004,2004-07-01,Kits du dresseur,10,10,tcgdex
Pokémon TCG,French,EX Kit dresseur (Latios),,TK1O,,,,2004,2004-07-01,Kits du dresseur,10,10,tcgdex
Pokémon TCG,French,EX Rouge Feu & Vert Feuille,,RG,,,,2004,2004-09-01,EX,112,116,tcgdex
Pokémon TCG,French,POP Série 1,,P1,,,,2004,2004-09-01,POP,17,17,tcgdex
Pokémon TCG,French,EX Deoxys,,DX,,,,2005,2005-02-01,EX,107,108,tcgdex
Pokémon TCG,French,EX Émeraude,,EM,,,,2005,2005-05-09,EX,106,107,tcgdex
Pokémon TCG,French,POP Série 2,,P2,,,,2005,2005-08-01,POP,17,17,tcgdex
Pokémon TCG,French,EX Forces Cachées,,UF,,,,2005,2005-08-22,EX,115,117,tcgdex
Pokémon TCG,French,EX Forces Cachées Collection Zarbi,,exu,,,,2005,2005-08-22,EX,28,28,tcgdex
Pokémon TCG,French,EX Espèces Delta,,DS,,,,2005,2005-10-31,EX,113,114,tcgdex
Pokémon TCG,French,EX Créateurs de légendes,,LM,,,,2006,2006-02-13,EX,92,93,tcgdex
Pokémon TCG,French,EX Kit dresseur (Négapi),,TK2M,,,,2006,2006-03-01,Kits du dresseur,12,12,tcgdex
Pokémon TCG,French,EX Kit dresseur (Positi),,TK2P,,,,2006,2006-03-01,Kits du dresseur,12,12,tcgdex
Pokémon TCG,French,POP Série 3,,P3,,,,2006,2006-04-01,POP,17,17,tcgdex
Pokémon TCG,French,EX Fantômes Holon,,HP,,,,2006,2006-05-03,EX,110,111,tcgdex
Pokémon TCG,French,POP Série 4,,P4,,,,2006,2006-08-01,POP,17,17,tcgdex
Pokémon TCG,French,EX Gardiens de Cristal,,CG,,,,2006,2006-08-30,EX,100,100,tcgdex
Pokémon TCG,French,EX Île des Dragons,,DF,,,,2006,2006-11-08,EX,101,101,tcgdex
Pokémon TCG,French,EX Gardiens du Pouvoir,,PK,,,,2007,2007-02-17,EX,108,108,tcgdex
Pokémon TCG,French,Diamant & Perle,,DP,,,,2007,2007-05-01,Diamant & Perle,130,130,tcgdex
Pokémon TCG,French,Promo DP,,dpp,,,,2007,2007-05-01,Diamant & Perle,56,42,tcgdex
Pokémon TCG,French,Trésors Mystérieux,,MT,,,,2007,2007-08-01,Diamant & Perle,123,124,tcgdex
Pokémon TCG,French,DP Kit dresseur (Lucario),,TK3L,,,,2007,2007-09-01,Kits du dresseur,11,11,tcgdex
Pokémon TCG,French,DP Kit dresseur (Manaphy),,TK3M,,,,2007,2007-09-01,Kits du dresseur,12,12,tcgdex
Pokémon TCG,French,Merveilles Secrètes,,SW,,,,2007,2007-11-01,Diamant & Perle,132,132,tcgdex
Pokémon TCG,French,Duels au Sommets,,GE,,,,2008,2008-02-01,Diamant & Perle,106,106,tcgdex
Pokémon TCG,French,POP Série 7,,P7,,,,2008,2008-03-01,POP,17,17,tcgdex
Pokémon TCG,French,Aube Majestueuse,,MD,,,,2008,2008-05-01,Diamant & Perle,100,100,tcgdex
Pokémon TCG,French,Éveil des Légendes,,LA,,,,2008,2008-08-01,Diamant & Perle,146,146,tcgdex
Pokémon TCG,French,Tempête,,SF,,,,2008,2008-11-01,Diamant & Perle,100,106,tcgdex
Pokémon TCG,French,Platine,,PL,,,,2009,2009-02-11,Platine,127,133,tcgdex
Pokémon TCG,French,POP Série 9,,P9,,,,2009,2009-03-01,POP,17,17,tcgdex
Pokémon TCG,French,Rivaux Émergeants,,RR,,,,2009,2009-05-16,Platine,111,120,tcgdex
Pokémon TCG,French,Vainqueurs Suprêmes,,SV,,,,2009,2009-08-19,Platine,147,153,tcgdex
Pokémon TCG,French,HeartGold SoulSilver,,HS,,,,2010,2010-02-10,HeartGold SoulSilver,123,124,tcgdex
Pokémon TCG,French,Promo HGSS,,hgssp,,,,2010,2010-02-11,HeartGold SoulSilver,25,25,tcgdex
Pokémon TCG,French,HS Kit du dresseur (Léviator),,TK4G,,,,2010,2010-05-01,Kits du dresseur,30,1,tcgdex
Pokémon TCG,French,HS Kit du dresseur (Raichu),,TK4R,,,,2010,2010-05-01,Kits du dresseur,30,1,tcgdex
Pokémon TCG,French,Déchaînement,,UL,,,,2010,2010-05-12,HeartGold SoulSilver,95,96,tcgdex
Pokémon TCG,French,Indomptable,,UND,,,,2010,2010-08-18,HeartGold SoulSilver,90,91,tcgdex
Pokémon TCG,French,Triomphant,,TRI,,,,2010,2010-11-03,HeartGold SoulSilver,102,103,tcgdex
Pokémon TCG,French,L'appel des Légendes,,COL,,,,2011,2011-02-09,L'appel des Légendes,95,106,tcgdex
Pokémon TCG,French,Noir & Blanc,,BLW,,,,2011,2011-04-25,Noir & Blanc,114,115,tcgdex
Pokémon TCG,French,Promo BW,,BWP,,,,2011,2011-04-26,Noir & Blanc,101,101,tcgdex
Pokémon TCG,French,Collection McDonald's 2011,,MCD11,,,,2011,2011-06-17,Collection McDonald's,12,12,tcgdex
Pokémon TCG,French,Pouvoirs Émergents,,EP,,,,2011,2011-08-31,Noir & Blanc,98,98,tcgdex
Pokémon TCG,French,BW Kit du dresseur (Minitaupe),,TK5E,,,,2011,2011-09-01,Kits du dresseur,30,30,tcgdex
Pokémon TCG,French,BW Kit du dresseur (Zoroark),,TK5Z,,,,2011,2011-09-01,Kits du dresseur,30,30,tcgdex
Pokémon TCG,French,Nobles Victoires,,NVI,,,,2011,2011-11-16,Noir & Blanc,101,102,tcgdex
Pokémon TCG,French,Destinées Futures,,NXD,,,,2012,2012-02-08,Noir & Blanc,99,103,tcgdex
Pokémon TCG,French,Explorateurs Obscurs,,DEX,,,,2012,2012-05-09,Noir & Blanc,108,111,tcgdex
Pokémon TCG,French,Collection McDonald's 2012,,MCD12,,,,2012,2012-06-15,Collection McDonald's,12,12,tcgdex
Pokémon TCG,French,Dragons Éxaltés,,DRX,,,,2012,2012-08-15,Noir & Blanc,124,128,tcgdex
Pokémon TCG,French,Coffre des Dragons,,DRV,,,,2012,2012-10-05,Noir & Blanc,20,21,tcgdex
Pokémon TCG,French,Frontières Franchies,,BCR,,,,2012,2012-11-07,Noir & Blanc,149,153,tcgdex
Pokémon TCG,French,Tempète Plasma,,PLS,,,,2013,2013-02-06,Noir & Blanc,135,138,tcgdex
Pokémon TCG,French,Glaciation Plasma,,PLF,,,,2013,2013-05-08,Noir & Blanc,116,122,tcgdex
Pokémon TCG,French,Explosion Plasma,,PLB,,,,2013,2013-08-14,Noir & Blanc,101,105,tcgdex
Pokémon TCG,French,Promo XY,,XYP,,,,2013,2013-10-12,XY,211,211,tcgdex
Pokémon TCG,French,Collection McDonald's 2013,,2013bw,,,,2013,2013-11-01,Collection McDonald's,12,12,tcgdex
Pokémon TCG,French,Radiant Collection,,rc,,,,2013,2013-11-06,Noir & Blanc,25,0,tcgdex
Pokémon TCG,French,Bienvenue à Kalos,,KSS,,,,2013,2013-11-08,XY,39,39,tcgdex
Pokémon TCG,French,XY,,XY,,,,2014,2014-02-05,XY,146,146,tcgdex
Pokémon TCG,French,carte alternative A Jaune,,xya,,,,2014,2014-02-05,XY,6,6,tcgdex
Pokémon TCG,French,XY Kit du dresseur (Bruyverne),,TK6N,,,,2014,2014-03-12,Kits du dresseur,30,30,tcgdex
Pokémon TCG,French,XY Kit du dresseur (Nymphali),,TK6S,,,,2014,2014-03-12,Kits du dresseur,30,30,tcgdex
Pokémon TCG,French,Étincelles,,FLF,,,,2014,2014-05-07,XY,106,109,tcgdex
Pokémon TCG,French,Collection McDonald's 2014,,MCD14,,,,2014,2014-05-23,Collection McDonald's,12,12,tcgdex
Pokémon TCG,French,Poings Furieux,,FFI,,,,2014,2014-08-13,XY,111,113,tcgdex
Pokémon TCG,French,XY Kit du dresseur (Grodoudou),,TK7B,,,,2014,2014-11-01,Kits du dresseur,30,30,tcgdex
Pokémon TCG,French,XY Kit du dresseur (Scalproie),,TK7A,,,,2014,2014-11-01,Kits du dresseur,30,30,tcgdex
Pokémon TCG,French,Vigueur Spectrale,,PHF,,,,2014,2014-11-05,XY,119,122,tcgdex
Pokémon TCG,French,Primo-Choc,,PRC,,,,2015,2015-02-04,XY,160,164,tcgdex
Pokémon TCG,French,Double Danger,,DCR,,,,2015,2015-03-25,XY,34,34,tcgdex
Pokémon TCG,French,XY Kit du dresseur (Latias),,TK8A,,,,2015,2015-04-29,Kits du dresseur,30,30,tcgdex
Pokémon TCG,French,XY Kit du dresseur (Latios),,TK8O,,,,2015,2015-04-29,Kits du dresseur,30,30,tcgdex
Pokémon TCG,French,Ciel Rugissant,,ROS,,,,2015,2015-05-06,XY,108,110,tcgdex
Pokémon TCG,French,Origines Antiques,,AOR,,,,2015,2015-08-12,XY,98,100,tcgdex
Pokémon TCG,French,Impulsion Turbo,,BKT,,,,2015,2015-11-04,XY,162,164,tcgdex
Pokémon TCG,French,Collection McDonald's 2015,,MCD15,,,,2015,2015-11-27,Collection McDonald's,12,12,tcgdex
Pokémon TCG,French,Rupture Turbo,,BKP,,,,2016,2016-02-03,XY,122,123,tcgdex
Pokémon TCG,French,Générations,,GEN,,,,2016,2016-02-22,XY,83,115,tcgdex
Pokémon TCG,French,XY Kit du dresseur (Pikachu Libre),,TK9P,,,,2016,2016-04-27,Kits du dresseur,30,30,tcgdex
Pokémon TCG,French,XY Kit du dresseur (Suicune),,TK9S,,,,2016,2016-04-27,Kits du dresseur,30,30,tcgdex
Pokémon TCG,French,Impact des Destins,,FCO,,,,2016,2016-05-02,XY,124,125,tcgdex
Pokémon TCG,French,Offensive Vapeur,,STS,,,,2016,2016-08-03,XY,114,116,tcgdex
Pokémon TCG,French,Collection McDonald's 2016,,MCD16,,,,2016,2016-08-20,Collection McDonald's,12,12,tcgdex
Pokémon TCG,French,Évolutions,,EVO,,,,2016,2016-11-02,XY,108,113,tcgdex
Pokémon TCG,French,Promo SM,,SMP,,,,2017,2017-02-03,Soleil et Lune,248,248,tcgdex
Pokémon TCG,French,Soleil et Lune,,SUM,,,,2017,2017-02-03,Soleil et Lune,149,163,tcgdex
Pokémon TCG,French,SM Kit du dresseur (Lougarox),,TK10L,,,,2017,2017-04-21,Kits du dresseur,30,18,tcgdex
Pokémon TCG,French,SM Kit du dresseur (Raichu d'Alola),,TK10A,,,,2017,2017-04-21,Kits du dresseur,30,19,tcgdex
Pokémon TCG,French,Gardiens Ascendants,,GRI,,,,2017,2017-05-05,Soleil et Lune,145,169,tcgdex
Pokémon TCG,French,Collection McDonald's 2017,,MCD17,,,,2017,2017-08-03,Collection McDonald's,12,12,tcgdex
Pokémon TCG,French,Ombres Ardentes,,BUS,,,,2017,2017-08-04,Soleil et Lune,147,169,tcgdex
Pokémon TCG,French,Légendes Brillantes,,SLG,,,,2017,2017-10-06,Soleil et Lune,73,78,tcgdex
Pokémon TCG,French,Invasion Carmin,,CIN,,,,2017,2017-11-03,Soleil et Lune,111,124,tcgdex
Pokémon TCG,French,Ultra-Prisme,,UPR,,,,2018,2018-02-02,Soleil et Lune,156,173,tcgdex
Pokémon TCG,French,Lumière Interdite,,FLI,,,,2018,2018-05-04,Soleil et Lune,131,146,tcgdex
Pokémon TCG,French,Collection McDonald's 2018,,2018sm-fr,,,,2018,2018-06-13,Collection McDonald's,40,40,tcgdex
Pokémon TCG,French,Tempête Céleste,,CES,,,,2018,2018-08-03,Soleil et Lune,168,183,tcgdex
Pokémon TCG,French,Majesté Des Dragons,,DRM,,,,2018,2018-09-07,Soleil et Lune,70,78,tcgdex
Pokémon TCG,French,Tonnerre Perdu,,LOT,,,,2018,2018-11-02,Soleil et Lune,214,236,tcgdex
Pokémon TCG,French,Duo de Choc,,TEU,,,,2019,2019-01-31,Soleil et Lune,181,196,tcgdex
Pokémon TCG,French,Détective Pikachu,,DET,,,,2019,2019-03-29,Soleil et Lune,18,18,tcgdex
Pokémon TCG,French,Alliance Infaillible,,UNB,,,,2019,2019-05-03,Soleil et Lune,214,234,tcgdex
Pokémon TCG,French,Harmonie des Esprits,,UNM,,,,2019,2019-08-02,Soleil et Lune,236,258,tcgdex
Pokémon TCG,French,Destinées Occultes,,HIF,,,,2019,2019-08-23,Soleil et Lune,68,69,tcgdex
Pokémon TCG,French,Destinées Occultes Coffre Étincelant,,sma,,,,2019,2019-08-23,Soleil et Lune,94,94,tcgdex
Pokémon TCG,French,Collection McDonald's 2019,,2019sm-fr,,,,2019,2019-10-30,Collection McDonald's,40,40,tcgdex
Pokémon TCG,French,Éclipse Cosmique,,CEC,,,,2019,2019-11-01,Soleil et Lune,236,271,tcgdex
Pokémon TCG,French,Promo SWSH,,swshp,,,,2019,2019-11-15,Épée et Bouclier,307,299,tcgdex
Pokémon TCG,French,Épée et Bouclier,,SSH,,,,2020,2020-02-07,Épée et Bouclier,202,216,tcgdex
Pokémon TCG,French,Clash des Rebelles,,RCL,,,,2020,2020-05-01,Épée et Bouclier,192,209,tcgdex
Pokémon TCG,French,Ténèbres Embrasées,,DAA,,,,2020,2020-08-14,Épée et Bouclier,189,201,tcgdex
Pokémon TCG,French,La Voie du Maître,,CPA,,,,2020,2020-09-25,Épée et Bouclier,73,80,tcgdex
Pokémon TCG,French,Voltage Éclatant,,VIV,,,,2020,2020-11-13,Épée et Bouclier,185,203,tcgdex
Pokémon TCG,French,Collection McDonald's 2021,,MCD21,,,,2021,2021-02-09,Collection McDonald's,25,25,tcgdex
Pokémon TCG,French,Destinées Radieuses,,SHF,,,,2021,2021-02-19,Épée et Bouclier,72,73,tcgdex
Pokémon TCG,French,Destinées Radieuses Coffre Étincelant,,SHF:SV,,,,2021,2021-02-19,Épée et Bouclier,122,122,tcgdex
Pokémon TCG,French,Styles de combat,,BST,,,,2021,2021-03-19,Épée et Bouclier,163,183,tcgdex
Pokémon TCG,French,Règne de Glace,,CRE,,,,2021,2021-06-18,Épée et Bouclier,198,233,tcgdex
Pokémon TCG,French,Évolution Céleste,,EVS,,,,2021,2021-08-27,Épée et Bouclier,203,237,tcgdex
Pokémon TCG,French,Célébrations,,CEL,,,,2021,2021-10-08,Épée et Bouclier,25,25,tcgdex
Pokémon TCG,French,Célébrations Collection Classique,,CEL:CC,,,,2021,2021-10-08,Épée et Bouclier,25,25,tcgdex
Pokémon TCG,French,Poing de Fusion,,FST,,,,2021,2021-11-12,Épée et Bouclier,264,284,tcgdex
Pokémon TCG,French,Stars Étincelantes,,BRS,,,,2022,2022-02-25,Épée et Bouclier,172,186,tcgdex
Pokémon TCG,French,Stars Étincelantes Galerie de Dresseurs,,BRS:TG,,,,2022,2022-02-25,Épée et Bouclier,30,30,tcgdex
Pokémon TCG,French,Astres Radieux,,ASR,,,,2022,2022-05-27,Épée et Bouclier,189,216,tcgdex
Pokémon TCG,French,Astres Radieux Galerie de Dresseurs,,ASR:TG,,,,2022,2022-05-27,Épée et Bouclier,30,30,tcgdex
Pokémon TCG,French,Pokémon GO,,PGO,,,,2022,2022-07-01,Épée et Bouclier,78,88,tcgdex
Pokémon TCG,French,Collection McDonald's 2022,,MCD22,,,,2022,2022-08-03,Collection McDonald's,15,15,tcgdex
Pokémon TCG,French,Origine Perdue,,LOR,,,,2022,2022-09-09,Épée et Bouclier,196,217,tcgdex
Pokémon TCG,French,Origine Perdue Galerie de Dresseurs,,LOR:TG,,,,2022,2022-09-09,Épée et Bouclier,30,30,tcgdex
Pokémon TCG,French,Tempête Argentée,,SIT,,,,2022,2022-11-11,Épée et Bouclier,195,215,tcgdex
Pokémon TCG,French,Tempête Argentée Galerie de Dresseurs,,SIT:TG,,,,2022,2022-11-11,Épée et Bouclier,30,30,tcgdex
Pokémon TCG,French,Zénith Suprême,,CRZ,,,,2023,2023-01-20,Épée et Bouclier,159,160,tcgdex
Pokémon TCG,French,Zénith Suprême Galerie Galaroise,,CRZ:GG,,,,2023,2023-01-20,Épée et Bouclier,70,70,tcgdex
Pokémon TCG,French,SVP Black Star Promos,,SVP,,,,2023,2023-03-31,Écarlate et Violet,225,220,tcgdex
Pokémon TCG,French,Écarlate et Violet,,SVI,,,,2023,2023-03-31,Écarlate et Violet,198,258,tcgdex
Pokémon TCG,French,Écarlate et Violet Énergie,,SVE,,,,2023,2023-03-31,Écarlate et Violet,24,24,tcgdex
Pokémon TCG,French,Évolutions à Paldea,,PAL,,,,2023,2023-06-09,Écarlate et Violet,193,279,tcgdex
Pokémon TCG,French,Collection McDonald's 2023,,MCD23,,,,2023,2023-08-01,Collection McDonald's,15,15,tcgdex
Pokémon TCG,French,Flammes Obsidiennes,,OBF,,,,2023,2023-08-11,Écarlate et Violet,197,230,tcgdex
Pokémon TCG,French,151,,MEW,,,,2023,2023-09-22,Écarlate et Violet,165,207,tcgdex
Pokémon TCG,French,Faille Paradoxe,,PAR,,,,2023,2023-11-03,Écarlate et Violet,182,266,tcgdex
Pokémon TCG,French,Destinées de Paldea,,PAF,,,,2024,2024-01-26,Écarlate et Violet,91,245,tcgdex
Pokémon TCG,French,Forces Temporelles,,TEF,,,,2024,2024-03-22,Écarlate et Violet,162,218,tcgdex
Pokémon TCG,French,Mascarade Crépusculaire,,TWM,,,,2024,2024-05-24,Écarlate et Violet,167,226,tcgdex
Pokémon TCG,French,Fable Nébuleuse,,SFA,,,,2024,2024-08-02,Écarlate et Violet,64,99,tcgdex
Pokémon TCG,French,Couronne Stellaire,,SCR,,,,2024,2024-09-13,Écarlate et Violet,142,175,tcgdex
Pokémon TCG,French,Promo-A,,P-A,,,,2024,2024-10-30,Jeu de Cartes à Collectionner Pokémon Pocket,0,73,tcgdex
Pokémon TCG,French,Puissance Génétique,,A1,,,,2024,2024-10-30,Jeu de Cartes à Collectionner Pokémon Pocket,226,286,tcgdex
Pokémon TCG,French,Étincelles Déferlantes,,SSP,,,,2024,2024-11-08,Écarlate et Violet,191,252,tcgdex
Pokémon TCG,French,Collection McDonald's 2024,,MCD24,,,,2024,2024-12-04,Collection McDonald's,15,15,tcgdex
Pokémon TCG,French,L’Île Fabuleuse,,A1a,,,,2024,2024-12-17,Jeu de Cartes à Collectionner Pokémon Pocket,68,86,tcgdex
Pokémon TCG,French,Évolutions Prismatiques,,PRE,,,,2025,2025-01-17,Écarlate et Violet,131,180,tcgdex
Pokémon TCG,French,Choc Spatio-Temporel,,A2,,,,2025,2025-01-30,Jeu de Cartes à Collectionner Pokémon Pocket,140,207,tcgdex
Pokémon TCG,French,Lumière Triomphale,,A2a,,,,2025,2025-02-28,Jeu de Cartes à Collectionner Pokémon Pocket,75,96,tcgdex
Pokémon TCG,French,Réjouissances Rayonnantes,,A2b,,,,2025,2025-03-27,Jeu de Cartes à Collectionner Pokémon Pocket,72,111,tcgdex
Pokémon TCG,French,Aventures Ensemble,,JTG,,,,2025,2025-03-28,Écarlate et Violet,159,190,tcgdex
Pokémon TCG,French,Gardiens Astraux,,A3,,,,2025,2025-04-30,Jeu de Cartes à Collectionner Pokémon Pocket,155,239,tcgdex
Pokémon TCG,French,Crise Interdimensionnelle,,A3a,,,,2025,2025-05-29,Jeu de Cartes à Collectionner Pokémon Pocket,69,103,tcgdex
Pokémon TCG,French,Rivalités Destinées,,DRI,,,,2025,2025-05-30,Écarlate et Violet,182,244,tcgdex
Pokémon TCG,French,La Clairière d'Évoli,,A3b,,,,2025,2025-06-26,Jeu de Cartes à Collectionner Pokémon Pocket,69,107,tcgdex
Pokémon TCG,French,Flamme Blanche,,WHT,,,,2025,2025-07-17,Écarlate et Violet,86,173,tcgdex
Pokémon TCG,French,Foudre Noire,,BLK,,,,2025,2025-07-17,Écarlate et Violet,86,172,tcgdex
Pokémon TCG,French,Sagesse Entre Ciel et Mer,,A4,,,,2025,2025-07-30,Jeu de Cartes à Collectionner Pokémon Pocket,161,241,tcgdex
Pokémon TCG,French,Source Secrète,,A4a,,,,2025,2025-08-28,Jeu de Cartes à Collectionner Pokémon Pocket,71,105,tcgdex
Pokémon TCG,French,Méga-Évolution Énergie,,MEE,,,,2025,2025-09-25,Méga-Évolution,8,8,tcgdex
Pokémon TCG,French,MEP Black Star Promos,,MEP,,,,2025,2025-09-26,Méga-Évolution,0,60,tcgdex
Pokémon TCG,French,Méga-Évolution,,MEG,,,,2025,2025-09-26,Méga-Évolution,132,188,tcgdex
Pokémon TCG,French,Méga-Ascension,,B1,,,,2025,2025-10-30,Jeu de Cartes à Collectionner Pokémon Pocket,226,0,tcgdex
Pokémon TCG,French,Flammes Fantasmagoriques,,PFL,,,,2025,2025-11-14,Méga-Évolution,94,130,tcgdex
Pokémon TCG,French,Embrasement Écarlate,,B1a,,,,2025,2025-12-17,Jeu de Cartes à Collectionner Pokémon Pocket,69,0,tcgdex
Pokémon TCG,French,Parade Onirique,,B2,,,,2026,2026-01-29,Jeu de Cartes à Collectionner Pokémon Pocket,155,0,tcgdex
Pokémon TCG,French,Héros Transcendants,,ASC,,,,2026,2026-01-30,Méga-Évolution,217,295,tcgdex
Pokémon TCG,French,Merveilles de Paldea,,B2a,,,,2026,2026-02-26,Jeu de Cartes à Collectionner Pokémon Pocket,93,131,tcgdex
Pokémon TCG,French,Équilibre Parfait,,POR,,,,2026,2026-03-27,Méga-Évolution,88,124,tcgdex
Pokémon TCG,French,Chaos Ascendant,,CRI,,,,2026,2026-05-22,Méga-Évolution,86,122,tcgdex
Pokémon TCG,French,Nuit Noire,,PBL,,,,2026,2026-07-17,Méga-Évolution,84,120,tcgdex
Pokémon TCG,Indonesian,Pedang & Perisai,,SC1D,,,,2020,2020-11-21,Pedang & Perisai,164,0,tcgdex
Pokémon TCG,Indonesian,劍&盾」SET A,,SC1a,,,,2020,2020-11-21,Pedang & Perisai,154,0,tcgdex
Pokémon TCG,Indonesian,劍&盾」SET B,,SC1b,,,,2020,2020-11-21,Pedang & Perisai,153,0,tcgdex
Pokémon TCG,Indonesian,Koleksi VMAX Berkilau Set A,,SC3a,,,,2021,2021-03-21,Pedang & Perisai,159,0,tcgdex
Pokémon TCG,Indonesian,Koleksi VMAX Berkilau Set B,,SC3b,,,,2021,2021-03-21,Pedang & Perisai,158,0,tcgdex
Pokémon TCG,Indonesian,V Starter Deck Teman,,SCA,,,,2021,2021-03-21,Pedang & Perisai,135,0,tcgdex
Pokémon TCG,Indonesian,Master Serangan Beruntun,,S5R,,,,2021,2021-05-21,Pedang & Perisai,70,0,tcgdex
Pokémon TCG,Indonesian,Master Serangan Tunggal,,S5I,,,,2021,2021-05-21,Pedang & Perisai,70,0,tcgdex
Pokémon TCG,Indonesian,Tantangan,,SCB,,,,2021,2021-05-21,Pedang & Perisai,156,0,tcgdex
Pokémon TCG,Indonesian,Dua Pilar Petarung,,S5a,,,,2021,2021-07-02,Pedang & Perisai,70,0,tcgdex
Pokémon TCG,Indonesian,Astral Gelap Gulita,,S6K,,,,2021,2021-10-01,Pedang & Perisai,70,0,tcgdex
Pokémon TCG,Indonesian,Evolusi,,SCC,,,,2021,2021-10-01,Pedang & Perisai,172,0,tcgdex
Pokémon TCG,Indonesian,Ganjur Salju Perak,,S6H,,,,2021,2021-10-01,Pedang & Perisai,70,0,tcgdex
Pokémon TCG,Indonesian,Para Eevee Pahlawan,,S6a,,,,2021,2021-10-01,Pedang & Perisai,69,0,tcgdex
Pokémon TCG,Indonesian,Arus Langit Biru,,S7R,,,,2021,2021-11-05,Pedang & Perisai,67,0,tcgdex
Pokémon TCG,Indonesian,Pencakar Langit Sempurna,,S7D,,,,2021,2021-11-05,Pedang & Perisai,67,0,tcgdex
Pokémon TCG,Indonesian,Koleksi Perayaan 25 Tahun,,S8a,,,,2021,2021-12-15,Pedang & Perisai,28,0,tcgdex
Pokémon TCG,Indonesian,Teknik Fusion,,S8,,,,2022,2022-01-21,Pedang & Perisai,100,0,tcgdex
Pokémon TCG,Indonesian,V Starter Deck Kekuatan,,SCD,,,,2022,2022-01-21,Pedang & Perisai,159,0,tcgdex
Pokémon TCG,Indonesian,VMAX Klimaks,,S8b,,,,2022,2022-01-21,Pedang & Perisai,184,0,tcgdex
Pokémon TCG,Indonesian,Kebangkitan,,SCE,,,,2022,2022-04-22,Pedang & Perisai,173,0,tcgdex
Pokémon TCG,Indonesian,Pertarungan Daerah,,S9a,,,,2022,2022-04-22,Pedang & Perisai,67,0,tcgdex
Pokémon TCG,Indonesian,Star Birth,,S9,,,,2022,2022-04-22,Pedang & Perisai,100,0,tcgdex
Pokémon TCG,Indonesian,Pokémon GO,,S10b,,,,2022,2022-06-17,Pedang & Perisai,71,0,tcgdex
Pokémon TCG,Indonesian,Kartu Promo,,S-P,,,,2022,2022-07-14,Pedang & Perisai,0,0,tcgdex
Pokémon TCG,Indonesian,Pengamat Waktu,,S10D,,,,2022,2022-07-29,Pedang & Perisai,67,0,tcgdex
Pokémon TCG,Indonesian,Penyulap Ruang,,S10P,,,,2022,2022-07-29,Pedang & Perisai,67,0,tcgdex
Pokémon TCG,Indonesian,Fantom Kegelapan,,S10a,,,,2022,2022-08-26,Pedang & Perisai,71,0,tcgdex
Pokémon TCG,Indonesian,Hantaman Triplet,,S11,,,,2022,2022-09-23,Pedang & Perisai,100,0,tcgdex
Pokémon TCG,Indonesian,Arkana Memuncak,,S11a,,,,2022,2022-10-28,Pedang & Perisai,68,0,tcgdex
Pokémon TCG,Indonesian,Pemicu Paradigma,,S12,,,,2022,2022-11-25,Pedang & Perisai,98,0,tcgdex
Pokémon TCG,Indonesian,Transformasi,,SCF,,,,2022,2022-11-25,Pedang & Perisai,176,0,tcgdex
Pokémon TCG,Indonesian,VSTAR Semesta,,S12a,,,,2022,2022-12-23,Pedang & Perisai,172,0,tcgdex
Pokémon TCG,Indonesian,Fuecoco & Ampharos ex,,SVAM,,,,2023,2023-03-03,Scarlet & Violet,23,25,tcgdex
Pokémon TCG,Indonesian,Kartu Promo,,SV-P,,,,2023,2023-03-03,Scarlet & Violet,0,0,tcgdex
Pokémon TCG,Indonesian,Quaxly & Mimikyu ex,,SVAW,,,,2023,2023-03-03,Scarlet & Violet,23,25,tcgdex
Pokémon TCG,Indonesian,Scarlet ex,,SV1S,,,,2023,2023-03-03,Scarlet & Violet,78,78,tcgdex
Pokémon TCG,Indonesian,Sprigatito & Lucario ex,,SVAL,,,,2023,2023-03-03,Scarlet & Violet,21,23,tcgdex
Pokémon TCG,Indonesian,Violet ex,,SV1V,,,,2023,2023-03-03,Scarlet & Violet,78,78,tcgdex
Pokémon TCG,Indonesian,Hantaman Triplet,,SV1a,,,,2023,2023-04-21,Scarlet & Violet,73,73,tcgdex
Pokémon TCG,Indonesian,Letusan Tanah,,SV2D,,,,2023,2023-06-30,Scarlet & Violet,71,71,tcgdex
Pokémon TCG,Indonesian,Mara Bahaya Salju,,SV2P,,,,2023,2023-06-30,Scarlet & Violet,71,71,tcgdex
Pokémon TCG,Indonesian,Kartu Pokémon 151,,SV2a,,,,2023,2023-07-28,Scarlet & Violet,165,207,tcgdex
Pokémon TCG,Indonesian,Kilau Hitam,,SV3s,,,,2023,2023-10-27,Scarlet & Violet,170,227,tcgdex
Pokémon TCG,Indonesian,Deck Ringkas ex,,SVDs,,,,2023,2023-11-10,Scarlet & Violet,163,171,tcgdex
Pokémon TCG,Indonesian,Pertemuan Paradoks,,SV4s,,,,2023,2023-12-15,Scarlet & Violet,132,184,tcgdex
Pokémon TCG,Indonesian,Harta Berkilau ex,,SV4a,,,,2024,2024-01-26,Scarlet & Violet,190,314,tcgdex
Pokémon TCG,Indonesian,Paradoks Andalan,,SV5s,,,,2024,2024-03-29,Scarlet & Violet,142,194,tcgdex
Pokémon TCG,Indonesian,Hantaman Triplet,,CS1.5,,,,2024,2024-04-26,Pedang & Perisai,101,0,tcgdex
Pokémon TCG,Indonesian,Hantaman Triplet,,CS1a,,,,2024,2024-04-26,Pedang & Perisai,101,0,tcgdex
Pokémon TCG,Indonesian,Hantaman Triplet,,CS1b,,,,2024,2024-04-26,Pedang & Perisai,101,0,tcgdex
Pokémon TCG,Indonesian,Hantaman Triplet,,CS2.5,,,,2024,2024-04-26,Pedang & Perisai,101,0,tcgdex
Pokémon TCG,Indonesian,Hantaman Triplet,,CS2a,,,,2024,2024-04-26,Pedang & Perisai,101,0,tcgdex
Pokémon TCG,Indonesian,Hantaman Triplet,,CS2b,,,,2024,2024-04-26,Pedang & Perisai,101,0,tcgdex
Pokémon TCG,Indonesian,Hantaman Triplet,,CS3.5,,,,2024,2024-04-26,Pedang & Perisai,101,0,tcgdex
Pokémon TCG,Indonesian,Hantaman Triplet,,CS3D,,,,2024,2024-04-26,Pedang & Perisai,101,0,tcgdex
Pokémon TCG,Indonesian,Hantaman Triplet,,CS3a,,,,2024,2024-04-26,Pedang & Perisai,101,0,tcgdex
Pokémon TCG,Indonesian,Hantaman Triplet,,CS3b,,,,2024,2024-04-26,Pedang & Perisai,101,0,tcgdex
Pokémon TCG,Indonesian,Hantaman Triplet,,CS4,,,,2024,2024-04-26,Pedang & Perisai,101,0,tcgdex
Pokémon TCG,Indonesian,Hantaman Triplet,,CS4Da,,,,2024,2024-04-26,Pedang & Perisai,101,0,tcgdex
Pokémon TCG,Indonesian,Hantaman Triplet,,CS4a,,,,2024,2024-04-26,Pedang & Perisai,101,0,tcgdex
Pokémon TCG,Indonesian,Hantaman Triplet,,CS4b,,,,2024,2024-04-26,Pedang & Perisai,101,0,tcgdex
Pokémon TCG,Indonesian,Hantaman Triplet,,CSA,,,,2024,2024-04-26,Pedang & Perisai,101,0,tcgdex
Pokémon TCG,Indonesian,Koraidon ex Purba,,SVHK,,,,2024,2024-04-26,Scarlet & Violet,22,24,tcgdex
Pokémon TCG,Indonesian,Miraidon ex Futur,,SVHM,,,,2024,2024-04-26,Scarlet & Violet,22,24,tcgdex
Pokémon TCG,Indonesian,Topeng Transfigurasi,,SV6s,,,,2024,2024-05-31,Scarlet & Violet,167,167,tcgdex
Pokémon TCG,Indonesian,Bimbingan Rasi,,SV7s,,,,2024,2024-09-20,Scarlet & Violet,166,166,tcgdex
Pokémon TCG,Indonesian,Kilat Rasi,,SV8s,,,,2024,2024-11-29,Scarlet & Violet,182,244,tcgdex
Pokémon TCG,Indonesian,Festival Terastal ex,,SV8a,,,,2025,2025-01-31,Scarlet & Violet,187,237,tcgdex
Pokémon TCG,Indonesian,Ikatan Takdir,,SV9s,,,,2025,2025-04-18,Scarlet & Violet,139,185,tcgdex
Pokémon TCG,Italian,Set Base,,BS,,,,1999,1999-01-09,Originale,102,102,tcgdex
Pokémon TCG,Italian,Jungle,,JU,,,,1999,1999-06-16,Originale,64,0,tcgdex
Pokémon TCG,Italian,Wizards Black Star Promos,,basep,,,,1999,1999-07-01,Originale,53,0,tcgdex
Pokémon TCG,Italian,Carte Promo Wizards,,wp,,,,1999,1999-09-01,Originale,7,0,tcgdex
Pokémon TCG,Italian,Fossil,,FO,,,,1999,1999-10-10,Originale,62,0,tcgdex
Pokémon TCG,Italian,Team Rocket,,RO,,,,2000,2000-04-24,Originale,82,0,tcgdex
Pokémon TCG,Italian,Neo Genesis,,N1,,,,2000,2000-12-16,Neo,111,0,tcgdex
Pokémon TCG,Italian,Neo Discovery,,N2,,,,2001,2001-06-01,Neo,75,0,tcgdex
Pokémon TCG,Italian,Neo Revelation,,N3,,,,2001,2001-09-21,Neo,64,0,tcgdex
Pokémon TCG,Italian,Neo Destiny,,N4,,,,2002,2002-02-28,Neo,105,0,tcgdex
Pokémon TCG,Italian,Expedition Set Base,,EX,,,,2002,2002-09-15,e-Series,165,0,tcgdex
Pokémon TCG,Italian,Aquapolis,,AQ,,,,2003,2003-01-15,e-Series,147,0,tcgdex
Pokémon TCG,Italian,Skyridge,,SK,,,,2003,2003-05-12,e-Series,144,0,tcgdex
Pokémon TCG,Italian,EX Rubino & Zaffiro,,RS,,,,2003,2003-07-01,EX,109,0,tcgdex
Pokémon TCG,Italian,EX Tempesta di Sabbia,,SS,,,,2003,2003-09-18,EX,100,0,tcgdex
Pokémon TCG,Italian,Nintendo Black Star Promos,,np,,,,2003,2003-10-01,POP,40,0,tcgdex
Pokémon TCG,Italian,EX Drago,,DR,,,,2003,2003-11-24,EX,97,0,tcgdex
Pokémon TCG,Italian,EX Team Magma vs Team Idro,,MA,,,,2004,2004-03-01,EX,95,0,tcgdex
Pokémon TCG,Italian,EX Leggende Nascoste,,HL,,,,2004,2004-06-01,EX,101,0,tcgdex
Pokémon TCG,Italian,EX trainer Kit (Latias),,TK1A,,,,2004,2004-07-01,Trainer Kit,10,0,tcgdex
Pokémon TCG,Italian,EX trainer Kit (Latios),,TK1O,,,,2004,2004-07-01,Trainer Kit,10,0,tcgdex
Pokémon TCG,Italian,EX RossoFuoco e VerdeFoglia,,RG,,,,2004,2004-09-01,EX,112,0,tcgdex
Pokémon TCG,Italian,POP Serie 1,,P1,,,,2004,2004-09-01,POP,17,0,tcgdex
Pokémon TCG,Italian,EX Deoxys,,DX,,,,2005,2005-02-01,EX,107,0,tcgdex
Pokémon TCG,Italian,EX Smeraldo,,EM,,,,2005,2005-05-09,EX,106,0,tcgdex
Pokémon TCG,Italian,POP Serie 2,,P2,,,,2005,2005-08-01,POP,17,0,tcgdex
Pokémon TCG,Italian,EX Forze Segrete,,UF,,,,2005,2005-08-22,EX,115,0,tcgdex
Pokémon TCG,Italian,EX Forze Segrete Unown,,exu,,,,2005,2005-08-22,EX,28,0,tcgdex
Pokémon TCG,Italian,EX Specie Delta,,DS,,,,2005,2005-10-31,EX,113,0,tcgdex
Pokémon TCG,Italian,EX La Leggenda di Mew,,LM,,,,2006,2006-02-13,EX,92,0,tcgdex
Pokémon TCG,Italian,EX trainer Kit (Ninun),,TK2M,,,,2006,2006-03-01,Trainer Kit,12,0,tcgdex
Pokémon TCG,Italian,EX trainer Kit (Plusle),,TK2P,,,,2006,2006-03-01,Trainer Kit,12,0,tcgdex
Pokémon TCG,Italian,POP Serie 3,,P3,,,,2006,2006-04-01,POP,17,0,tcgdex
Pokémon TCG,Italian,EX Fantasmi di Holon,,HP,,,,2006,2006-05-03,EX,110,0,tcgdex
Pokémon TCG,Italian,POP Serie 4,,P4,,,,2006,2006-08-01,POP,17,0,tcgdex
Pokémon TCG,Italian,EX Guardiani dei Cristalli,,CG,,,,2006,2006-08-30,EX,100,0,tcgdex
Pokémon TCG,Italian,EX L'Isola dei Draghi,,DF,,,,2006,2006-11-08,EX,101,0,tcgdex
Pokémon TCG,Italian,POP Serie 5,,P5,,,,2007,2007-03-01,POP,17,0,tcgdex
Pokémon TCG,Italian,DP Black Star Promos,,dpp,,,,2007,2007-05-01,Diamante & Perla,56,0,tcgdex
Pokémon TCG,Italian,Diamante & Perla,,DP,,,,2007,2007-05-01,Diamante & Perla,130,0,tcgdex
Pokémon TCG,Italian,Tesori Misteriosi,,MT,,,,2007,2007-08-01,Diamante & Perla,123,0,tcgdex
Pokémon TCG,Italian,Diamond & Pearl trainer Kit (Lucario),,TK3L,,,,2007,2007-09-01,Trainer Kit,11,0,tcgdex
Pokémon TCG,Italian,Diamond & Pearl trainer Kit (Manaphy),,TK3M,,,,2007,2007-09-01,Trainer Kit,12,0,tcgdex
Pokémon TCG,Italian,Prodigi Segreti,,SW,,,,2007,2007-11-01,Diamante & Perla,132,0,tcgdex
Pokémon TCG,Italian,Incontri Leggendari,,GE,,,,2008,2008-02-01,Diamante & Perla,106,0,tcgdex
Pokémon TCG,Italian,POP Serie 7,,P7,,,,2008,2008-03-01,POP,17,0,tcgdex
Pokémon TCG,Italian,Alba Suprema,,MD,,,,2008,2008-05-01,Diamante & Perla,100,0,tcgdex
Pokémon TCG,Italian,Il Risveglio dei Miti,,LA,,,,2008,2008-08-01,Diamante & Perla,146,0,tcgdex
Pokémon TCG,Italian,Fronte di Tempesta,,SF,,,,2008,2008-11-01,Diamante & Perla,100,0,tcgdex
Pokémon TCG,Italian,Platino,,PL,,,,2009,2009-02-11,Platino,127,0,tcgdex
Pokémon TCG,Italian,POP Serie 9,,P9,,,,2009,2009-03-01,POP,17,0,tcgdex
Pokémon TCG,Italian,L'Ascesa dei Rivali,,RR,,,,2009,2009-05-16,Platino,111,0,tcgdex
Pokémon TCG,Italian,Arceus,,AR,,,,2009,2009-11-04,Platino,99,0,tcgdex
Pokémon TCG,Italian,HeartGold SoulSilver,,HS,,,,2010,2010-02-10,HeartGold SoulSilver,123,0,tcgdex
Pokémon TCG,Italian,HGSS Promo,,hgssp,,,,2010,2010-02-11,HeartGold SoulSilver,25,0,tcgdex
Pokémon TCG,Italian,HS trainer Kit (Gyarados),,TK4G,,,,2010,2010-05-01,Trainer Kit,30,0,tcgdex
Pokémon TCG,Italian,HS trainer Kit (Raichu),,TK4R,,,,2010,2010-05-01,Trainer Kit,30,0,tcgdex
Pokémon TCG,Italian,Forze Scatenate,,UL,,,,2010,2010-05-12,HeartGold SoulSilver,95,0,tcgdex
Pokémon TCG,Italian,Senza Paura,,UND,,,,2010,2010-08-18,HeartGold SoulSilver,90,0,tcgdex
Pokémon TCG,Italian,Battaglie Trionfali,,TRI,,,,2010,2010-11-03,HeartGold SoulSilver,102,0,tcgdex
Pokémon TCG,Italian,Richiamo delle Leggende,,COL,,,,2011,2011-02-09,Richiamo delle Leggende,95,0,tcgdex
Pokémon TCG,Italian,Nero e Bianco,,BLW,,,,2011,2011-04-25,Nero e Bianco,114,115,tcgdex
Pokémon TCG,Italian,NB Promo,,BWP,,,,2011,2011-04-26,Nero e Bianco,101,0,tcgdex
Pokémon TCG,Italian,McDonald's Collection,,MCD11,,,,2011,2011-06-17,McDonald's Collection,12,0,tcgdex
Pokémon TCG,Italian,Nuove Forze,,EP,,,,2011,2011-08-31,Nero e Bianco,98,98,tcgdex
Pokémon TCG,Italian,Vittorie Regali,,NVI,,,,2011,2011-11-16,Nero e Bianco,101,102,tcgdex
Pokémon TCG,Italian,Destini Futuri,,NXD,,,,2012,2012-02-08,Nero e Bianco,99,103,tcgdex
Pokémon TCG,Italian,Esploratori delle Tenebre,,DEX,,,,2012,2012-05-09,Nero e Bianco,108,111,tcgdex
Pokémon TCG,Italian,McDonald's Collection 2012,,MCD12,,,,2012,2012-06-15,McDonald's Collection,12,0,tcgdex
Pokémon TCG,Italian,Stirpe dei Draghi,,DRX,,,,2012,2012-08-15,Nero e Bianco,124,128,tcgdex
Pokémon TCG,Italian,Tesoro dei Draghi,,DRV,,,,2012,2012-10-05,Nero e Bianco,20,0,tcgdex
Pokémon TCG,Italian,Confini Varcati,,BCR,,,,2012,2012-11-07,Nero e Bianco,149,153,tcgdex
Pokémon TCG,Italian,Uragano Plasma,,PLS,,,,2013,2013-02-06,Nero e Bianco,135,138,tcgdex
Pokémon TCG,Italian,Glaciazione Plasma,,PLF,,,,2013,2013-05-08,Nero e Bianco,116,122,tcgdex
Pokémon TCG,Italian,XY Promo,,XYP,,,,2013,2013-10-12,XY,211,0,tcgdex
Pokémon TCG,Italian,Benvenuti a Kalos,,KSS,,,,2013,2013-11-08,XY,39,39,tcgdex
Pokémon TCG,Italian,Carta Alternatica A Gialla,,xya,,,,2014,2014-02-05,XY,6,0,tcgdex
Pokémon TCG,Italian,XY,,XY,,,,2014,2014-02-05,XY,146,146,tcgdex
Pokémon TCG,Italian,XY trainer Kit (Noivern),,TK6N,,,,2014,2014-03-12,Trainer Kit,30,30,tcgdex
Pokémon TCG,Italian,XY trainer Kit (Sylveon),,TK6S,,,,2014,2014-03-12,Trainer Kit,30,30,tcgdex
Pokémon TCG,Italian,Fuoco Infernale,,FLF,,,,2014,2014-05-07,XY,106,109,tcgdex
Pokémon TCG,Italian,McDonald's Collection 2014,,MCD14,,,,2014,2014-05-23,McDonald's Collection,12,0,tcgdex
Pokémon TCG,Italian,Colpi Furiosi,,FFI,,,,2014,2014-08-13,XY,111,113,tcgdex
Pokémon TCG,Italian,XY trainer Kit (Bisharp),,TK7A,,,,2014,2014-11-01,Trainer Kit,30,30,tcgdex
Pokémon TCG,Italian,XY trainer Kit (Wigglytuff),,TK7B,,,,2014,2014-11-01,Trainer Kit,30,30,tcgdex
Pokémon TCG,Italian,Forze Spettrali,,PHF,,,,2014,2014-11-05,XY,119,122,tcgdex
Pokémon TCG,Italian,Scontro Primordiale,,PRC,,,,2015,2015-02-04,XY,160,164,tcgdex
Pokémon TCG,Italian,XY trainer Kit (Latias),,TK8A,,,,2015,2015-04-29,Trainer Kit,30,30,tcgdex
Pokémon TCG,Italian,XY trainer Kit (Latios),,TK8O,,,,2015,2015-04-29,Trainer Kit,30,30,tcgdex
Pokémon TCG,Italian,Furie Volanti,,ROS,,,,2015,2015-05-06,XY,108,110,tcgdex
Pokémon TCG,Italian,Antiche Origini,,AOR,,,,2015,2015-08-12,XY,98,100,tcgdex
Pokémon TCG,Italian,Turbo Blitz,,BKT,,,,2015,2015-11-04,XY,162,164,tcgdex
Pokémon TCG,Italian,McDonald's Collection 2015,,MCD15,,,,2015,2015-11-27,McDonald's Collection,12,0,tcgdex
Pokémon TCG,Italian,Turbo Crash,,BKP,,,,2016,2016-02-03,XY,122,123,tcgdex
Pokémon TCG,Italian,Generazioni,,GEN,,,,2016,2016-02-22,XY,83,0,tcgdex
Pokémon TCG,Italian,XY trainer Kit (Pikachu Libre),,TK9P,,,,2016,2016-04-27,Trainer Kit,30,30,tcgdex
Pokémon TCG,Italian,XY trainer Kit (Suicune),,TK9S,,,,2016,2016-04-27,Trainer Kit,30,30,tcgdex
Pokémon TCG,Italian,Destini Incrociati,,FCO,,,,2016,2016-05-02,XY,124,125,tcgdex
Pokémon TCG,Italian,Vapori Accesi,,STS,,,,2016,2016-08-03,XY,114,116,tcgdex
Pokémon TCG,Italian,McDonald's Collection 2016,,MCD16,,,,2016,2016-08-20,McDonald's Collection,12,0,tcgdex
Pokémon TCG,Italian,Evoluzioni,,EVO,,,,2016,2016-11-02,XY,108,113,tcgdex
Pokémon TCG,Italian,SL Promo,,SMP,,,,2017,2017-02-03,Sole e Luna,248,240,tcgdex
Pokémon TCG,Italian,Sole e Luna,,SUM,,,,2017,2017-02-03,Sole e Luna,149,163,tcgdex
Pokémon TCG,Italian,Sole e Luna trainer Kit (Alolan Raichu),,TK10A,,,,2017,2017-04-21,Trainer Kit,30,19,tcgdex
Pokémon TCG,Italian,Sole e Luna trainer Kit (Lycanroc),,TK10L,,,,2017,2017-04-21,Trainer Kit,30,18,tcgdex
Pokémon TCG,Italian,Guardiani Nascenti,,GRI,,,,2017,2017-05-05,Sole e Luna,145,169,tcgdex
Pokémon TCG,Italian,McDonald's Collection 2017,,MCD17,,,,2017,2017-08-03,McDonald's Collection,12,0,tcgdex
Pokémon TCG,Italian,Ombre Infuocate,,BUS,,,,2017,2017-08-04,Sole e Luna,147,169,tcgdex
Pokémon TCG,Italian,Leggende Iridescenti,,SLG,,,,2017,2017-10-06,Sole e Luna,73,78,tcgdex
Pokémon TCG,Italian,Invasione Scarlatta,,CIN,,,,2017,2017-11-03,Sole e Luna,111,124,tcgdex
Pokémon TCG,Italian,Ultraprisma,,UPR,,,,2018,2018-02-02,Sole e Luna,156,173,tcgdex
Pokémon TCG,Italian,Apocalisse Di Luce,,FLI,,,,2018,2018-05-04,Sole e Luna,131,146,tcgdex
Pokémon TCG,Italian,Tempesta Astrale,,CES,,,,2018,2018-08-03,Sole e Luna,168,183,tcgdex
Pokémon TCG,Italian,Trionfo Dei Draghi,,DRM,,,,2018,2018-09-07,Sole e Luna,70,78,tcgdex
Pokémon TCG,Italian,McDonald's Collection 2018,,MCD18,,,,2018,2018-10-19,McDonald's Collection,12,0,tcgdex
Pokémon TCG,Italian,Tuoni Perduti,,LOT,,,,2018,2018-11-02,Sole e Luna,214,236,tcgdex
Pokémon TCG,Italian,Gioco di Squadra,,TEU,,,,2019,2019-01-31,Sole e Luna,181,196,tcgdex
Pokémon TCG,Italian,Detective Pikachu,,DET,,,,2019,2019-03-29,Sole e Luna,18,18,tcgdex
Pokémon TCG,Italian,Legami Inossidabili,,UNB,,,,2019,2019-05-03,Sole e Luna,214,234,tcgdex
Pokémon TCG,Italian,Sintonia Mentale,,UNM,,,,2019,2019-08-02,Sole e Luna,236,258,tcgdex
Pokémon TCG,Italian,Destino Sfuggente,,HIF,,,,2019,2019-08-23,Sole e Luna,68,0,tcgdex
Pokémon TCG,Italian,Destino Sfuggente Tesoro Lucente,,sma,,,,2019,2019-08-23,Sole e Luna,94,0,tcgdex
Pokémon TCG,Italian,McDonald's Collection 2019,,MCD19,,,,2019,2019-10-15,McDonald's Collection,12,0,tcgdex
Pokémon TCG,Italian,Eclissi Cosmica,,CEC,,,,2019,2019-11-01,Sole e Luna,236,271,tcgdex
Pokémon TCG,Italian,SPSC Promo,,swshp,,,,2019,2019-11-15,Spada e Scudo,307,299,tcgdex
Pokémon TCG,Italian,Spada e Scudo,,SSH,,,,2020,2020-02-07,Spada e Scudo,202,216,tcgdex
Pokémon TCG,Italian,Fragore Ribelle,,RCL,,,,2020,2020-05-01,Spada e Scudo,192,209,tcgdex
Pokémon TCG,Italian,Fiamme Oscure,,DAA,,,,2020,2020-08-14,Spada e Scudo,189,201,tcgdex
Pokémon TCG,Italian,Futuri Campioni,,CPA,,,,2020,2020-09-25,Spada e Scudo,73,80,tcgdex
Pokémon TCG,Italian,Voltaggio Sfolgorante,,VIV,,,,2020,2020-11-13,Spada e Scudo,185,203,tcgdex
Pokémon TCG,Italian,McDonald's Collection 2021,,MCD21,,,,2021,2021-02-09,McDonald's Collection,25,0,tcgdex
Pokémon TCG,Italian,Destino Splendente,,SHF,,,,2021,2021-02-19,Spada e Scudo,72,73,tcgdex
Pokémon TCG,Italian,Destino Splendente Tesoro Lucente,,SHF:SV,,,,2021,2021-02-19,Spada e Scudo,122,122,tcgdex
Pokémon TCG,Italian,Stili di Lotta,,BST,,,,2021,2021-03-19,Spada e Scudo,163,183,tcgdex
Pokémon TCG,Italian,Regno Glaciale,,CRE,,,,2021,2021-06-18,Spada e Scudo,198,233,tcgdex
Pokémon TCG,Italian,Evoluzioni Eteree,,EVS,,,,2021,2021-08-27,Spada e Scudo,203,237,tcgdex
Pokémon TCG,Italian,Gran Festa,,CEL,,,,2021,2021-10-08,Spada e Scudo,25,25,tcgdex
Pokémon TCG,Italian,Gran Festa Collezione Classica,,CEL:CC,,,,2021,2021-10-08,Spada e Scudo,25,0,tcgdex
Pokémon TCG,Italian,Colpo Fusione,,FST,,,,2021,2021-11-12,Spada e Scudo,264,284,tcgdex
Pokémon TCG,Italian,Astri Lucenti,,BRS,,,,2022,2022-02-25,Spada e Scudo,172,186,tcgdex
Pokémon TCG,Italian,Astri Lucenti Galleria Allenatori,,BRS:TG,,,,2022,2022-02-25,Spada e Scudo,30,30,tcgdex
Pokémon TCG,Italian,Lucentezza Siderale,,ASR,,,,2022,2022-05-27,Spada e Scudo,189,216,tcgdex
Pokémon TCG,Italian,Lucentezza Siderale Galleria Allenatori,,ASR:TG,,,,2022,2022-05-27,Spada e Scudo,30,30,tcgdex
Pokémon TCG,Italian,Pokémon GO,,PGO,,,,2022,2022-07-01,Spada e Scudo,78,88,tcgdex
Pokémon TCG,Italian,McDonald's Collection 2022,,MCD22,,,,2022,2022-08-03,McDonald's Collection,15,15,tcgdex
Pokémon TCG,Italian,Origine Perduta,,LOR,,,,2022,2022-09-09,Spada e Scudo,196,217,tcgdex
Pokémon TCG,Italian,Origine Perduta Galleria Allenatori,,LOR:TG,,,,2022,2022-09-09,Spada e Scudo,30,30,tcgdex
Pokémon TCG,Italian,Tempesta Argentata,,SIT,,,,2022,2022-11-11,Spada e Scudo,195,215,tcgdex
Pokémon TCG,Italian,Tempesta Argentata Galleria Allenatori,,SIT:TG,,,,2022,2022-11-11,Spada e Scudo,30,30,tcgdex
Pokémon TCG,Italian,Zenit Regale,,CRZ,,,,2023,2023-01-20,Spada e Scudo,159,160,tcgdex
Pokémon TCG,Italian,Zenit Regale Galleria di Galar,,CRZ:GG,,,,2023,2023-01-20,Spada e Scudo,70,70,tcgdex
Pokémon TCG,Italian,SVP Black Star Promos,,SVP,,,,2023,2023-03-31,Scarlatto e Violetto,225,216,tcgdex
Pokémon TCG,Italian,Scarlatto e Violetto,,SVI,,,,2023,2023-03-31,Scarlatto e Violetto,198,258,tcgdex
Pokémon TCG,Italian,Scarlatto e Violetto Energia,,SVE,,,,2023,2023-03-31,Scarlatto e Violetto,24,24,tcgdex
Pokémon TCG,Italian,Evoluzioni a Paldea,,PAL,,,,2023,2023-06-09,Scarlatto e Violetto,193,279,tcgdex
Pokémon TCG,Italian,McDonald's Collection 2023,,MCD23,,,,2023,2023-08-01,McDonald's Collection,15,15,tcgdex
Pokémon TCG,Italian,Ossidiana Infuocata,,OBF,,,,2023,2023-08-11,Scarlatto e Violetto,197,230,tcgdex
Pokémon TCG,Italian,151,,MEW,,,,2023,2023-09-22,Scarlatto e Violetto,165,207,tcgdex
Pokémon TCG,Italian,Paradosso Temporale,,PAR,,,,2023,2023-11-03,Scarlatto e Violetto,182,266,tcgdex
Pokémon TCG,Italian,Destino di Paldea,,PAF,,,,2024,2024-01-26,Scarlatto e Violetto,91,245,tcgdex
Pokémon TCG,Italian,Cronoforze,,TEF,,,,2024,2024-03-22,Scarlatto e Violetto,162,218,tcgdex
Pokémon TCG,Italian,Crepuscolo Mascherato,,TWM,,,,2024,2024-05-24,Scarlatto e Violetto,167,226,tcgdex
Pokémon TCG,Italian,Segreto Fiabesco,,SFA,,,,2024,2024-08-02,Scarlatto e Violetto,64,99,tcgdex
Pokémon TCG,Italian,Corona Astrale,,SCR,,,,2024,2024-09-13,Scarlatto e Violetto,142,175,tcgdex
Pokémon TCG,Italian,Geni Supremi,,A1,,,,2024,2024-10-30,Gioco di Carte Collezionabili Pokémon Pocket,226,286,tcgdex
Pokémon TCG,Italian,Promo-A,,P-A,,,,2024,2024-10-30,Gioco di Carte Collezionabili Pokémon Pocket,0,73,tcgdex
Pokémon TCG,Italian,Scintille Folgoranti,,SSP,,,,2024,2024-11-08,Scarlatto e Violetto,191,252,tcgdex
Pokémon TCG,Italian,McDonald's Collection 2024,,MCD24,,,,2024,2024-12-04,McDonald's Collection,15,15,tcgdex
Pokémon TCG,Italian,L'Isola Misteriosa,,A1a,,,,2024,2024-12-17,Gioco di Carte Collezionabili Pokémon Pocket,68,86,tcgdex
Pokémon TCG,Italian,Evoluzioni Prismatiche,,PRE,,,,2025,2025-01-17,Scarlatto e Violetto,131,180,tcgdex
Pokémon TCG,Italian,Scontro Spaziotemporale,,A2,,,,2025,2025-01-30,Gioco di Carte Collezionabili Pokémon Pocket,140,207,tcgdex
Pokémon TCG,Italian,Luce Trionfale,,A2a,,,,2025,2025-02-28,Gioco di Carte Collezionabili Pokémon Pocket,75,96,tcgdex
Pokémon TCG,Italian,Tripudio Splendente,,A2b,,,,2025,2025-03-27,Gioco di Carte Collezionabili Pokémon Pocket,72,111,tcgdex
Pokémon TCG,Italian,Avventure Insieme,,JTG,,,,2025,2025-03-28,Scarlatto e Violetto,159,190,tcgdex
Pokémon TCG,Italian,Guardiani Astrali,,A3,,,,2025,2025-04-30,Gioco di Carte Collezionabili Pokémon Pocket,155,239,tcgdex
Pokémon TCG,Italian,Rivali Predestinati,,DRI,,,,2025,2025-05-30,Scarlatto e Violetto,182,244,tcgdex
Pokémon TCG,Italian,Fuoco Bianco,,WHT,,,,2025,2025-07-17,Scarlatto e Violetto,86,173,tcgdex
Pokémon TCG,Italian,Luce Nera,,BLK,,,,2025,2025-07-17,Scarlatto e Violetto,86,172,tcgdex
Pokémon TCG,Italian,Sorgenti Recondite,,A4a,,,,2025,2025-08-28,Gioco di Carte Collezionabili Pokémon Pocket,71,0,tcgdex
Pokémon TCG,Italian,Megaevoluzione Energia,,MEE,,,,2025,2025-09-25,Megaevoluzione,8,8,tcgdex
Pokémon TCG,Italian,MEP Black Star Promos,,MEP,,,,2025,2025-09-26,Megaevoluzione,0,60,tcgdex
Pokémon TCG,Italian,Megaevoluzione,,MEG,,,,2025,2025-09-26,Megaevoluzione,132,188,tcgdex
Pokémon TCG,Italian,Flamme Spettrali,,PFL,,,,2025,2025-11-14,Megaevoluzione,94,130,tcgdex
Pokémon TCG,Italian,Fiamme Cremisi,,B1a,,,,2025,2025-12-17,Gioco di Carte Collezionabili Pokémon Pocket,69,0,tcgdex
Pokémon TCG,Italian,Parata Fantasmagorica,,B2,,,,2026,2026-01-29,Gioco di Carte Collezionabili Pokémon Pocket,155,0,tcgdex
Pokémon TCG,Italian,Ascesa Eroica,,ASC,,,,2026,2026-01-30,Megaevoluzione,217,295,tcgdex
Pokémon TCG,Italian,Paldean Wonders,,B2a,,,,2026,2026-02-26,Gioco di Carte Collezionabili Pokémon Pocket,93,129,tcgdex
Pokémon TCG,Italian,Equilibrio Perfetto,,POR,,,,2026,2026-03-27,Megaevoluzione,88,124,tcgdex
Pokémon TCG,Italian,Caos Nascente,,CRI,,,,2026,2026-05-22,Megaevoluzione,86,122,tcgdex
Pokémon TCG,Italian,Buio Pesto,,PBL,,,,2026,2026-07-17,Megaevoluzione,84,120,tcgdex
Pokémon TCG,Japanese,拡張パック,Expansion Pack,PMCG1,,,,1996,1996-10-20,Original Era,102,102,"database.xlsx,tcgdex"
Pokémon TCG,Japanese,ポケモンジャングル,Pokémon Jungle,PMCG2,,,,1997,1997-03-05,Original Era,48,48,"database.xlsx,tcgdex"
Pokémon TCG,Japanese,化石の秘密,Mystery of the Fossils,PMCG3,,,,1997,1997-06-21,Original Era,48,48,"database.xlsx,tcgdex"
Pokémon TCG,Japanese,ロケット団,Team Rocket,PMCG4,,,,1997,1997-11-21,Original Era,65,65,"database.xlsx,tcgdex"
Pokémon TCG,Japanese,Vending Machine Series 1 (Blue),Vending Machine Series 1 (Blue),,,,,1998,1998-03-23,Vending Machine Series,,0,database.xlsx
Pokémon TCG,Japanese,Hanada City Gym Deck,Hanada City Gym Deck,,,,,1998,1998-04-26,Original Era,,0,database.xlsx
Pokémon TCG,Japanese,Nivi City Gym Deck,Nivi City Gym Deck,,,,,1998,1998-04-26,Original Era,,0,database.xlsx
Pokémon TCG,Japanese,Vending Machine Series 2 (Red),Vending Machine Series 2 (Red),,,,,1998,1998-06-17,Vending Machine Series,,0,database.xlsx
Pokémon TCG,Japanese,Kuchiba City Gym Deck,Kuchiba City Gym Deck,,,,,1998,1998-07-25,Original Era,,0,database.xlsx
Pokémon TCG,Japanese,Tamamushi City Gym Deck,Tamamushi City Gym Deck,,,,,1998,1998-07-25,Original Era,,0,database.xlsx
Pokémon TCG,Japanese,リーダーズスタジアム,Leaders' Stadium,PMCG5,,,,1998,1998-10-24,Original Era,96,96,"database.xlsx,tcgdex"
Pokémon TCG,Japanese,Vending Machine Series 3 (Green),Vending Machine Series 3 (Green),,,,,1998,1998-11-24,Vending Machine Series,,0,database.xlsx
Pokémon TCG,Japanese,Quick Starter Gift Set (Green),Quick Starter Gift Set (Green),,,,,1998,1998-12-04,Original Era,,0,database.xlsx
Pokémon TCG,Japanese,Quick Starter Gift Set (Red),Quick Starter Gift Set (Red),,,,,1998,1998-12-04,Original Era,,0,database.xlsx
Pokémon TCG,Japanese,Guren Town Gym Deck,Guren Town Gym Deck,,,,,1999,1999-02-26,Original Era,,0,database.xlsx
Pokémon TCG,Japanese,Yamabuki City Gym Deck,Yamabuki City Gym Deck,,,,,1999,1999-02-26,Original Era,,0,database.xlsx
Pokémon TCG,Japanese,闇からの挑戦,Challenge from the Darkness,PMCG6,,,,1999,1999-06-25,Original Era,98,98,"database.xlsx,tcgdex"
Pokémon TCG,Japanese,Southern Islands,Southern Islands,,,,,1999,1999-07-17,Other,,0,database.xlsx
Pokémon TCG,Japanese,Intro Pack (Bulbasaur),Intro Pack (Bulbasaur),,,,,1999,1999-07-30,Original Era,,0,database.xlsx
Pokémon TCG,Japanese,Intro Pack (Squirtle),Intro Pack (Squirtle),,,,,1999,1999-07-30,Original Era,,0,database.xlsx
Pokémon TCG,Japanese,"Gold, Silver, to a New World...","Gold, Silver, to a New World...",,,,,1999,1999-12-10,Neo Era,,0,database.xlsx
Pokémon TCG,Japanese,Neo Premium File 1,Neo Premium File 1,,,,,1999,1999-12-10,Neo Era,,0,database.xlsx
Pokémon TCG,Japanese,金、銀、新世界へ...,,neo1,,,,2000,2000-02-04,ポケモンカード★neo,96,96,tcgdex
Pokémon TCG,Japanese,Crossing the Ruins...,Crossing the Ruins...,,,,,2000,2000-07-07,Neo Era,,0,database.xlsx
Pokémon TCG,Japanese,Neo Premium File 2,Neo Premium File 2,,,,,2000,2000-07-07,Neo Era,,0,database.xlsx
Pokémon TCG,Japanese,遺跡をこえて...,,neo2,,,,2000,2000-07-07,ポケモンカード★neo,56,57,tcgdex
Pokémon TCG,Japanese,Awakening Legends,Awakening Legends,,,,,2000,2000-11-23,Neo Era,,0,database.xlsx
Pokémon TCG,Japanese,Neo Premium File 3,Neo Premium File 3,,,,,2000,2000-11-23,Neo Era,,0,database.xlsx
Pokémon TCG,Japanese,めざめる伝説,,neo3,,,,2000,2000-11-23,ポケモンカード★neo,57,57,tcgdex
Pokémon TCG,Japanese,"Darkness, and to Light...","Darkness, and to Light...",,,,,2001,2001-03-09,Neo Era,,0,database.xlsx
Pokémon TCG,Japanese,Intro Pack Neo (Chikorita),Intro Pack Neo (Chikorita),,,,,2001,2001-04-06,Neo Era,,0,database.xlsx
Pokémon TCG,Japanese,Intro Pack Neo (Totodile),Intro Pack Neo (Totodile),,,,,2001,2001-04-06,Neo Era,,0,database.xlsx
Pokémon TCG,Japanese,闇、そして光へ...,,neo4,,,,2001,2001-04-20,ポケモンカード★neo,113,113,tcgdex
Pokémon TCG,Japanese,P Promos,P Promos,,,,,2001,2001-07-01,e-Card Era,,0,database.xlsx
Pokémon TCG,Japanese,ポケモンカード★VS,,VS1,,,,2001,2001-07-19,VS,141,143,tcgdex
Pokémon TCG,Japanese,J Promos,J Promos,,,,,2001,2001-08-01,e-Card Era,,0,database.xlsx
Pokémon TCG,Japanese,Pokémon VS,Pokémon VS,,,,,2001,2001-08-19,VS Era,,0,database.xlsx
Pokémon TCG,Japanese,ポケモンカード★web,Pokémon Web,web1,,,,2001,2001-10-20,Web Era,48,47,"database.xlsx,tcgdex"
Pokémon TCG,Japanese,Base Expansion Pack,Base Expansion Pack,,,,,2001,2001-12-01,e-Card Era,,0,database.xlsx
Pokémon TCG,Japanese,Pokémon-e Starter Deck,Pokémon-e Starter Deck,,,,,2001,2001-12-01,e-Card Era,,0,database.xlsx
Pokémon TCG,Japanese,基本拡張パック,,E1,,,,2001,2001-12-01,ポケモンカードe,128,128,tcgdex
Pokémon TCG,Japanese,T Promos,T Promos,,,,,2002,2002-01-01,Other,,0,database.xlsx
Pokémon TCG,Japanese,McDonald's Pokémon-e Minimum Pack,McDonald's Pokémon-e Minimum Pack,,,,,2002,2002-01-26,Other,,0,database.xlsx
Pokémon TCG,Japanese,地図にない町,The Town on No Map,E2,,,,2002,2002-03-08,e-Card Era,92,92,"database.xlsx,tcgdex"
Pokémon TCG,Japanese,海からの風,Wind from the Sea,E3,,,,2002,2002-05-24,e-Card Era,87,90,"database.xlsx,tcgdex"
Pokémon TCG,Japanese,Theater Limited VS Pack,Theater Limited VS Pack,,,,,2002,2002-07-13,Movie Commemorations,,0,database.xlsx
Pokémon TCG,Japanese,Split Earth,Split Earth,,,,,2002,2002-08-01,e-Card Era,,0,database.xlsx
Pokémon TCG,Japanese,裂けた大地,,E4,,,,2002,2002-08-23,ポケモンカードe,88,91,tcgdex
Pokémon TCG,Japanese,神秘なる山,Mysterious Mountains,E5,,,,2002,2002-10-04,e-Card Era,88,91,"database.xlsx,tcgdex"
Pokémon TCG,Japanese,ADV Promos,ADV Promos,,,,,2003,2003-01-01,ADV Era,,0,database.xlsx
Pokémon TCG,Japanese,PLAY Promos,PLAY Promos,,,,,2003,2003-01-01,Other,,0,database.xlsx
Pokémon TCG,Japanese,ADV Expansion Pack,ADV Expansion Pack,,,,,2003,2003-01-31,ADV Era,,0,database.xlsx
Pokémon TCG,Japanese,Mudkip Constructed Starter Deck,Mudkip Constructed Starter Deck,,,,,2003,2003-01-31,ADV Era,,0,database.xlsx
Pokémon TCG,Japanese,Torchic Constructed Starter Deck,Torchic Constructed Starter Deck,,,,,2003,2003-01-31,ADV Era,,0,database.xlsx
Pokémon TCG,Japanese,Treecko Constructed Starter Deck,Treecko Constructed Starter Deck,,,,,2003,2003-01-31,ADV Era,,0,database.xlsx
Pokémon TCG,Japanese,拡張パック,,ADV1,,,,2003,2003-01-31,ADV,55,0,tcgdex
Pokémon TCG,Japanese,砂漠のきせき,Miracle of the Desert,ADV2,,,,2003,2003-04-18,ADV Era,53,0,"database.xlsx,tcgdex"
Pokémon TCG,Japanese,Flygon Constructed Starter Deck,Flygon Constructed Starter Deck,,,,,2003,2003-06-25,ADV Era,,0,database.xlsx
Pokémon TCG,Japanese,Rulers of the Heavens,Rulers of the Heavens,,,,,2003,2003-06-25,ADV Era,,0,database.xlsx
Pokémon TCG,Japanese,Salamence Constructed Starter Deck,Salamence Constructed Starter Deck,,,,,2003,2003-06-25,ADV Era,,0,database.xlsx
Pokémon TCG,Japanese,天空の覇者,,ADV3,,,,2003,2003-06-25,ADV,54,0,tcgdex
Pokémon TCG,Japanese,Movie Commemoration VS Pack,Movie Commemoration VS Pack,,,,,2003,2003-07-19,Movie Commemorations,,0,database.xlsx
Pokémon TCG,Japanese,Aqua Deck Kit,Aqua Deck Kit,,,,,2003,2003-10-24,ADV Era,,0,database.xlsx
Pokémon TCG,Japanese,Magma Deck Kit,Magma Deck Kit,,,,,2003,2003-10-24,ADV Era,,0,database.xlsx
Pokémon TCG,Japanese,Magma vs Aqua: Two Ambitions,Magma vs Aqua: Two Ambitions,,,,,2003,2003-10-24,ADV Era,,0,database.xlsx
Pokémon TCG,Japanese,強化拡張パックex1マグマVSアクア ふたつの野望,,ADV4,,,,2003,2003-10-24,ADV,80,0,tcgdex
Pokémon TCG,Japanese,Gift Box (Latias),Gift Box (Latias),,,,,2003,2003-11-17,ADV Era,,0,database.xlsx
Pokémon TCG,Japanese,Gift Box (Latios),Gift Box (Latios),,,,,2003,2003-11-17,ADV Era,,0,database.xlsx
Pokémon TCG,Japanese,Metagross Constructed Starter Deck,Metagross Constructed Starter Deck,,,,,2004,2004-01-16,ADV Era,,0,database.xlsx
Pokémon TCG,Japanese,Undone Seal,Undone Seal,,,,,2004,2004-01-16,ADV Era,,0,database.xlsx
Pokémon TCG,Japanese,とかれた封印,,ADV5,,,,2004,2004-01-16,ADV,83,0,tcgdex
Pokémon TCG,Japanese,PCG Promos,PCG Promos,,,,,2004,2004-02-01,PCG Era,,0,database.xlsx
Pokémon TCG,Japanese,"Venusaur, Charizard & Blastoise Random Constructed Starter Decks","Venusaur, Charizard & Blastoise Random Constructed Starter Decks",,,,,2004,2004-03-19,PCG Era,,0,database.xlsx
Pokémon TCG,Japanese,伝説の飛翔,Flight of Legends,PCG1,,,,2004,2004-04-09,PCG Era,82,82,"database.xlsx,tcgdex"
Pokémon TCG,Japanese,Clash of the Blue Sky,Clash of the Blue Sky,,,,,2004,2004-07-01,PCG Era,,0,database.xlsx
Pokémon TCG,Japanese,Deoxys Constructed Starter Deck,Deoxys Constructed Starter Deck,,,,,2004,2004-07-01,PCG Era,,0,database.xlsx
Pokémon TCG,Japanese,Rayquaza Constructed Starter Deck,Rayquaza Constructed Starter Deck,,,,,2004,2004-07-01,PCG Era,,0,database.xlsx
Pokémon TCG,Japanese,蒼空の激突,,PCG2,,,,2004,2004-07-01,PCG,82,82,tcgdex
Pokémon TCG,Japanese,Movie Commemoration VS Pack: Sky-Splitting Deoxys,Movie Commemoration VS Pack: Sky-Splitting Deoxys,,,,,2004,2004-07-17,Movie Commemorations,,0,database.xlsx
Pokémon TCG,Japanese,Black Deck Kit,Black Deck Kit,,,,,2004,2004-10-15,PCG Era,,0,database.xlsx
Pokémon TCG,Japanese,Silver Deck Kit,Silver Deck Kit,,,,,2004,2004-10-15,PCG Era,,0,database.xlsx
Pokémon TCG,Japanese,Team Rocket Strikes Back,Team Rocket Strikes Back,,,,,2004,2004-10-15,PCG Era,,0,database.xlsx
Pokémon TCG,Japanese,ロケット団の逆襲,,PCG3,,,,2004,2004-10-15,PCG,84,85,tcgdex
Pokémon TCG,Japanese,Emerald Gift Box (Deoxys),Emerald Gift Box (Deoxys),,,,,2004,2004-11-19,PCG Era,,0,database.xlsx
Pokémon TCG,Japanese,Emerald Gift Box (Rayquaza),Emerald Gift Box (Rayquaza),,,,,2004,2004-11-19,PCG Era,,0,database.xlsx
Pokémon TCG,Japanese,Fighting Quick Construction Pack,Fighting Quick Construction Pack,,,,,2005,2005-01-16,PCG Era,,0,database.xlsx
Pokémon TCG,Japanese,Fire Quick Construction Pack,Fire Quick Construction Pack,,,,,2005,2005-01-16,PCG Era,,0,database.xlsx
Pokémon TCG,Japanese,Grass Quick Construction Pack,Grass Quick Construction Pack,,,,,2005,2005-01-16,PCG Era,,0,database.xlsx
Pokémon TCG,Japanese,Lightning Quick Construction Pack,Lightning Quick Construction Pack,,,,,2005,2005-01-16,PCG Era,,0,database.xlsx
Pokémon TCG,Japanese,Psychic Quick Construction Pack,Psychic Quick Construction Pack,,,,,2005,2005-01-16,PCG Era,,0,database.xlsx
Pokémon TCG,Japanese,Water Quick Construction Pack,Water Quick Construction Pack,,,,,2005,2005-01-16,PCG Era,,0,database.xlsx
Pokémon TCG,Japanese,Feraligatr Constructed Starter Deck,Feraligatr Constructed Starter Deck,,,,,2005,2005-03-05,PCG Era,,0,database.xlsx
Pokémon TCG,Japanese,Meganium Constructed Starter Deck,Meganium Constructed Starter Deck,,,,,2005,2005-03-05,PCG Era,,0,database.xlsx
Pokémon TCG,Japanese,Typhlosion Constructed Starter Deck,Typhlosion Constructed Starter Deck,,,,,2005,2005-03-05,PCG Era,,0,database.xlsx
Pokémon TCG,Japanese,PokéPark Blue,PokéPark Blue,,,,,2005,2005-03-18,Other,,0,database.xlsx
Pokémon TCG,Japanese,PokéPark Forest,PokéPark Forest,,,,,2005,2005-03-18,Other,,0,database.xlsx
Pokémon TCG,Japanese,金の空、銀の海,"Golden Sky, Silvery Ocean",PCG4,,,,2005,2005-04-08,PCG Era,106,106,"database.xlsx,tcgdex"
Pokémon TCG,Japanese,Mirage Forest,Mirage Forest,,,,,2005,2005-06-30,PCG Era,,0,database.xlsx
Pokémon TCG,Japanese,Mirage's Mew Constructed Starter Deck,Mirage's Mew Constructed Starter Deck,,,,,2005,2005-06-30,PCG Era,,0,database.xlsx
Pokémon TCG,Japanese,まぼろしの森,,PCG5,,,,2005,2005-06-30,PCG,86,86,tcgdex
Pokémon TCG,Japanese,Master Kit (Bulbasaur),Master Kit (Bulbasaur),,,,,2005,2005-07-15,PCG Era,,0,database.xlsx
Pokémon TCG,Japanese,Master Kit (Side Deck),Master Kit (Side Deck),,,,,2005,2005-07-15,PCG Era,,0,database.xlsx
Pokémon TCG,Japanese,Master Kit (Torchic),Master Kit (Torchic),,,,,2005,2005-07-15,PCG Era,,0,database.xlsx
Pokémon TCG,Japanese,Movie Commemoration VS Pack: Aura's Lucario,Movie Commemoration VS Pack: Aura's Lucario,,,,,2005,2005-07-16,Movie Commemorations,,0,database.xlsx
Pokémon TCG,Japanese,Holon Research Tower Fire Quarter Deck,Holon Research Tower Fire Quarter Deck,,,,,2005,2005-09-30,PCG Era,,0,database.xlsx
Pokémon TCG,Japanese,Holon Research Tower Lightning Quarter Deck,Holon Research Tower Lightning Quarter Deck,,,,,2005,2005-09-30,PCG Era,,0,database.xlsx
Pokémon TCG,Japanese,Holon Research Tower Water Quarter Deck,Holon Research Tower Water Quarter Deck,,,,,2005,2005-09-30,PCG Era,,0,database.xlsx
Pokémon TCG,Japanese,ホロンの研究塔,Holon Research Tower,PCG6,,,,2005,2005-10-28,PCG Era,86,86,"database.xlsx,tcgdex"
Pokémon TCG,Japanese,Mew • Lucario Gift Box (Crawdaunt),Mew • Lucario Gift Box (Crawdaunt),,,,,2005,2005-11-16,PCG Era,,0,database.xlsx
Pokémon TCG,Japanese,Mew • Lucario Gift Box (Lucario),Mew • Lucario Gift Box (Lucario),,,,,2005,2005-11-16,PCG Era,,0,database.xlsx
Pokémon TCG,Japanese,Mew • Lucario Gift Box (Mew),Mew • Lucario Gift Box (Mew),,,,,2005,2005-11-16,PCG Era,,0,database.xlsx
Pokémon TCG,Japanese,Mew • Lucario Gift Box (Mightyena),Mew • Lucario Gift Box (Mightyena),,,,,2005,2005-11-16,PCG Era,,0,database.xlsx
Pokémon TCG,Japanese,Mew • Lucario Gift Box (Pokémon ☆),Mew • Lucario Gift Box (Pokémon ☆),,,,,2005,2005-11-16,PCG Era,,0,database.xlsx
Pokémon TCG,Japanese,ホロンの幻影,Holon Phantom,PCG7,,,,2006,2006-01-27,PCG Era,52,52,"database.xlsx,tcgdex"
Pokémon TCG,Japanese,Earth's Groudon ex Constructed Starter Deck,Earth's Groudon ex Constructed Starter Deck,,,,,2006,2006-03-03,PCG Era,,0,database.xlsx
Pokémon TCG,Japanese,Ocean's Kyogre ex Constructed Starter Deck,Ocean's Kyogre ex Constructed Starter Deck,,,,,2006,2006-03-03,PCG Era,,0,database.xlsx
Pokémon TCG,Japanese,きせきの結晶,Miracle Crystal,PCG8,,,,2006,2006-03-10,PCG Era,75,75,"database.xlsx,tcgdex"
Pokémon TCG,Japanese,Imprison! Gardevoir ex Constructed Standard Deck,Imprison! Gardevoir ex Constructed Standard Deck,,,,,2006,2006-06-29,PCG Era,,0,database.xlsx
Pokémon TCG,Japanese,Offense and Defense of the Furthest Ends,Offense and Defense of the Furthest Ends,,,,,2006,2006-06-29,PCG Era,,0,database.xlsx
Pokémon TCG,Japanese,Shockwave! Tyranitar ex Constructed Standard Deck,Shockwave! Tyranitar ex Constructed Standard Deck,,,,,2006,2006-06-29,PCG Era,,0,database.xlsx
Pokémon TCG,Japanese,さいはての攻防,,PCG9,,,,2006,2006-06-29,PCG,68,68,tcgdex
Pokémon TCG,Japanese,Movie Commemoration VS Pack: Sea's Manaphy,Movie Commemoration VS Pack: Sea's Manaphy,,,,,2006,2006-07-15,Movie Commemorations,,0,database.xlsx
Pokémon TCG,Japanese,Entry Pack,Entry Pack,,,,,2006,2006-10-27,Diamond & Pearl Era,,0,database.xlsx
Pokémon TCG,Japanese,Space-Time Creation,Space-Time Creation,DP1,,,,2006,2006-11-30,Diamond & Pearl Era,,0,database.xlsx
Pokémon TCG,Japanese,Diamond & Pearl Promos,Diamond & Pearl Promos,DPP,,,,2006,2006-12-01,Diamond & Pearl Era,,0,database.xlsx
Pokémon TCG,Japanese,10th Movie Commemoration Set,10th Movie Commemoration Set,,,,,2007,2007-01-14,Movie Commemorations,,0,database.xlsx
Pokémon TCG,Japanese,Bastiodon the Defender Constructed Half Deck,Bastiodon the Defender Constructed Half Deck,,,,,2007,2007-03-02,Diamond & Pearl Era,,0,database.xlsx
Pokémon TCG,Japanese,Rampardos the Attacker Constructed Half Deck,Rampardos the Attacker Constructed Half Deck,,,,,2007,2007-03-02,Diamond & Pearl Era,,0,database.xlsx
Pokémon TCG,Japanese,Secret of the Lakes,Secret of the Lakes,DP2,,,,2007,2007-03-02,Diamond & Pearl Era,,0,database.xlsx
Pokémon TCG,Japanese,PPP Promos,PPP Promos,PPP,,,,2007,2007-05-01,Other,,0,database.xlsx
Pokémon TCG,Japanese,Dialga LV.X Constructed Standard Deck,Dialga LV.X Constructed Standard Deck,,,,,2007,2007-07-05,Diamond & Pearl Era,,0,database.xlsx
Pokémon TCG,Japanese,Palkia LV.X Constructed Standard Deck,Palkia LV.X Constructed Standard Deck,,,,,2007,2007-07-05,Diamond & Pearl Era,,0,database.xlsx
Pokémon TCG,Japanese,Shining Darkness,Shining Darkness,DP3,,,,2007,2007-07-05,Diamond & Pearl Era,,0,database.xlsx
Pokémon TCG,Japanese,World Champions Pack,World Champions Pack,,,,,2007,2007-07-05,PCG Era,,0,database.xlsx
Pokémon TCG,Japanese,ワールドチャンピオンズパック,,PCG10,,,,2007,2007-07-05,PCG,108,0,tcgdex
Pokémon TCG,Japanese,Dawn Dash,Dawn Dash,DP4,,,,2007,2007-10-26,Diamond & Pearl Era,,0,database.xlsx
Pokémon TCG,Japanese,Magmortar vs Electivire Deck Kit,Magmortar vs Electivire Deck Kit,,,,,2007,2007-10-26,Diamond & Pearl Era,,0,database.xlsx
Pokémon TCG,Japanese,Magmortar vs Electivire Deck Kit (Electivire),Magmortar vs Electivire Deck Kit (Electivire),,,,,2007,2007-10-26,Diamond & Pearl Era,,0,database.xlsx
Pokémon TCG,Japanese,Magmortar vs Electivire Deck Kit (Magmortar),Magmortar vs Electivire Deck Kit (Magmortar),,,,,2007,2007-10-26,Diamond & Pearl Era,,0,database.xlsx
Pokémon TCG,Japanese,Moonlit Pursuit,Moonlit Pursuit,DP4,,,,2007,2007-10-26,Diamond & Pearl Era,,0,database.xlsx
Pokémon TCG,Japanese,Entry Pack '08,Entry Pack '08,,,,,2007,2007-11-30,Diamond & Pearl Era,,0,database.xlsx
Pokémon TCG,Japanese,Cry from the Mysterious,Cry from the Mysterious,DP5,,,,2008,2008-03-14,Diamond & Pearl Era,,0,database.xlsx
Pokémon TCG,Japanese,Heatran vs Regigigas Deck Kit,Heatran vs Regigigas Deck Kit,,,,,2008,2008-03-14,Diamond & Pearl Era,,0,database.xlsx
Pokémon TCG,Japanese,Heatran vs Regigigas Deck Kit (Heatran),Heatran vs Regigigas Deck Kit (Heatran),,,,,2008,2008-03-14,Diamond & Pearl Era,,0,database.xlsx
Pokémon TCG,Japanese,Heatran vs Regigigas Deck Kit (Regigigas),Heatran vs Regigigas Deck Kit (Regigigas),,,,,2008,2008-03-14,Diamond & Pearl Era,,0,database.xlsx
Pokémon TCG,Japanese,Temple of Anger,Temple of Anger,DP5,,,,2008,2008-03-14,Diamond & Pearl Era,,0,database.xlsx
Pokémon TCG,Japanese,Giratina vs Dialga Deck Kit (Dialga),Giratina vs Dialga Deck Kit (Dialga),,,,,2008,2008-07-10,Diamond & Pearl Era,,0,database.xlsx
Pokémon TCG,Japanese,Giratina vs Dialga Deck Kit (Giratina),Giratina vs Dialga Deck Kit (Giratina),,,,,2008,2008-07-10,Diamond & Pearl Era,,0,database.xlsx
Pokémon TCG,Japanese,Intense Fight in the Destroyed Sky,Intense Fight in the Destroyed Sky,DPS,,,,2008,2008-07-10,Diamond & Pearl Era,,0,database.xlsx
Pokémon TCG,Japanese,11th Movie Commemoration Set,11th Movie Commemoration Set,,,,,2008,2008-07-19,Movie Commemorations,,0,database.xlsx
Pokémon TCG,Japanese,Platinum Promos,Platinum Promos,DPtP,,,,2008,2008-10-01,Platinum Era,,0,database.xlsx
Pokémon TCG,Japanese,DPt Entry Pack (Dialga),DPt Entry Pack (Dialga),,,,,2008,2008-10-10,Platinum Era,,0,database.xlsx
Pokémon TCG,Japanese,DPt Entry Pack (Giratina),DPt Entry Pack (Giratina),,,,,2008,2008-10-10,Platinum Era,,0,database.xlsx
Pokémon TCG,Japanese,DPt Entry Pack (Palkia),DPt Entry Pack (Palkia),,,,,2008,2008-10-10,Platinum Era,,0,database.xlsx
Pokémon TCG,Japanese,Galactic's Conquest,Galactic's Conquest,DPt1,,,,2008,2008-10-10,Platinum Era,,0,database.xlsx
Pokémon TCG,Japanese,DPt Gift Box (Chimchar),DPt Gift Box (Chimchar),Pt,,,,2008,2008-11-20,Platinum Era,,0,database.xlsx
Pokémon TCG,Japanese,DPt Gift Box (Pikachu),DPt Gift Box (Pikachu),Pt,,,,2008,2008-11-20,Platinum Era,,0,database.xlsx
Pokémon TCG,Japanese,DPt Gift Box (Piplup),DPt Gift Box (Piplup),Pt,,,,2008,2008-11-20,Platinum Era,,0,database.xlsx
Pokémon TCG,Japanese,DPt Gift Box (Turtwig),DPt Gift Box (Turtwig),Pt,,,,2008,2008-11-20,Platinum Era,,0,database.xlsx
Pokémon TCG,Japanese,Bonds to the End of Time,Bonds to the End of Time,DPt2,,,,2008,2008-12-26,Platinum Era,,0,database.xlsx
Pokémon TCG,Japanese,Infernape vs Gallade SP Deck Kit (Gallade),Infernape vs Gallade SP Deck Kit (Gallade),Pt,,,,2008,2008-12-26,Platinum Era,,0,database.xlsx
Pokémon TCG,Japanese,Infernape vs Gallade SP Deck Kit (Infernape),Infernape vs Gallade SP Deck Kit (Infernape),Pt,,,,2008,2008-12-26,Platinum Era,,0,database.xlsx
Pokémon TCG,Japanese,Beat of the Frontier,Beat of the Frontier,DPt3,,,,2009,2009-03-06,Platinum Era,,0,database.xlsx
Pokémon TCG,Japanese,Garchomp vs Charizard SP Deck Kit (Charizard),Garchomp vs Charizard SP Deck Kit (Charizard),,,,,2009,2009-03-06,Platinum Era,,0,database.xlsx
Pokémon TCG,Japanese,Garchomp vs Charizard SP Deck Kit (Garchomp),Garchomp vs Charizard SP Deck Kit (Garchomp),,,,,2009,2009-03-06,Platinum Era,,0,database.xlsx
Pokémon TCG,Japanese,Mewtwo LV.X Collection Pack,Mewtwo LV.X Collection Pack,DPtM,,,,2009,2009-04-18,Platinum Era,,0,database.xlsx
Pokémon TCG,Japanese,Regigigas LV.X Collection Pack,Regigigas LV.X Collection Pack,DPtR,,,,2009,2009-04-18,Platinum Era,,0,database.xlsx
Pokémon TCG,Japanese,Shaymin LV.X Collection Pack,Shaymin LV.X Collection Pack,DPtS,,,,2009,2009-04-18,Platinum Era,,0,database.xlsx
Pokémon TCG,Japanese,Advent of Arceus,Advent of Arceus,DPt4,,,,2009,2009-07-08,Platinum Era,,0,database.xlsx
Pokémon TCG,Japanese,Arceus LV.X Deck: Grass & Fire,Arceus LV.X Deck: Grass & Fire,DPt4-Sgf,,,,2009,2009-07-08,Platinum Era,,0,database.xlsx
Pokémon TCG,Japanese,Arceus LV.X Deck: Lightning & Psychic,Arceus LV.X Deck: Lightning & Psychic,DPt4-Slp,,,,2009,2009-07-08,Platinum Era,,0,database.xlsx
Pokémon TCG,Japanese,Melee! Pokémon Scramble,Melee! Pokémon Scramble,,,,,2009,2009-07-10,Other,,0,database.xlsx
Pokémon TCG,Japanese,Movie Commemoration Random Pack,Movie Commemoration Random Pack,,,,,2009,2009-07-18,Movie Commemorations,,0,database.xlsx
Pokémon TCG,Japanese,LEGEND Promos,LEGEND Promos,LP,,,,2009,2009-09-01,LEGEND Era,,0,database.xlsx
Pokémon TCG,Japanese,2009 Energies,2009 Energies,EN09,,,,2009,2009-10-09,Unnumbered Energies,,0,database.xlsx
Pokémon TCG,Japanese,HeartGold Collection,HeartGold Collection,L1-Bhg,,,,2009,2009-10-09,LEGEND Era,,0,database.xlsx
Pokémon TCG,Japanese,SoulSilver Collection,SoulSilver Collection,L1-Bss,,,,2009,2009-10-09,LEGEND Era,,0,database.xlsx
Pokémon TCG,Japanese,ソウルシルバーコレクション,,L1b,,,,2009,2009-10-09,LEGEND,70,0,tcgdex
Pokémon TCG,Japanese,ハートゴールドコレクション,,L1a,,,,2009,2009-10-09,LEGEND,70,0,tcgdex
Pokémon TCG,Japanese,Battle Starter Deck (Blastoise),Battle Starter Deck (Blastoise),B,,,,2009,2009-11-20,LEGEND Era,,0,database.xlsx
Pokémon TCG,Japanese,Battle Starter Deck (Magmortar),Battle Starter Deck (Magmortar),B,,,,2009,2009-11-20,LEGEND Era,,0,database.xlsx
Pokémon TCG,Japanese,Battle Starter Deck (Raichu),Battle Starter Deck (Raichu),B,,,,2009,2009-11-20,LEGEND Era,,0,database.xlsx
Pokémon TCG,Japanese,Battle Starter Deck (Torterra),Battle Starter Deck (Torterra),B,,,,2009,2009-11-20,LEGEND Era,,0,database.xlsx
Pokémon TCG,Japanese,Leafeon vs Metagross Expert Deck (Leafeon),Leafeon vs Metagross Expert Deck (Leafeon),E,,,,2009,2009-11-20,LEGEND Era,,0,database.xlsx
Pokémon TCG,Japanese,Leafeon vs Metagross Expert Deck (Metagross),Leafeon vs Metagross Expert Deck (Metagross),E,,,,2009,2009-11-20,LEGEND Era,,0,database.xlsx
Pokémon TCG,Japanese,Steelix Constructed Standard Deck,Steelix Constructed Standard Deck,L2,,,,2010,2010-02-11,LEGEND Era,,0,database.xlsx
Pokémon TCG,Japanese,Tyranitar Constructed Standard Deck,Tyranitar Constructed Standard Deck,L2,,,,2010,2010-02-11,LEGEND Era,,0,database.xlsx
Pokémon TCG,Japanese,よみがえる伝説,Reviving Legends,L2,,,,2010,2010-02-11,LEGEND Era,70,0,"database.xlsx,tcgdex"
Pokémon TCG,Japanese,強化パック ロストリンク,Lost Link,LL,,,,2010,2010-04-16,LEGEND Era,40,0,"database.xlsx,tcgdex"
Pokémon TCG,Japanese,Pikachu World Collection,Pikachu World Collection,PW,,,,2010,2010-07-08,Other,,0,database.xlsx
Pokémon TCG,Japanese,頂上大激突,Clash at the Summit,L3,,,,2010,2010-07-08,LEGEND Era,70,0,"database.xlsx,tcgdex"
Pokémon TCG,Japanese,Journey Partners,Journey Partners,CS1,,,,2010,2010-09-18,Black & White Era,,0,database.xlsx
Pokémon TCG,Japanese,Beginning Set,Beginning Set,HS,,,,2010,2010-10-29,Black & White Era,,0,database.xlsx
Pokémon TCG,Japanese,Black & White Promos,Black & White Promos,BWP,,,,2010,2010-12-01,Black & White Era,,0,database.xlsx
Pokémon TCG,Japanese,Black Collection,Black Collection,BW1-Bb,,,,2010,2010-12-17,Black & White Era,,0,database.xlsx
Pokémon TCG,Japanese,White Collection,White Collection,BW1-Bw,,,,2010,2010-12-17,Black & White Era,,0,database.xlsx
Pokémon TCG,Japanese,Cobalion Battle Strength Deck,Cobalion Battle Strength Deck,BKc,,,,2011,2011-03-18,Black & White Era,,0,database.xlsx
Pokémon TCG,Japanese,Terrakion Battle Strength Deck,Terrakion Battle Strength Deck,BKt,,,,2011,2011-03-18,Black & White Era,,0,database.xlsx
Pokémon TCG,Japanese,Virizion Battle Strength Deck,Virizion Battle Strength Deck,BKv,,,,2011,2011-03-18,Black & White Era,,0,database.xlsx
Pokémon TCG,Japanese,Victini Battle Theme Deck,Victini Battle Theme Deck,BTV,,,,2011,2011-06-17,Black & White Era,,0,database.xlsx
Pokémon TCG,Japanese,Red Collection,Red Collection,BW2,,,,2011,2011-07-15,Black & White Era,,0,database.xlsx
Pokémon TCG,Japanese,Beginning Set +,Beginning Set +,HS,,,,2011,2011-08-05,Black & White Era,,0,database.xlsx
Pokémon TCG,Japanese,Hail Blizzard,Hail Blizzard,BW3-Bh,,,,2011,2011-09-16,Black & White Era,,0,database.xlsx
Pokémon TCG,Japanese,Psycho Drive,Psycho Drive,BW3-Bp,,,,2011,2011-09-16,Black & White Era,,0,database.xlsx
Pokémon TCG,Japanese,Reshiram-EX Battle Strength Deck,Reshiram-EX Battle Strength Deck,BKR,,,,2011,2011-10-21,Black & White Era,,0,database.xlsx
Pokémon TCG,Japanese,Zekrom-EX Battle Strength Deck,Zekrom-EX Battle Strength Deck,BKZ,,,,2011,2011-10-21,Black & White Era,,0,database.xlsx
Pokémon TCG,Japanese,Beginning Set Pikachu,Beginning Set Pikachu,HSP,,,,2011,2011-11-18,Black & White Era,,0,database.xlsx
Pokémon TCG,Japanese,Thundurus vs Tornadus Battle Gift Set,Thundurus vs Tornadus Battle Gift Set,BGS,,,,2011,2011-11-18,Black & White Era,,0,database.xlsx
Pokémon TCG,Japanese,Dark Rush,Dark Rush,BW4,,,,2011,2011-12-16,Black & White Era,,0,database.xlsx
Pokémon TCG,Japanese,Dragon Selection,Dragon Selection,DS,,,,2012,2012-01-27,Black & White Era,,0,database.xlsx
Pokémon TCG,Japanese,Dragon Blade,Dragon Blade,BW5-Brn,,,,2012,2012-03-16,Black & White Era,,0,database.xlsx
Pokémon TCG,Japanese,Dragon Blast,Dragon Blast,BW5-Brz,,,,2012,2012-03-16,Black & White Era,,0,database.xlsx
Pokémon TCG,Japanese,Garchomp Half Deck,Garchomp Half Deck,GBR,,,,2012,2012-03-16,Black & White Era,,0,database.xlsx
Pokémon TCG,Japanese,Hydreigon Half Deck,Hydreigon Half Deck,SZD,,,,2012,2012-03-16,Black & White Era,,0,database.xlsx
Pokémon TCG,Japanese,Keldeo Battle Strength Deck,Keldeo Battle Strength Deck,KLD,,,,2012,2012-04-20,Black & White Era,,0,database.xlsx
Pokémon TCG,Japanese,National Beginning Set,National Beginning Set,HSZ,,,,2012,2012-04-20,Black & White Era,,0,database.xlsx
Pokémon TCG,Japanese,Cold Flare,Cold Flare,BW6-Bc,,,,2012,2012-07-13,Black & White Era,,0,database.xlsx
Pokémon TCG,Japanese,Freeze Bolt,Freeze Bolt,BW6-Bf,,,,2012,2012-07-13,Black & White Era,,0,database.xlsx
Pokémon TCG,Japanese,Master Deck Build Box EX,Master Deck Build Box EX,MDB,,,,2012,2012-09-14,Black & White Era,,0,database.xlsx
Pokémon TCG,Japanese,Plasma Gale,Plasma Gale,BW7,,,,2012,2012-09-14,Black & White Era,,0,database.xlsx
Pokémon TCG,Japanese,Team Plasma Powered Half Deck,Team Plasma Powered Half Deck,PPD,,,,2012,2012-09-14,Black & White Era,,0,database.xlsx
Pokémon TCG,Japanese,Black Kyurem-EX Battle Strength Deck,Black Kyurem-EX Battle Strength Deck,BKB,,,,2012,2012-10-19,Black & White Era,,0,database.xlsx
Pokémon TCG,Japanese,White Kyurem-EX Battle Strength Deck,White Kyurem-EX Battle Strength Deck,BKW,,,,2012,2012-10-19,Black & White Era,,0,database.xlsx
Pokémon TCG,Japanese,Everyone's Exciting Battle,Everyone's Exciting Battle,WAK,,,,2012,2012-11-16,Black & White Era,,0,database.xlsx
Pokémon TCG,Japanese,Team Plasma Battle Gift Set,Team Plasma Battle Gift Set,PBG,,,,2012,2012-11-16,Black & White Era,,0,database.xlsx
Pokémon TCG,Japanese,Spiral Force,Spiral Force,BW8-Brf,,,,2012,2012-12-14,Black & White Era,,0,database.xlsx
Pokémon TCG,Japanese,Thunder Knuckle,Thunder Knuckle,BW8-Brn,,,,2012,2012-12-14,Black & White Era,,0,database.xlsx
Pokémon TCG,Japanese,Shiny Collection,Shiny Collection,SC,,,,2013,2013-02-01,Black & White Era,,0,database.xlsx
Pokémon TCG,Japanese,Blastoise + Kyurem-EX Combo Deck,Blastoise + Kyurem-EX Combo Deck,K,,,,2013,2013-03-15,Black & White Era,,0,database.xlsx
Pokémon TCG,Japanese,Megalo Cannon,Megalo Cannon,BW9,,,,2013,2013-03-15,Black & White Era,,0,database.xlsx
Pokémon TCG,Japanese,EX Battle Boost,EX Battle Boost,EBB,,,,2013,2013-07-13,Black & White Era,,0,database.xlsx
Pokémon TCG,Japanese,Mewtwo vs Genesect Deck Kit (Genesect),Mewtwo vs Genesect Deck Kit (Genesect),MG,,,,2013,2013-07-13,Black & White Era,,0,database.xlsx
Pokémon TCG,Japanese,Mewtwo vs Genesect Deck Kit (Mewtwo),Mewtwo vs Genesect Deck Kit (Mewtwo),MG,,,,2013,2013-07-13,Black & White Era,,0,database.xlsx
Pokémon TCG,Japanese,XY Beginning Set,XY Beginning Set,HXY,,,,2013,2013-11-08,XY Era,,0,database.xlsx
Pokémon TCG,Japanese,Collection X,Collection X,XY1-Bx,,,,2013,2013-12-13,XY Era,,0,database.xlsx
Pokémon TCG,Japanese,Collection Y,Collection Y,XY1-By,,,,2013,2013-12-13,XY Era,,0,database.xlsx
Pokémon TCG,Japanese,コレクションX,,XY1a,,,,2013,2013-12-13,XY,60,0,tcgdex
Pokémon TCG,Japanese,コレクションY,,XY1b,,,,2013,2013-12-13,XY,60,0,tcgdex
Pokémon TCG,Japanese,Xerneas Half Deck,Xerneas Half Deck,X30,,,,2014,2014-01-31,XY Era,,0,database.xlsx
Pokémon TCG,Japanese,Yveltal Half Deck,Yveltal Half Deck,Y30,,,,2014,2014-01-31,XY Era,,0,database.xlsx
Pokémon TCG,Japanese,M Charizard-EX Mega Battle Deck,M Charizard-EX Mega Battle Deck,XYA,,,,2014,2014-03-15,XY Era,,0,database.xlsx
Pokémon TCG,Japanese,ワイルドブレイズ,Wild Blaze,XY2,,,,2014,2014-03-15,XY Era,80,0,"database.xlsx,tcgdex"
Pokémon TCG,Japanese,ライジングフィスト,Rising Fist,XY3,,,,2014,2014-06-14,XY Era,96,0,"database.xlsx,tcgdex"
Pokémon TCG,Japanese,Dialga-EX + Aegislash-EX Hyper Metal Chain Deck,Dialga-EX + Aegislash-EX Hyper Metal Chain Deck,XYB,,,,2014,2014-09-13,XY Era,,0,database.xlsx
Pokémon TCG,Japanese,ファントムゲート,Phantom Gate,XY4,,,,2014,2014-09-13,XY Era,88,0,"database.xlsx,tcgdex"
Pokémon TCG,Japanese,Xerneas-EX & Yveltal-EX Super Legend Set,Xerneas-EX & Yveltal-EX Super Legend Set,XYC,,,,2014,2014-11-14,XY Era,,0,database.xlsx
Pokémon TCG,Japanese,Gaia Volcano,Gaia Volcano,XY5-Bg,,,,2014,2014-12-13,XY Era,,0,database.xlsx
Pokémon TCG,Japanese,Tidal Storm,Tidal Storm,XY5-Bt,,,,2014,2014-12-13,XY Era,,0,database.xlsx
Pokémon TCG,Japanese,ガイアボルケーノ,,XY5a,,,,2014,2014-12-13,XY,70,0,tcgdex
Pokémon TCG,Japanese,タイダルストーム,,XY5b,,,,2014,2014-12-13,XY,70,0,tcgdex
Pokémon TCG,Japanese,マグマ団VSアクア団 ダブルクライシス,Team Magma vs Team Aqua: Double Crisis,CP1,,,,2015,2015-01-30,XY Era,34,34,"database.xlsx,tcgdex"
Pokémon TCG,Japanese,M Rayquaza-EX Mega Battle Deck,M Rayquaza-EX Mega Battle Deck,XYD,,,,2015,2015-03-14,XY Era,,0,database.xlsx
Pokémon TCG,Japanese,エメラルドブレイク,Emerald Break,XY6,,,,2015,2015-03-14,XY Era,78,0,"database.xlsx,tcgdex"
Pokémon TCG,Japanese,バンデットリング,Bandit Ring,XY7,,,,2015,2015-06-20,XY Era,81,0,"database.xlsx,tcgdex"
Pokémon TCG,Japanese,Emboar-EX vs Togekiss-EX Battle Starter Set,Emboar-EX vs Togekiss-EX Battle Starter Set,XYE,,,,2015,2015-07-18,XY Era,,0,database.xlsx
Pokémon TCG,Japanese,伝説キラコレクション,Legendary Shine Collection,CP2,,,,2015,2015-07-18,XY Era,27,0,"database.xlsx,tcgdex"
Pokémon TCG,Japanese,M Master Deck Build Box Power Style,M Master Deck Build Box Power Style,MMB-P,,,,2015,2015-08-07,XY Era,,0,database.xlsx
Pokémon TCG,Japanese,M Master Deck Build Box Speed Style,M Master Deck Build Box Speed Style,MMB-S,,,,2015,2015-08-07,XY Era,,0,database.xlsx
Pokémon TCG,Japanese,Blue Shock,Blue Shock,XY8-Bb,,,,2015,2015-09-26,XY Era,,0,database.xlsx
Pokémon TCG,Japanese,Noivern BREAK Evolution Pack,Noivern BREAK Evolution Pack,SNPo,,,,2015,2015-09-26,XY Era,,0,database.xlsx
Pokémon TCG,Japanese,Raichu BREAK Evolution Pack,Raichu BREAK Evolution Pack,SNPr,,,,2015,2015-09-26,XY Era,,0,database.xlsx
Pokémon TCG,Japanese,Red Flash,Red Flash,XY8-Br,,,,2015,2015-09-26,XY Era,,0,database.xlsx
Pokémon TCG,Japanese,赤い閃光,,XY8b,,,,2015,2015-09-26,XY BREAK,59,0,tcgdex
Pokémon TCG,Japanese,青い衝撃,,XY8a,,,,2015,2015-09-26,XY BREAK,59,0,tcgdex
Pokémon TCG,Japanese,Golduck BREAK + Palkia-EX Combo Deck,Golduck BREAK + Palkia-EX Combo Deck,XYF,,,,2015,2015-10-09,XY Era,,0,database.xlsx
Pokémon TCG,Japanese,破天の怒り,Rage of the Broken Heavens,XY9,,,,2015,2015-12-11,XY Era,80,0,"database.xlsx,tcgdex"
Pokémon TCG,Japanese,ポケキュンコレクション,PokéKyun Collection,CP3,,,,2016,2016-01-29,XY Era,32,0,"database.xlsx,tcgdex"
Pokémon TCG,Japanese,20th Anniversary Starter Pack,20th Anniversary Starter Pack,20th,,,,2016,2016-02-27,XY Era,,0,database.xlsx
Pokémon TCG,Japanese,M Audino-EX Mega Battle Deck,M Audino-EX Mega Battle Deck,XYH,,,,2016,2016-03-18,XY Era,,0,database.xlsx
Pokémon TCG,Japanese,Zygarde-EX Perfect Battle Deck,Zygarde-EX Perfect Battle Deck,XYG,,,,2016,2016-03-18,XY Era,,0,database.xlsx
Pokémon TCG,Japanese,めざめる超王,Awakening Psychic King,XY10,,,,2016,2016-03-18,XY Era,78,0,"database.xlsx,tcgdex"
Pokémon TCG,Japanese,プレミアムチャンピオンパック EX×M×BREAK,EX × M × BREAK Premium Champion Pack,CP4,,,,2016,2016-04-16,XY Era,131,0,"database.xlsx,tcgdex"
Pokémon TCG,Japanese,Cruel Traitor,Cruel Traitor,XY11-Br,,,,2016,2016-06-17,XY Era,,0,database.xlsx
Pokémon TCG,Japanese,Fever-Burst Fighter,Fever-Burst Fighter,XY11-Bb,,,,2016,2016-06-17,XY Era,,0,database.xlsx
Pokémon TCG,Japanese,冷酷の反逆者,,XY11b,,,,2016,2016-06-17,XY BREAK,54,0,tcgdex
Pokémon TCG,Japanese,爆熱の闘士,,XY11a,,,,2016,2016-06-17,XY BREAK,54,0,tcgdex
Pokémon TCG,Japanese,冷酷の反逆者,Mythical & Legendary Dream Shine Collection,CP5,,,,2016,2016-07-16,XY Era,36,0,"database.xlsx,tcgdex"
Pokémon TCG,Japanese,ポケットモンスターカードゲーム 拡張パック 20th Anniversary,Expansion Pack 20th Anniversary,CP6,,,,2016,2016-09-16,XY Era,87,0,"database.xlsx,tcgdex"
Pokémon TCG,Japanese,ピカチュウと新しい仲間たち,Pikachu's New Friends,SM0,,,,2016,2016-11-18,Sun & Moon Era,4,0,"database.xlsx,tcgdex"
Pokémon TCG,Japanese,"Decidueye-GX, Incineroar-GX & Primarina-GX Starter Sets","Decidueye-GX, Incineroar-GX & Primarina-GX Starter Sets",SMA,,,,2016,2016-12-09,Sun & Moon Era,,0,database.xlsx
Pokémon TCG,Japanese,Premium Trainer Box,Premium Trainer Box,SMB,,,,2016,2016-12-09,Sun & Moon Era,,0,database.xlsx
Pokémon TCG,Japanese,コレクションサン,Collection Sun,SM1S,,,,2016,2016-12-09,Sun & Moon Era,60,0,"database.xlsx,tcgdex"
Pokémon TCG,Japanese,コレクションムーン,Collection Moon,SM1M,,,,2016,2016-12-09,Sun & Moon Era,60,0,"database.xlsx,tcgdex"
Pokémon TCG,Japanese,Rockruff Full Power Deck,Rockruff Full Power Deck,SMP1,,,,2016,2016-12-15,Sun & Moon Era,,0,database.xlsx
Pokémon TCG,Japanese,Sun & Moon Enhanced Expansion Pack,Sun & Moon Enhanced Expansion Pack,SM1,,,,2017,2017-01-27,Sun & Moon Era,,0,database.xlsx
Pokémon TCG,Japanese,Tapu Bulu-GX Enhanced Starter Set,Tapu Bulu-GX Enhanced Starter Set,SMC,,,,2017,2017-03-17,Sun & Moon Era,,0,database.xlsx
Pokémon TCG,Japanese,アローラの月光,Alolan Moonlight,SM2L,,,,2017,2017-03-17,Sun & Moon Era,50,0,"database.xlsx,tcgdex"
Pokémon TCG,Japanese,キミを待つ島々,Islands Await You,SM2K,,,,2017,2017-03-17,Sun & Moon Era,50,0,"database.xlsx,tcgdex"
Pokémon TCG,Japanese,Ash vs Team Rocket Battle Set,Ash vs Team Rocket Battle Set,SMD,,,,2017,2017-04-21,Sun & Moon Era,,0,database.xlsx
Pokémon TCG,Japanese,Facing a New Trial,Facing a New Trial,SM2,,,,2017,2017-04-21,Sun & Moon Era,,0,database.xlsx
Pokémon TCG,Japanese,The Best of XY,The Best of XY,XY,,,,2017,2017-04-21,XY Era,,0,database.xlsx
Pokémon TCG,Japanese,光を喰らう闇,Darkness that Consumes Light,SM3N,,,,2017,2017-06-16,Sun & Moon Era,51,0,"database.xlsx,tcgdex"
Pokémon TCG,Japanese,闘う虹を見たか,To Have Seen the Battle Rainbow,SM3H,,,,2017,2017-06-16,Sun & Moon Era,51,0,"database.xlsx,tcgdex"
Pokémon TCG,Japanese,Shining Legends,Shining Legends,SM3,,,,2017,2017-07-15,Sun & Moon Era,,0,database.xlsx
Pokémon TCG,Japanese,覚醒の勇者,Awakened Heroes,SM4S,,,,2017,2017-09-15,Sun & Moon Era,50,0,"database.xlsx,tcgdex"
Pokémon TCG,Japanese,超次元の暴獣,Ultradimensional Beasts,SM4A,,,,2017,2017-09-15,Sun & Moon Era,50,0,"database.xlsx,tcgdex"
Pokémon TCG,Japanese,GX Battle Boost,GX Battle Boost,SM4,,,,2017,2017-10-20,Sun & Moon Era,,0,database.xlsx
Pokémon TCG,Japanese,Solgaleo-GX & Lunala-GX Legendary Starter Set,Solgaleo-GX & Lunala-GX Legendary Starter Set,SME,,,,2017,2017-11-10,Sun & Moon Era,,0,database.xlsx
Pokémon TCG,Japanese,Ultra Sun & Ultra Moon Premium Trainer Box,Ultra Sun & Ultra Moon Premium Trainer Box,SMF,,,,2017,2017-12-08,Sun & Moon Era,,0,database.xlsx
Pokémon TCG,Japanese,ウルトラサン,Ultra Sun,SM5S,,,,2017,2017-12-08,Sun & Moon Era,66,0,"database.xlsx,tcgdex"
Pokémon TCG,Japanese,ウルトラムーン,Ultra Moon,SM5M,,,,2017,2017-12-08,Sun & Moon Era,66,0,"database.xlsx,tcgdex"
Pokémon TCG,Japanese,Ultra Force,Ultra Force,SM5,,,,2018,2018-01-19,Sun & Moon Era,,0,database.xlsx
Pokémon TCG,Japanese,Ultra Sun & Ultra Moon Deck Build Boxes,Ultra Sun & Ultra Moon Deck Build Boxes,SMG,,,,2018,2018-02-16,Sun & Moon Era,,0,database.xlsx
Pokémon TCG,Japanese,禁断の光,Forbidden Light,SM6,,,,2018,2018-03-02,Sun & Moon Era,94,0,"database.xlsx,tcgdex"
Pokémon TCG,Japanese,ドラゴンストーム,Dragon Storm,SM6a,,,,2018,2018-04-06,Sun & Moon Era,53,0,"database.xlsx,tcgdex"
Pokémon TCG,Japanese,チャンピオンロード,Champion Road,SM6b,,,,2018,2018-05-03,Sun & Moon Era,66,0,"database.xlsx,tcgdex"
Pokémon TCG,Japanese,裂空のカリスマ,Sky-Splitting Charisma,SM7,,,,2018,2018-06-01,Sun & Moon Era,96,0,"database.xlsx,tcgdex"
Pokémon TCG,Japanese,迅雷スパーク,Thunderclap Spark,SM7a,,,,2018,2018-07-06,Sun & Moon Era,50,0,"database.xlsx,tcgdex"
Pokémon TCG,Japanese,GX Starter Decks,GX Starter Decks,SMH,,,,2018,2018-07-13,Sun & Moon Era,,0,database.xlsx
Pokémon TCG,Japanese,フェアリーライズ,Fairy Rise,SM7b,,,,2018,2018-08-03,Sun & Moon Era,50,0,"database.xlsx,tcgdex"
Pokémon TCG,Japanese,超爆インパクト,Super-Burst Impact,SM8,,,,2018,2018-09-07,Sun & Moon Era,95,0,"database.xlsx,tcgdex"
Pokémon TCG,Japanese,ダークオーダー,Dark Order,SM8a,,,,2018,2018-10-05,Sun & Moon Era,52,0,"database.xlsx,tcgdex"
Pokémon TCG,Japanese,GXウルトラシャイニー,GX Ultra Shiny,SM8b,,,,2018,2018-11-02,Sun & Moon Era,150,0,"database.xlsx,tcgdex"
Pokémon TCG,Japanese,"Flareon-GX, Vaporeon-GX & Jolteon-GX Starter Sets","Flareon-GX, Vaporeon-GX & Jolteon-GX Starter Sets",SMI,,,,2018,2018-11-23,Sun & Moon Era,,0,database.xlsx
Pokémon TCG,Japanese,Tag Team GX Premium Trainer Box,Tag Team GX Premium Trainer Box,SMJ,,,,2018,2018-12-07,Sun & Moon Era,,0,database.xlsx
Pokémon TCG,Japanese,タッグボルト,Tag Bolt,SM9,,,,2018,2018-12-07,Sun & Moon Era,95,0,"database.xlsx,tcgdex"
Pokémon TCG,Japanese,ナイトユニゾン,Night Unison,SM9a,,,,2019,2019-01-11,Sun & Moon Era,55,0,"database.xlsx,tcgdex"
Pokémon TCG,Japanese,Trainer Battle Decks,Trainer Battle Decks,SMK,,,,2019,2019-01-25,Sun & Moon Era,,0,database.xlsx
Pokémon TCG,Japanese,フルメタルウォール,Full Metal Wall,SM9b,,,,2019,2019-02-01,Sun & Moon Era,54,0,"database.xlsx,tcgdex"
Pokémon TCG,Japanese,Tag Team GX Deck Build Box,Tag Team GX Deck Build Box,SMN,,,,2019,2019-03-01,Sun & Moon Era,,0,database.xlsx
Pokémon TCG,Japanese,ダブルブレイズ,Double Blaze,SM10,,,,2019,2019-03-01,Sun & Moon Era,95,116,"database.xlsx,tcgdex"
Pokémon TCG,Japanese,Sun & Moon Family Pokémon Card Game,Sun & Moon Family Pokémon Card Game,SML,,,,2019,2019-03-15,Sun & Moon Era,,0,database.xlsx
Pokémon TCG,Japanese,ジージーエンド,GG End,SM10a,,,,2019,2019-04-05,Sun & Moon Era,54,0,"database.xlsx,tcgdex"
Pokémon TCG,Japanese,スカイレジェンド,Sky Legend,SM10b,,,,2019,2019-04-26,Sun & Moon Era,56,0,"database.xlsx,tcgdex"
Pokémon TCG,Japanese,名探偵ピカチュウ,Great Detective Pikachu,SMP2,,,,2019,2019-04-26,Sun & Moon Era,24,0,"database.xlsx,tcgdex"
Pokémon TCG,Japanese,Miracle Twin,Miracle Twin,SM11,,,,2019,2019-05-31,Sun & Moon Era,,0,database.xlsx
Pokémon TCG,Japanese,Tag Team GX Starter Sets,Tag Team GX Starter Sets,SMM,,,,2019,2019-05-31,Sun & Moon Era,,0,database.xlsx
Pokémon TCG,Japanese,ミラクルツイン,,sn11,,,,2019,2019-05-31,サン＆ムーン,94,0,tcgdex
Pokémon TCG,Japanese,リミックスバウト,Remix Bout,SM11a,,,,2019,2019-07-05,Sun & Moon Era,64,0,"database.xlsx,tcgdex"
Pokémon TCG,Japanese,ドリームリーグ,Dream League,SM11b,,,,2019,2019-08-02,Sun & Moon Era,49,75,"database.xlsx,tcgdex"
Pokémon TCG,Japanese,オルタージェネシス,Alter Genesis,SM12,,,,2019,2019-09-06,Sun & Moon Era,95,117,"database.xlsx,tcgdex"
Pokémon TCG,Japanese,Extra Regulation Box,Extra Regulation Box,,,,,2019,2019-10-04,Sun & Moon Era,,0,database.xlsx
Pokémon TCG,Japanese,TAG TEAM GX タッグオールスターズ,Tag All Stars,SM12a,,,,2019,2019-10-04,Sun & Moon Era,173,226,"database.xlsx,tcgdex"
Pokémon TCG,Japanese,Fighting Starter Set V,Fighting Starter Set V,SA,,,,2019,2019-11-29,Sword & Shield Era,,0,database.xlsx
Pokémon TCG,Japanese,Fire Starter Set V,Fire Starter Set V,SA,,,,2019,2019-11-29,Sword & Shield Era,,0,database.xlsx
Pokémon TCG,Japanese,Grass Starter Set V,Grass Starter Set V,SA,,,,2019,2019-11-29,Sword & Shield Era,,0,database.xlsx
Pokémon TCG,Japanese,Lightning Starter Set V,Lightning Starter Set V,SA,,,,2019,2019-11-29,Sword & Shield Era,,0,database.xlsx
Pokémon TCG,Japanese,Water Starter Set V,Water Starter Set V,SA,,,,2019,2019-11-29,Sword & Shield Era,,0,database.xlsx
Pokémon TCG,Japanese,Sword & Shield Premium Trainer Box,Sword & Shield Premium Trainer Box,SB,,,,2019,2019-12-06,Sword & Shield Era,,0,database.xlsx
Pokémon TCG,Japanese,シールド,Shield,S1H,,,,2019,2019-12-06,Sword & Shield Era,60,0,"database.xlsx,tcgdex"
Pokémon TCG,Japanese,ソード,Sword,S1W,,,,2019,2019-12-06,Sword & Shield Era,60,0,"database.xlsx,tcgdex"
Pokémon TCG,Japanese,Zacian + Zamazenta Box,Zacian + Zamazenta Box,SP1,,,,2019,2019-12-27,Sword & Shield Era,,0,database.xlsx
Pokémon TCG,Japanese,VMAXライジング,VMAX Rising,S1a,,,,2020,2020-02-07,Sword & Shield Era,70,0,"database.xlsx,tcgdex"
Pokémon TCG,Japanese,反逆クラッシュ,Rebellion Crash,S2,,,,2020,2020-03-06,Sword & Shield Era,96,0,"database.xlsx,tcgdex"
Pokémon TCG,Japanese,Charizard Starter Set VMAX,Charizard Starter Set VMAX,SC,,,,2020,2020-03-27,Sword & Shield Era,,0,database.xlsx
Pokémon TCG,Japanese,Grimmsnarl Starter Set VMAX,Grimmsnarl Starter Set VMAX,SC,,,,2020,2020-03-27,Sword & Shield Era,,0,database.xlsx
Pokémon TCG,Japanese,爆炎ウォーカー,Explosive Walker,S2a,,,,2020,2020-04-24,Sword & Shield Era,70,0,"database.xlsx,tcgdex"
Pokémon TCG,Japanese,ムゲンゾーン,Infinity Zone,S3,,,,2020,2020-06-05,Sword & Shield Era,100,0,"database.xlsx,tcgdex"
Pokémon TCG,Japanese,V Starter Decks,V Starter Decks,SD,,,,2020,2020-07-10,Sword & Shield Era,,0,database.xlsx
Pokémon TCG,Japanese,伝説の鼓動,Legendary Heartbeat,S3a,,,,2020,2020-07-10,Sword & Shield Era,76,0,"database.xlsx,tcgdex"
Pokémon TCG,Japanese,仰天のボルテッカー,Amazing Volt Tackle,S4,,,,2020,2020-09-18,Sword & Shield Era,100,0,"database.xlsx,tcgdex"
Pokémon TCG,Japanese,VMAX Special Set,VMAX Special Set,SP2,,,,2020,2020-10-23,Sword & Shield Era,,0,database.xlsx
Pokémon TCG,Japanese,シャイニースターV,Shiny Star V,S4a,,,,2020,2020-11-20,Sword & Shield Era,190,0,"database.xlsx,tcgdex"
Pokémon TCG,Japanese,Blastoise Starter Set VMAX,Blastoise Starter Set VMAX,SEK,,,,2020,2020-12-04,Sword & Shield Era,,0,database.xlsx
Pokémon TCG,Japanese,Charizard Starter Set VMAX 2,Charizard Starter Set VMAX 2,SC2,,,,2020,2020-12-04,Sword & Shield Era,,0,database.xlsx
Pokémon TCG,Japanese,Venusaur Starter Set VMAX,Venusaur Starter Set VMAX,SEF,,,,2020,2020-12-04,Sword & Shield Era,,0,database.xlsx
Pokémon TCG,Japanese,Single Strike & Rapid Strike Premium Trainer Boxes,Single Strike & Rapid Strike Premium Trainer Boxes,SF,,,,2021,2021-01-22,Sword & Shield Era,,0,database.xlsx
Pokémon TCG,Japanese,一撃マスター,Single Strike Master,S5I,,,,2021,2021-01-22,Sword & Shield Era,70,0,"database.xlsx,tcgdex"
Pokémon TCG,Japanese,連撃マスター,Rapid Strike Master,S5R,,,,2021,2021-01-22,Sword & Shield Era,70,0,"database.xlsx,tcgdex"
Pokémon TCG,Japanese,双璧のファイター,Matchless Fighters,S5a,,,,2021,2021-03-19,Sword & Shield Era,70,0,"database.xlsx,tcgdex"
Pokémon TCG,Japanese,Silver Lance & Jet-Black Spirit Jumbo Pack Set,Silver Lance & Jet-Black Spirit Jumbo Pack Set,SP3,,,,2021,2021-04-23,Sword & Shield Era,,0,database.xlsx
Pokémon TCG,Japanese,漆黒のガイスト,Jet-Black Spirit,S6K,,,,2021,2021-04-23,Sword & Shield Era,70,0,"database.xlsx,tcgdex"
Pokémon TCG,Japanese,白銀のランス,Silver Lance,S6H,,,,2021,2021-04-23,Sword & Shield Era,70,0,"database.xlsx,tcgdex"
Pokémon TCG,Japanese,Eevee Heroes VMAX Special Set,Eevee Heroes VMAX Special Set,SP4,,,,2021,2021-05-28,Sword & Shield Era,,0,database.xlsx
Pokémon TCG,Japanese,Gengar VMAX High-Class Deck,Gengar VMAX High-Class Deck,SGG,,,,2021,2021-05-28,Sword & Shield Era,,0,database.xlsx
Pokémon TCG,Japanese,Inteleon VMAX High-Class Deck,Inteleon VMAX High-Class Deck,SGI,,,,2021,2021-05-28,Sword & Shield Era,,0,database.xlsx
Pokémon TCG,Japanese,イーブイヒーローズ,Eevee Heroes,S6a,,,,2021,2021-05-28,Sword & Shield Era,69,0,"database.xlsx,tcgdex"
Pokémon TCG,Japanese,Sword & Shield Family Pokémon Card Game,Sword & Shield Family Pokémon Card Game,SH,,,,2021,2021-07-09,Sword & Shield Era,,0,database.xlsx
Pokémon TCG,Japanese,摩天パーフェクト,Skyscraping Perfection,S7D,,,,2021,2021-07-09,Sword & Shield Era,67,0,"database.xlsx,tcgdex"
Pokémon TCG,Japanese,蒼空ストリーム,Blue Sky Stream,S7R,,,,2021,2021-07-09,Sword & Shield Era,67,0,"database.xlsx,tcgdex"
Pokémon TCG,Japanese,V-UNION Special Card Sets,V-UNION Special Card Sets,SP5,,,,2021,2021-08-20,Sword & Shield Era,,0,database.xlsx
Pokémon TCG,Japanese,フュージョンアーツ,Fusion Arts,S8,,,,2021,2021-09-24,Sword & Shield Era,100,0,"database.xlsx,tcgdex"
Pokémon TCG,Japanese,25th アニバーサリーコレクション,25th Anniversary Collection,S8a,,,,2021,2021-10-22,Sword & Shield Era,28,0,"database.xlsx,tcgdex"
Pokémon TCG,Japanese,Promo Card Pack 25th Anniversary Edition,Promo Card Pack 25th Anniversary Edition,S8a-P,,,,2021,2021-10-22,Sword & Shield Era,,0,database.xlsx
Pokémon TCG,Japanese,Zacian & Zamazenta vs Eternatus Special Deck Set,Zacian & Zamazenta vs Eternatus Special Deck Set,SJ,,,,2021,2021-11-05,Sword & Shield Era,,0,database.xlsx
Pokémon TCG,Japanese,25th Anniversary Golden Box,25th Anniversary Golden Box,S8a-G,,,,2021,2021-12-01,Sword & Shield Era,,0,database.xlsx
Pokémon TCG,Japanese,VMAXクライマックス,VMAX Climax,S8b,,,,2021,2021-12-03,Sword & Shield Era,184,0,"database.xlsx,tcgdex"
Pokémon TCG,Japanese,Start Deck 100,Start Deck 100,SI,,,,2021,2021-12-17,Sword & Shield Era,,0,database.xlsx
Pokémon TCG,Japanese,25th Anniversary Creatures Deck,25th Anniversary Creatures Deck,,,,,2021,2021-12-26,Sword & Shield Era,,0,database.xlsx
Pokémon TCG,Japanese,VSTAR Premium Trainer Box,VSTAR Premium Trainer Box,SK,,,,2022,2022-01-14,Sword & Shield Era,,0,database.xlsx
Pokémon TCG,Japanese,スターバース,Star Birth,S9,,,,2022,2022-01-14,Sword & Shield Era,100,127,"database.xlsx,tcgdex"
Pokémon TCG,Japanese,Darkrai Starter Set VSTAR,Darkrai Starter Set VSTAR,SLD,,,,2022,2022-02-25,Sword & Shield Era,,0,database.xlsx
Pokémon TCG,Japanese,Lucario Starter Set VSTAR,Lucario Starter Set VSTAR,SLL,,,,2022,2022-02-25,Sword & Shield Era,,0,database.xlsx
Pokémon TCG,Japanese,バトルリージョン,Battle Region,S9a,,,,2022,2022-02-25,Sword & Shield Era,67,93,"database.xlsx,tcgdex"
Pokémon TCG,Japanese,Start Deck 100 CoroCoro Comic Version,Start Deck 100 CoroCoro Comic Version,SN,,,,2022,2022-03-01,Sword & Shield Era,,0,database.xlsx
Pokémon TCG,Japanese,スペースジャグラー,Space Juggler,S10P,,,,2022,2022-04-08,Sword & Shield Era,67,0,"database.xlsx,tcgdex"
Pokémon TCG,Japanese,タイムゲイザー,Time Gazer,S10D,,,,2022,2022-04-08,Sword & Shield Era,67,0,"database.xlsx,tcgdex"
Pokémon TCG,Japanese,ダークファンタズマ,Dark Phantasma,S10a,,,,2022,2022-05-13,Sword & Shield Era,71,0,"database.xlsx,tcgdex"
Pokémon TCG,Japanese,Pokémon GO,Pokémon GO,S10b,,,,2022,2022-06-17,Sword & Shield Era,71,0,"database.xlsx,tcgdex"
Pokémon TCG,Japanese,Deoxys VSTAR & VMAX High-Class Deck,Deoxys VSTAR & VMAX High-Class Deck,SPD,,,,2022,2022-07-15,Sword & Shield Era,,0,database.xlsx
Pokémon TCG,Japanese,Zeraora VSTAR & VMAX High-Class Deck,Zeraora VSTAR & VMAX High-Class Deck,SPZ,,,,2022,2022-07-15,Sword & Shield Era,,0,database.xlsx
Pokémon TCG,Japanese,ロストアビス,Lost Abyss,S11,,,,2022,2022-07-15,Sword & Shield Era,100,0,"database.xlsx,tcgdex"
Pokémon TCG,Japanese,VSTAR Special Set,VSTAR Special Set,SP6,,,,2022,2022-08-05,Sword & Shield Era,,0,database.xlsx
Pokémon TCG,Japanese,白熱のアルカナ,Incandescent Arcana,S11a,,,,2022,2022-09-02,Sword & Shield Era,68,0,"database.xlsx,tcgdex"
Pokémon TCG,Japanese,パラダイムトリガー,Paradigm Trigger,S12,,,,2022,2022-10-21,Sword & Shield Era,98,125,"database.xlsx,tcgdex"
Pokémon TCG,Japanese,Charizard VSTAR vs Rayquaza VMAX Special Deck Set,Charizard VSTAR vs Rayquaza VMAX Special Deck Set,SO,,,,2022,2022-11-04,Sword & Shield Era,,0,database.xlsx
Pokémon TCG,Japanese,VSTARユニバース,VSTAR Universe,S12a,,,,2022,2022-12-02,Sword & Shield Era,172,254,"database.xlsx,tcgdex"
Pokémon TCG,Japanese,Fuecoco & Ampharos ex Starter Set ex,Fuecoco & Ampharos ex Starter Set ex,SVAL,,,,2023,2023-01-20,Scarlet & Violet Era,,0,database.xlsx
Pokémon TCG,Japanese,Quaxly & Mimikyu ex Starter Set ex,Quaxly & Mimikyu ex Starter Set ex,SVAW,,,,2023,2023-01-20,Scarlet & Violet Era,,0,database.xlsx
Pokémon TCG,Japanese,Sprigatito & Lucario ex Starter Set ex,Sprigatito & Lucario ex Starter Set ex,SVAM,,,,2023,2023-01-20,Scarlet & Violet Era,,0,database.xlsx
Pokémon TCG,Japanese,ex Premium Trainer Box,ex Premium Trainer Box,SVB,,,,2023,2023-01-20,Scarlet & Violet Era,,0,database.xlsx
Pokémon TCG,Japanese,スカーレットex,Scarlet ex,SV1S,,,,2023,2023-01-20,Scarlet & Violet Era,78,108,"database.xlsx,tcgdex"
Pokémon TCG,Japanese,バイオレットex,Violet ex,SV1V,,,,2023,2023-01-20,Scarlet & Violet Era,78,108,"database.xlsx,tcgdex"
Pokémon TCG,Japanese,トリプレットビート,Triplet Beat,SV1a,,,,2023,2023-03-10,Scarlet & Violet Era,73,103,"database.xlsx,tcgdex"
Pokémon TCG,Japanese,Pikachu ex & Pawmot Starter Set ex,Pikachu ex & Pawmot Starter Set ex,SVC,,,,2023,2023-03-24,Scarlet & Violet Era,,0,database.xlsx
Pokémon TCG,Japanese,クレイバースト,Clay Burst,SV2D,,,,2023,2023-04-14,Scarlet & Violet Era,71,99,"database.xlsx,tcgdex"
Pokémon TCG,Japanese,スノーハザード,Snow Hazard,SV2P,,,,2023,2023-04-14,Scarlet & Violet Era,71,99,"database.xlsx,tcgdex"
Pokémon TCG,Japanese,ex Special Set,ex Special Set,SVP1,,,,2023,2023-05-19,Scarlet & Violet Era,,0,database.xlsx
Pokémon TCG,Japanese,ポケモンカード151,Pokémon Card 151,SV2a,,,,2023,2023-06-16,Scarlet & Violet Era,165,210,"database.xlsx,tcgdex"
Pokémon TCG,Japanese,ex Starter Decks,ex Starter Decks,SVD,,,,2023,2023-07-07,Scarlet & Violet Era,,0,database.xlsx
Pokémon TCG,Japanese,Ruler of the Black Flame Deck Build Box,Ruler of the Black Flame Deck Build Box,SVF,,,,2023,2023-07-28,Scarlet & Violet Era,,0,database.xlsx
Pokémon TCG,Japanese,World Championships 2023 Yokohama Deck: Pikachu,World Championships 2023 Yokohama Deck: Pikachu,WCS23,,,,2023,2023-07-28,Scarlet & Violet Era,,0,database.xlsx
Pokémon TCG,Japanese,黒炎の支配者,Ruler of the Black Flame,SV3,,,,2023,2023-07-28,Scarlet & Violet Era,108,141,"database.xlsx,tcgdex"
Pokémon TCG,Japanese,Mewtwo ex Starter Set Terastal,Mewtwo ex Starter Set Terastal,SVEM,,,,2023,2023-09-22,Scarlet & Violet Era,,0,database.xlsx
Pokémon TCG,Japanese,Skeledirge ex Starter Set Terastal,Skeledirge ex Starter Set Terastal,SVEL,,,,2023,2023-09-22,Scarlet & Violet Era,,0,database.xlsx
Pokémon TCG,Japanese,レイジングサーフ,Raging Surf,SV3a,,,,2023,2023-09-22,Scarlet & Violet Era,62,92,"database.xlsx,tcgdex"
Pokémon TCG,Japanese,古代の咆哮,Ancient Roar,SV4K,,,,2023,2023-10-27,Scarlet & Violet Era,66,95,"database.xlsx,tcgdex"
Pokémon TCG,Japanese,未来の一閃,Future Flash,SV4M,,,,2023,2023-10-27,Scarlet & Violet Era,66,95,"database.xlsx,tcgdex"
Pokémon TCG,Japanese,Pokémon TCG Classic (Blastoise),Pokémon TCG Classic (Blastoise),CLK,,,,2023,2023-10-31,Scarlet & Violet Era,,0,database.xlsx
Pokémon TCG,Japanese,Pokémon TCG Classic (Charizard),Pokémon TCG Classic (Charizard),CLL,,,,2023,2023-10-31,Scarlet & Violet Era,,0,database.xlsx
Pokémon TCG,Japanese,Pokémon TCG Classic (Venusaur),Pokémon TCG Classic (Venusaur),CLF,,,,2023,2023-10-31,Scarlet & Violet Era,,0,database.xlsx
Pokémon TCG,Japanese,"Venusaur, Charizard & Blastoise Special Deck Set ex","Venusaur, Charizard & Blastoise Special Deck Set ex",SVG,,,,2023,2023-11-10,Scarlet & Violet Era,,0,database.xlsx
Pokémon TCG,Japanese,レイジングサーフ,Shiny Treasure ex,SV4a,,,,2023,2023-12-01,Scarlet & Violet Era,190,320,"database.xlsx,tcgdex"
Pokémon TCG,Japanese,Ancient Koraidon ex Starter Deck & Build Set,Ancient Koraidon ex Starter Deck & Build Set,SVHK,,,,2024,2024-01-26,Scarlet & Violet Era,,0,database.xlsx
Pokémon TCG,Japanese,Future Miraidon ex Starter Deck & Build Set,Future Miraidon ex Starter Deck & Build Set,SVHM,,,,2024,2024-01-26,Scarlet & Violet Era,,0,database.xlsx
Pokémon TCG,Japanese,サイバージャッジ,Cyber Judge,SV5M,,,,2024,2024-01-26,Scarlet & Violet Era,71,0,"database.xlsx,tcgdex"
Pokémon TCG,Japanese,ワイルドフォース,Wild Force,SV5K,,,,2024,2024-01-26,Scarlet & Violet Era,71,49,"database.xlsx,tcgdex"
Pokémon TCG,Japanese,Battle Academy,Battle Academy,SVI,,,,2024,2024-03-08,Scarlet & Violet Era,,0,database.xlsx
Pokémon TCG,Japanese,クリムゾンヘイズ,Crimson Haze,SV5a,,,,2024,2024-03-22,Scarlet & Violet Era,66,96,"database.xlsx,tcgdex"
Pokémon TCG,Japanese,トリプレットビート,,CS1.5,,,,2024,2024-04-26,剣と盾,101,0,tcgdex
Pokémon TCG,Japanese,トリプレットビート,,CS1a,,,,2024,2024-04-26,剣と盾,101,0,tcgdex
Pokémon TCG,Japanese,トリプレットビート,,CS1b,,,,2024,2024-04-26,剣と盾,101,0,tcgdex
Pokémon TCG,Japanese,トリプレットビート,,CS2.5,,,,2024,2024-04-26,剣と盾,101,0,tcgdex
Pokémon TCG,Japanese,トリプレットビート,,CS2a,,,,2024,2024-04-26,剣と盾,101,0,tcgdex
Pokémon TCG,Japanese,トリプレットビート,,CS2b,,,,2024,2024-04-26,剣と盾,101,0,tcgdex
Pokémon TCG,Japanese,トリプレットビート,,CS3.5,,,,2024,2024-04-26,剣と盾,101,0,tcgdex
Pokémon TCG,Japanese,トリプレットビート,,CS3D,,,,2024,2024-04-26,剣と盾,101,0,tcgdex
Pokémon TCG,Japanese,トリプレットビート,,CS3a,,,,2024,2024-04-26,剣と盾,101,0,tcgdex
Pokémon TCG,Japanese,トリプレットビート,,CS3b,,,,2024,2024-04-26,剣と盾,101,0,tcgdex
Pokémon TCG,Japanese,トリプレットビート,,CS4,,,,2024,2024-04-26,剣と盾,101,0,tcgdex
Pokémon TCG,Japanese,トリプレットビート,,CS4Da,,,,2024,2024-04-26,剣と盾,101,0,tcgdex
Pokémon TCG,Japanese,トリプレットビート,,CS4a,,,,2024,2024-04-26,剣と盾,101,0,tcgdex
Pokémon TCG,Japanese,トリプレットビート,,CS4b,,,,2024,2024-04-26,剣と盾,101,0,tcgdex
Pokémon TCG,Japanese,トリプレットビート,,CSA,,,,2024,2024-04-26,剣と盾,101,0,tcgdex
Pokémon TCG,Japanese,変幻の仮面,Mask of Change,SV6,,,,2024,2024-04-26,Scarlet & Violet Era,101,101,"database.xlsx,tcgdex"
Pokémon TCG,Japanese,Chien-Pao ex Battle Master Deck,Chien-Pao ex Battle Master Deck,SVJP,,,,2024,2024-05-17,Scarlet & Violet Era,,0,database.xlsx
Pokémon TCG,Japanese,Terastal Charizard ex Battle Master Deck,Terastal Charizard ex Battle Master Deck,SVJL,,,,2024,2024-05-17,Scarlet & Violet Era,,0,database.xlsx
Pokémon TCG,Japanese,ナイトワンダラー,Night Wanderer,SV6a,,,,2024,2024-06-07,Scarlet & Violet Era,64,0,"database.xlsx,tcgdex"
Pokémon TCG,Japanese,ステラミラクル,Stellar Miracle,SV7,,,,2024,2024-07-19,Scarlet & Violet Era,102,135,"database.xlsx,tcgdex"
Pokémon TCG,Japanese,デッキビルドBOX ステラミラクル,Stellar Miracle Deck Build Box,SVK,,,,2024,2024-07-19,Scarlet & Violet Era,44,44,"database.xlsx,tcgdex"
Pokémon TCG,Japanese,スターターセット テラスタイプ：ステラ ソウブレイズex,Ceruledge ex Starter Set Tera Type: Stellar,SVLS,,,,2024,2024-08-30,Scarlet & Violet Era,22,22,"database.xlsx,tcgdex"
Pokémon TCG,Japanese,スターターセット テラスタイプ：ステラ ニンフィアex,Sylveon ex Starter Set Tera Type: Stellar,SVLN,,,,2024,2024-08-30,Scarlet & Violet Era,22,22,"database.xlsx,tcgdex"
Pokémon TCG,Japanese,楽園ドラゴーナ,Paradise Dragona,SV7a,,,,2024,2024-09-13,Scarlet & Violet Era,64,94,"database.xlsx,tcgdex"
Pokémon TCG,Japanese,超電ブレイカー,Super Electric Breaker,SV8,,,,2024,2024-10-18,Scarlet & Violet Era,106,106,"database.xlsx,tcgdex"
Pokémon TCG,Japanese,Generations Starter Decks,Generations Starter Decks,SVM,,,,2024,2024-11-22,Scarlet & Violet Era,,0,database.xlsx
Pokémon TCG,Japanese,テラスタルフェスex,Terastal Festival ex,SV8a,,,,2024,2024-12-06,Scarlet & Violet Era,187,237,"database.xlsx,tcgdex"
Pokémon TCG,Japanese,Battle Partners Deck Build Box,Battle Partners Deck Build Box,SVN,,,,2025,2025-01-24,Scarlet & Violet Era,,0,database.xlsx
Pokémon TCG,Japanese,バトルパートナーズ,Battle Partners,SV9,,,,2025,2025-01-24,Scarlet & Violet Era,100,132,"database.xlsx,tcgdex"
Pokémon TCG,Japanese,Marnie's Morpeko & Grimmsnarl ex Starter Set ex,Marnie's Morpeko & Grimmsnarl ex Starter Set ex,SVOM,,,,2025,2025-02-21,Scarlet & Violet Era,,0,database.xlsx
Pokémon TCG,Japanese,Steven's Beldum & Metagross ex Starter Set ex,Steven's Beldum & Metagross ex Starter Set ex,SVOD,,,,2025,2025-02-21,Scarlet & Violet Era,,0,database.xlsx
Pokémon TCG,Japanese,熱風のアリーナ,Hot Air Arena,SV9a,,,,2025,2025-03-14,Scarlet & Violet Era,63,92,"database.xlsx,tcgdex"
Pokémon TCG,Japanese,ロケット団の栄光,The Glory of Team Rocket,SV10,,,,2025,2025-04-18,Scarlet & Violet Era,98,98,"database.xlsx,tcgdex"
Pokémon TCG,Japanese,ブラックボルト,Black Bolt,SV11B,,,,2025,2025-06-06,Scarlet & Violet Era,174,174,"database.xlsx,tcgdex"
Pokémon TCG,Japanese,ホワイトフレア,White Flare,SV11W,,,,2025,2025-06-06,Scarlet & Violet Era,86,174,"database.xlsx,tcgdex"
Pokémon TCG,Japanese,メガ プロモカード,Mega Evolution Promos,MP,,,,2025,2025-07-28,Mega Evolution Era,0,83,"database.xlsx,tcgdex"
Pokémon TCG,Japanese,MEGA Premium Trainer Box,MEGA Premium Trainer Box,MA,,,,2025,2025-08-01,Mega Evolution Era,,0,database.xlsx
Pokémon TCG,Japanese,Mega Evolution Energies,Mega Evolution Energies,,,,,2025,2025-08-01,Unnumbered Energies,,0,database.xlsx
Pokémon TCG,Japanese,メガシンフォニア,Mega Symphonia,M1S,,,,2025,2025-08-01,Mega Evolution Era,63,92,"database.xlsx,tcgdex"
Pokémon TCG,Japanese,メガブレイブ,Mega Brave,M1L,,,,2025,2025-08-01,Mega Evolution Era,63,92,"database.xlsx,tcgdex"
Pokémon TCG,Japanese,Mega Diancie ex Starter Set MEGA,Mega Diancie ex Starter Set MEGA,MBD,,,,2025,2025-09-05,Mega Evolution Era,,0,database.xlsx
Pokémon TCG,Japanese,Mega Gengar ex Starter Set MEGA,Mega Gengar ex Starter Set MEGA,MBG,,,,2025,2025-09-05,Mega Evolution Era,,0,database.xlsx
Pokémon TCG,Japanese,インフェルノX,Inferno X,M2,,,,2025,2025-09-26,Mega Evolution Era,80,116,"database.xlsx,tcgdex"
Pokémon TCG,Japanese,MEGAドリームex,MEGA Dream ex,M2a,,,,2025,2025-11-28,Mega Evolution Era,193,250,"database.xlsx,tcgdex"
Pokémon TCG,Japanese,Start Deck 100 Battle Collection CoroCiao Version,Start Deck 100 Battle Collection CoroCiao Version,MP1,,,,2025,2025-12-19,Mega Evolution Era,,0,database.xlsx
Pokémon TCG,Japanese,スタートデッキ100 バトルコレクション,Start Deck 100 Battle Collection,MC,,,,2025,2025-12-19,Mega Evolution Era,742,774,"database.xlsx,tcgdex"
Pokémon TCG,Japanese,ムニキスゼロ,Nullifying Zero,M3,,,,2026,2026-01-23,Mega Evolution Era,80,117,"database.xlsx,tcgdex"
Pokémon TCG,Japanese,ニンジャスピナー,Ninja Spinner,M4,,,,2026,2026-03-13,Mega Evolution Era,83,120,"database.xlsx,tcgdex"
Pokémon TCG,Japanese,アビスアイ,Abyss Eye,M5,,,,2026,2026-05-22,Mega Evolution Era,81,118,"database.xlsx,tcgdex"
Pokémon TCG,Japanese,Eevee ex Starter Set ex,Eevee ex Starter Set ex,MEE,,,,2026,2026-07-31,Mega Evolution Era,,0,database.xlsx
Pokémon TCG,Japanese,Sprigatito & Meowscarada ex Starter Set ex,Sprigatito & Meowscarada ex Starter Set ex,MEM,,,,2026,2026-07-31,Mega Evolution Era,,0,database.xlsx
Pokémon TCG,Japanese,Storm Emeralda,Storm Emeralda,M6,,,,2026,2026-07-31,Mega Evolution Era,,0,database.xlsx
Pokémon TCG,Japanese,Zorua & Zoroark ex Starter Set ex,Zorua & Zoroark ex Starter Set ex,MEZ,,,,2026,2026-07-31,Mega Evolution Era,,0,database.xlsx
Pokémon TCG,Japanese,30th Celebration,30th Celebration,M6a,,,,2026,2026-09-16,Mega Evolution Era,,0,database.xlsx
Pokémon TCG,Japanese,30th Celebration Premium Deck Set - Espeon & Umbreon,30th Celebration Premium Deck Set - Espeon & Umbreon,MF,,,,2026,2026-09-16,Mega Evolution Era,,0,database.xlsx
Pokémon TCG,Japanese,Bastiodon the Defender & Rampardos the Attacker Constructed Half Decks,Bastiodon the Defender & Rampardos the Attacker Constructed Half Decks,,,,,,,Diamond & Pearl Era,,0,database.xlsx
Pokémon TCG,Japanese,Dialga & Palkia LV.X Constructed Standard Decks,Dialga & Palkia LV.X Constructed Standard Decks,,,,,,,Diamond & Pearl Era,,0,database.xlsx
Pokémon TCG,Japanese,Leaders' Pokémon: Movie Limited Edition,Leaders' Pokémon: Movie Limited Edition,,,,,,,VS Era,,0,database.xlsx
Pokémon TCG,Japanese,Miscellaneous Decks,Miscellaneous Decks,,,,,,,Other,,0,database.xlsx
Pokémon TCG,Japanese,Miscellaneous Promos,Miscellaneous Promos,MP,,,,,,Other,,0,database.xlsx
Pokémon TCG,Japanese,Moonlit Pursuit & Dawn Dash,Moonlit Pursuit & Dawn Dash,DP4,,,,,,Other,,0,database.xlsx
Pokémon TCG,Japanese,Scarlet & Violet Promos,Scarlet & Violet Promos,SVP,,,,,,Scarlet & Violet Era,,0,database.xlsx
Pokémon TCG,Japanese,Sun & Moon Promos,Sun & Moon Promos,SMP,,,,,,Sun & Moon Era,,0,database.xlsx
Pokémon TCG,Japanese,Sword & Shield Promos,Sword & Shield Promos,SP,,,,,,Sword & Shield Era,,0,database.xlsx
Pokémon TCG,Japanese,Tropical Mega Battle,Tropical Mega Battle,,,,,,,Other,,0,database.xlsx
Pokémon TCG,Japanese,XY Promos,XY Promos,XYP,,,,,,XY Era,,0,database.xlsx
Pokémon TCG,Korean,문 컬렉션,,SM1M,,,,2016,2016-12-09,썬&문,60,0,tcgdex
Pokémon TCG,Korean,썬 컬렉션,,SM1S,,,,2016,2016-12-09,썬&문,60,0,tcgdex
Pokémon TCG,Korean,알로라의 달빛,,SM2L,,,,2017,2017-03-17,썬&문,50,0,tcgdex
Pokémon TCG,Korean,알로라의 햇빛,,SM2K,,,,2017,2017-03-17,썬&문,50,0,tcgdex
Pokémon TCG,Korean,빛을 삼킨 어둠,,SM3N,,,,2017,2017-06-16,썬&문,51,0,tcgdex
Pokémon TCG,Korean,어둠을 밝힌 무지개,,SM3H,,,,2017,2017-06-16,썬&문,51,0,tcgdex
Pokémon TCG,Korean,각성의 용사,,SM4S,,,,2017,2017-09-15,썬&문,50,0,tcgdex
Pokémon TCG,Korean,초차원의 침략자,,SM4A,,,,2017,2017-09-15,썬&문,50,0,tcgdex
Pokémon TCG,Korean,울트라문,,SM5M,,,,2017,2017-12-08,썬&문,66,0,tcgdex
Pokémon TCG,Korean,울트라썬,,SM5S,,,,2017,2017-12-08,썬&문,66,0,tcgdex
Pokémon TCG,Korean,금단의 빛,,SM6,,,,2018,2018-03-02,썬&문,94,0,tcgdex
Pokémon TCG,Korean,드래곤스톰,,SM6a,,,,2018,2018-04-06,썬&문,53,0,tcgdex
Pokémon TCG,Korean,챔피언로드,,SM6b,,,,2018,2018-05-30,썬&문,66,0,tcgdex
Pokémon TCG,Korean,창공의 카리스마,,SM7,,,,2018,2018-06-01,썬&문,96,0,tcgdex
Pokémon TCG,Korean,페어리라이즈,,SM7b,,,,2018,2018-08-03,썬&문,50,0,tcgdex
Pokémon TCG,Korean,플라스마 스파크,,SM7a,,,,2018,2018-08-03,썬&문,50,0,tcgdex
Pokémon TCG,Korean,버스트임팩트,,SM8,,,,2018,2018-09-07,썬&문,95,0,tcgdex
Pokémon TCG,Korean,GX 울트라샤이니 ULTIMATE,,SM8b,,,,2018,2018-10-05,썬&문,150,0,tcgdex
Pokémon TCG,Korean,다크오더,,SM8a,,,,2018,2018-10-05,썬&문,52,0,tcgdex
Pokémon TCG,Korean,태그볼트,,SM9,,,,2018,2018-12-07,썬&문,95,0,tcgdex
Pokémon TCG,Korean,나이트유니슨,,SM9a,,,,2019,2019-01-11,썬&문,55,0,tcgdex
Pokémon TCG,Korean,풀메탈월,,SM9b,,,,2019,2019-02-01,썬&문,54,0,tcgdex
Pokémon TCG,Korean,더블블레이즈,,SM10,,,,2019,2019-03-01,썬&문,95,0,tcgdex
Pokémon TCG,Korean,GG엔드,,sn10a,,,,2019,2019-04-05,썬&문,54,0,tcgdex
Pokémon TCG,Korean,명탐정 피카츄,,SMP2,,,,2019,2019-04-26,썬&문,24,0,tcgdex
Pokémon TCG,Korean,스카이레전드,,SM10b,,,,2019,2019-04-26,썬&문,56,0,tcgdex
Pokémon TCG,Korean,미라클트윈,,sn11,,,,2019,2019-05-31,썬&문,94,0,tcgdex
Pokémon TCG,Korean,리믹스바우트,,SM11a,,,,2019,2019-07-05,썬&문,64,0,tcgdex
Pokémon TCG,Korean,드림리그,,SM11b,,,,2019,2019-08-02,썬&문,49,0,tcgdex
Pokémon TCG,Korean,얼터제네시스,,SM12,,,,2019,2019-09-06,썬&문,95,0,tcgdex
Pokémon TCG,Korean,TAG TEAM GX 태그올스타즈,,SM12a,,,,2019,2019-10-04,썬&문,173,0,tcgdex
Pokémon TCG,Korean,소드,,S1W,,,,2019,2019-12-06,검과 방패,60,0,tcgdex
Pokémon TCG,Korean,실드,,S1H,,,,2019,2019-12-06,검과 방패,60,0,tcgdex
Pokémon TCG,Korean,VMAX라이징,,S1a,,,,2020,2020-02-07,검과 방패,70,0,tcgdex
Pokémon TCG,Korean,반역크래시,,S2,,,,2020,2020-03-06,검과 방패,96,0,tcgdex
Pokémon TCG,Korean,폭염워커,,S2a,,,,2020,2020-04-24,검과 방패,70,0,tcgdex
Pokémon TCG,Korean,무한존,,S3,,,,2020,2020-06-05,검과 방패,100,0,tcgdex
Pokémon TCG,Korean,전설의 고동,,S3a,,,,2020,2020-07-10,검과 방패,76,0,tcgdex
Pokémon TCG,Korean,앙천의 볼트태클,,S4,,,,2020,2020-09-18,검과 방패,100,0,tcgdex
Pokémon TCG,Korean,샤이니스타V,,S4a,,,,2020,2020-11-20,검과 방패,190,0,tcgdex
Pokémon TCG,Korean,연격마스터,,S5R,,,,2021,2021-01-22,검과 방패,70,0,tcgdex
Pokémon TCG,Korean,일격마스터,,S5I,,,,2021,2021-01-22,검과 방패,70,0,tcgdex
Pokémon TCG,Korean,쌍벽의 파이터,,S5a,,,,2021,2021-03-19,검과 방패,70,0,tcgdex
Pokémon TCG,Korean,백은의 랜스,,S6H,,,,2021,2021-04-23,검과 방패,70,0,tcgdex
Pokémon TCG,Korean,칠흑의 가이스트,,S6K,,,,2021,2021-04-23,검과 방패,70,0,tcgdex
Pokémon TCG,Korean,이브이 히어로즈,,S6a,,,,2021,2021-05-28,검과 방패,69,0,tcgdex
Pokémon TCG,Korean,마천퍼펙트,,S7D,,,,2021,2021-07-09,검과 방패,67,0,tcgdex
Pokémon TCG,Korean,창공의스트림,,S7R,,,,2021,2021-07-09,검과 방패,67,0,tcgdex
Pokémon TCG,Korean,퓨전아츠,,S8,,,,2021,2021-09-24,검과 방패,100,0,tcgdex
Pokémon TCG,Korean,25th Anniversary,,S8a,,,,2021,2021-10-22,검과 방패,28,0,tcgdex
Pokémon TCG,Korean,VMAX 클라이맥스,,S8b,,,,2021,2021-12-03,검과 방패,184,0,tcgdex
Pokémon TCG,Korean,스타버스,,S9,,,,2022,2022-01-14,검과 방패,100,0,tcgdex
Pokémon TCG,Korean,배틀리전,,S9a,,,,2022,2022-02-25,검과 방패,67,0,tcgdex
Pokémon TCG,Korean,스페이스저글러,,S10P,,,,2022,2022-04-08,검과 방패,67,0,tcgdex
Pokémon TCG,Korean,타임게이저,,S10D,,,,2022,2022-04-08,검과 방패,67,0,tcgdex
Pokémon TCG,Korean,다크판타스마,,S10a,,,,2022,2022-05-13,검과 방패,71,0,tcgdex
Pokémon TCG,Korean,Pokémon GO,,S10b,,,,2022,2022-06-17,검과 방패,71,0,tcgdex
Pokémon TCG,Korean,트리플렛비트,,S11,,,,2022,2022-07-15,검과 방패,100,0,tcgdex
Pokémon TCG,Korean,백열의 아르카나,,S11a,,,,2022,2022-09-02,검과 방패,68,0,tcgdex
Pokémon TCG,Korean,패러다임트리거,,S12,,,,2022,2022-10-21,검과 방패,98,0,tcgdex
Pokémon TCG,Korean,VSTAR 유니버스,,S12a,,,,2022,2022-12-02,검과 방패,172,0,tcgdex
Pokémon TCG,Korean,바이올렛ex,,SV1V,,,,2023,2023-01-20,스칼렛・바이올렛,78,0,tcgdex
Pokémon TCG,Korean,스칼렛ex,,SV1S,,,,2023,2023-01-20,스칼렛・바이올렛,78,0,tcgdex
Pokémon TCG,Korean,트리플렛비트,,SV1a,,,,2023,2023-03-10,스칼렛・바이올렛,73,0,tcgdex
Pokémon TCG,Korean,스노해저드,,SV2P,,,,2023,2023-04-14,스칼렛・바이올렛,71,0,tcgdex
Pokémon TCG,Korean,클레이버스트,,SV2D,,,,2023,2023-04-14,스칼렛・바이올렛,71,0,tcgdex
Pokémon TCG,Korean,포켓몬 카드 151,,SV2a,,,,2023,2023-06-16,스칼렛・바이올렛,165,0,tcgdex
Pokémon TCG,Korean,흑염의 지배자,,SV3,,,,2023,2023-07-28,스칼렛・바이올렛,108,0,tcgdex
Pokémon TCG,Korean,레이징서프,,SV3a,,,,2023,2023-09-22,스칼렛・바이올렛,62,0,tcgdex
Pokémon TCG,Korean,고대의 포효,,SV4K,,,,2023,2023-10-27,스칼렛・바이올렛,66,95,tcgdex
Pokémon TCG,Korean,미래의 일섬,,SV4M,,,,2023,2023-10-27,스칼렛・바이올렛,66,95,tcgdex
Pokémon TCG,Korean,샤이니트레저 ex,,SV4a,,,,2023,2023-12-01,스칼렛・바이올렛,190,0,tcgdex
Pokémon TCG,Korean,사이버저지,,SV5M,,,,2024,2024-01-26,스칼렛・바이올렛,71,0,tcgdex
Pokémon TCG,Korean,와일드포스,,SV5K,,,,2024,2024-01-26,스칼렛・바이올렛,71,49,tcgdex
Pokémon TCG,Korean,트리플렛비트,,CS1.5,,,,2024,2024-04-26,검과 방패,101,0,tcgdex
Pokémon TCG,Korean,트리플렛비트,,CS1a,,,,2024,2024-04-26,검과 방패,101,0,tcgdex
Pokémon TCG,Korean,트리플렛비트,,CS1b,,,,2024,2024-04-26,검과 방패,101,0,tcgdex
Pokémon TCG,Korean,트리플렛비트,,CS2.5,,,,2024,2024-04-26,검과 방패,101,0,tcgdex
Pokémon TCG,Korean,트리플렛비트,,CS2a,,,,2024,2024-04-26,검과 방패,101,0,tcgdex
Pokémon TCG,Korean,트리플렛비트,,CS2b,,,,2024,2024-04-26,검과 방패,101,0,tcgdex
Pokémon TCG,Korean,트리플렛비트,,CS3.5,,,,2024,2024-04-26,검과 방패,101,0,tcgdex
Pokémon TCG,Korean,트리플렛비트,,CS3D,,,,2024,2024-04-26,검과 방패,101,0,tcgdex
Pokémon TCG,Korean,트리플렛비트,,CS3a,,,,2024,2024-04-26,검과 방패,101,0,tcgdex
Pokémon TCG,Korean,트리플렛비트,,CS3b,,,,2024,2024-04-26,검과 방패,101,0,tcgdex
Pokémon TCG,Korean,트리플렛비트,,CS4,,,,2024,2024-04-26,검과 방패,101,0,tcgdex
Pokémon TCG,Korean,트리플렛비트,,CS4Da,,,,2024,2024-04-26,검과 방패,101,0,tcgdex
Pokémon TCG,Korean,트리플렛비트,,CS4a,,,,2024,2024-04-26,검과 방패,101,0,tcgdex
Pokémon TCG,Korean,트리플렛비트,,CS4b,,,,2024,2024-04-26,검과 방패,101,0,tcgdex
Pokémon TCG,Korean,트리플렛비트,,CSA,,,,2024,2024-04-26,검과 방패,101,0,tcgdex
Pokémon TCG,Korean,크림슨헤이즈,,SV5a,,,,2024,2024-05-24,스칼렛・바이올렛,66,0,tcgdex
Pokémon TCG,Korean,변환의 가면,,SV6,,,,2024,2024-06-21,스칼렛・바이올렛,101,0,tcgdex
Pokémon TCG,Dutch,Basis Set,,BS,,,,1999,1999-01-09,Basis,102,0,tcgdex
Pokémon TCG,Dutch,Jungle,,JU,,,,1999,1999-06-16,Basis,64,0,tcgdex
Pokémon TCG,Dutch,Fossiel,,FO,,,,1999,1999-10-10,Basis,62,0,tcgdex
Pokémon TCG,Polish,Diament i Perla,,DP,,,,2007,2007-05-01,Diament i Perla,130,0,tcgdex
Pokémon TCG,Polish,Tajemne Skarby,,MT,,,,2007,2007-08-01,Diament i Perla,123,0,tcgdex
Pokémon TCG,Portuguese,Coleção Básica,,BS,,,,1999,1999-01-09,Coleção Básica,102,0,tcgdex
Pokémon TCG,Portuguese,Selva,,JU,,,,1999,1999-06-16,Coleção Básica,64,0,tcgdex
Pokémon TCG,Portuguese,Fóssil,,FO,,,,1999,1999-10-10,Coleção Básica,62,0,tcgdex
Pokémon TCG,Portuguese,EX Rubi e Safira,,RS,,,,2003,2003-07-01,EX,109,0,tcgdex
Pokémon TCG,Portuguese,EX O Retorno da Equipe Rocket,,TR,,,,2004,2004-11-01,EX,109,0,tcgdex
Pokémon TCG,Portuguese,EX Deoxys,,DX,,,,2005,2005-02-01,EX,107,0,tcgdex
Pokémon TCG,Portuguese,EX Esmeralda,,EM,,,,2005,2005-05-09,EX,106,0,tcgdex
Pokémon TCG,Portuguese,EX Forças Ocultas,,UF,,,,2005,2005-08-22,EX,115,0,tcgdex
Pokémon TCG,Portuguese,Diamante & Pérola,,DP,,,,2007,2007-05-01,Diamante & Pérola,130,0,tcgdex
Pokémon TCG,Portuguese,Tesouros Misteriosos,,MT,,,,2007,2007-08-01,Diamante & Pérola,123,0,tcgdex
Pokémon TCG,Portuguese,Maravilhas Secretas,,SW,,,,2007,2007-11-01,Diamante & Pérola,132,0,tcgdex
Pokémon TCG,Portuguese,HeartGold SoulSilver,,HS,,,,2010,2010-02-10,HeartGold SoulSilver,123,0,tcgdex
Pokémon TCG,Portuguese,Revelado,,UL,,,,2010,2010-05-12,HeartGold SoulSilver,95,0,tcgdex
Pokémon TCG,Portuguese,Destemido,,UND,,,,2010,2010-08-18,HeartGold SoulSilver,90,0,tcgdex
Pokémon TCG,Portuguese,Triunfante,,TRI,,,,2010,2010-11-03,HeartGold SoulSilver,102,0,tcgdex
Pokémon TCG,Portuguese,Chamado das Lendas,,COL,,,,2011,2011-02-09,Chamado das Lendas,95,0,tcgdex
Pokémon TCG,Portuguese,Black & White,,BLW,,,,2011,2011-04-25,Black & White,114,115,tcgdex
Pokémon TCG,Portuguese,Poderes Emergentes,,EP,,,,2011,2011-08-31,Black & White,98,98,tcgdex
Pokémon TCG,Portuguese,Vitórias Nobres,,NVI,,,,2011,2011-11-16,Black & White,101,102,tcgdex
Pokémon TCG,Portuguese,Próximos Destinos,,NXD,,,,2012,2012-02-08,Black & White,99,103,tcgdex
Pokémon TCG,Portuguese,Exploradores da Escuridão,,DEX,,,,2012,2012-05-09,Black & White,108,111,tcgdex
Pokémon TCG,Portuguese,Dragões Enaltecidos,,DRX,,,,2012,2012-08-15,Black & White,124,128,tcgdex
Pokémon TCG,Portuguese,Cofre do Dragão,,DRV,,,,2012,2012-10-05,Black & White,20,0,tcgdex
Pokémon TCG,Portuguese,Fronteiras Cruzadas,,BCR,,,,2012,2012-11-07,Black & White,149,153,tcgdex
Pokémon TCG,Portuguese,Tempestade de Plasma,,PLS,,,,2013,2013-02-06,Black & White,135,138,tcgdex
Pokémon TCG,Portuguese,Congelamento de Plasma,,PLF,,,,2013,2013-05-08,Black & White,116,122,tcgdex
Pokémon TCG,Portuguese,Explosão de Plasma,,PLB,,,,2013,2013-08-14,Black & White,101,105,tcgdex
Pokémon TCG,Portuguese,Tesouros Lendários,,LTR,,,,2013,2013-11-06,Black & White,113,0,tcgdex
Pokémon TCG,Portuguese,Conjunto para Iniciantes Kalos,,KSS,,,,2013,2013-11-08,XY,39,39,tcgdex
Pokémon TCG,Portuguese,XY,,XY,,,,2014,2014-02-05,XY,146,146,tcgdex
Pokémon TCG,Portuguese,Flash de Fogo,,FLF,,,,2014,2014-05-07,XY,106,109,tcgdex
Pokémon TCG,Portuguese,Punhos Furiosos,,FFI,,,,2014,2014-08-13,XY,111,113,tcgdex
Pokémon TCG,Portuguese,Força Fantasma,,PHF,,,,2014,2014-11-05,XY,119,122,tcgdex
Pokémon TCG,Portuguese,Conflito Primitivo,,PRC,,,,2015,2015-02-04,XY,160,164,tcgdex
Pokémon TCG,Portuguese,Crise Dupla,,DCR,,,,2015,2015-03-25,XY,34,34,tcgdex
Pokémon TCG,Portuguese,Céus Estrondosos,,ROS,,,,2015,2015-05-06,XY,108,110,tcgdex
Pokémon TCG,Portuguese,Origens Ancestrais,,AOR,,,,2015,2015-08-12,XY,98,100,tcgdex
Pokémon TCG,Portuguese,Turbo Revolução,,BKT,,,,2015,2015-11-04,XY,162,164,tcgdex
Pokémon TCG,Portuguese,Turbo Colisão,,BKP,,,,2016,2016-02-03,XY,122,123,tcgdex
Pokémon TCG,Portuguese,Gerações,,GEN,,,,2016,2016-02-22,XY,83,0,tcgdex
Pokémon TCG,Portuguese,Fusão de Destinos,,FCO,,,,2016,2016-05-02,XY,124,125,tcgdex
Pokémon TCG,Portuguese,Cerco de Vapor,,STS,,,,2016,2016-08-03,XY,114,116,tcgdex
Pokémon TCG,Portuguese,Evoluções,,EVO,,,,2016,2016-11-02,XY,108,113,tcgdex
Pokémon TCG,Portuguese,Sol e Lua,,SUM,,,,2017,2017-02-03,Sol e Lua,149,163,tcgdex
Pokémon TCG,Portuguese,Sol e Lua Promos,,SMP,,,,2017,2017-02-03,Sol e Lua,248,240,tcgdex
Pokémon TCG,Portuguese,Guardiões Ascendentes,,GRI,,,,2017,2017-05-05,Sol e Lua,145,169,tcgdex
Pokémon TCG,Portuguese,Sombras Ardentes,,BUS,,,,2017,2017-08-04,Sol e Lua,147,169,tcgdex
Pokémon TCG,Portuguese,Lendas Luminescentes,,SLG,,,,2017,2017-10-06,Sol e Lua,73,78,tcgdex
Pokémon TCG,Portuguese,Invasão Carmim,,CIN,,,,2017,2017-11-03,Sol e Lua,111,124,tcgdex
Pokémon TCG,Portuguese,Ultra Prisma,,UPR,,,,2018,2018-02-02,Sol e Lua,156,173,tcgdex
Pokémon TCG,Portuguese,Luz Proibida,,FLI,,,,2018,2018-05-04,Sol e Lua,131,146,tcgdex
Pokémon TCG,Portuguese,Tempestade Celestial,,CES,,,,2018,2018-08-03,Sol e Lua,168,183,tcgdex
Pokémon TCG,Portuguese,Dragões Soberanos,,DRM,,,,2018,2018-09-07,Sol e Lua,70,78,tcgdex
Pokémon TCG,Portuguese,Trovões Perdidos,,LOT,,,,2018,2018-11-02,Sol e Lua,214,236,tcgdex
Pokémon TCG,Portuguese,União de Aliados,,TEU,,,,2019,2019-01-31,Sol e Lua,181,196,tcgdex
Pokémon TCG,Portuguese,Detetive Pikachu,,DET,,,,2019,2019-03-29,Sol e Lua,18,18,tcgdex
Pokémon TCG,Portuguese,Elos Inquebráveis,,UNB,,,,2019,2019-05-03,Sol e Lua,214,234,tcgdex
Pokémon TCG,Portuguese,Sintonia Mental,,UNM,,,,2019,2019-08-02,Sol e Lua,236,258,tcgdex
Pokémon TCG,Portuguese,Destinos Ocultos,,HIF,,,,2019,2019-08-23,Sol e Lua,68,0,tcgdex
Pokémon TCG,Portuguese,Destinos Ocultos Cofre Brilhante,,sma,,,,2019,2019-08-23,Sol e Lua,94,0,tcgdex
Pokémon TCG,Portuguese,Eclipse Cósmico,,CEC,,,,2019,2019-11-01,Sol e Lua,236,271,tcgdex
Pokémon TCG,Portuguese,ESES Promos,,swshp,,,,2019,2019-11-15,Espada e Escudo,307,300,tcgdex
Pokémon TCG,Portuguese,Espada e Escudo,,SSH,,,,2020,2020-02-07,Espada e Escudo,202,216,tcgdex
Pokémon TCG,Portuguese,Rixa Rebelde,,RCL,,,,2020,2020-05-01,Espada e Escudo,192,209,tcgdex
Pokémon TCG,Portuguese,Escuridão Incandescente,,DAA,,,,2020,2020-08-14,Espada e Escudo,189,201,tcgdex
Pokémon TCG,Portuguese,Caminho do Campeão,,CPA,,,,2020,2020-09-25,Espada e Escudo,73,80,tcgdex
Pokémon TCG,Portuguese,Voltagem Vívida,,VIV,,,,2020,2020-11-13,Espada e Escudo,185,203,tcgdex
Pokémon TCG,Portuguese,Destinos Brilhantes,,SHF,,,,2021,2021-02-19,Espada e Escudo,72,73,tcgdex
Pokémon TCG,Portuguese,Destinos Brilhantes Cofre Brilhante,,SHF:SV,,,,2021,2021-02-19,Espada e Escudo,122,122,tcgdex
Pokémon TCG,Portuguese,Estilos de Batalha,,BST,,,,2021,2021-03-19,Espada e Escudo,163,183,tcgdex
Pokémon TCG,Portuguese,Reinado Arrepiante,,CRE,,,,2021,2021-06-18,Espada e Escudo,198,233,tcgdex
Pokémon TCG,Portuguese,Céus em Evolução,,EVS,,,,2021,2021-08-27,Espada e Escudo,203,237,tcgdex
Pokémon TCG,Portuguese,Celebrações,,CEL,,,,2021,2021-10-08,Espada e Escudo,25,25,tcgdex
Pokémon TCG,Portuguese,Celebrações Coleção Clássica,,CEL:CC,,,,2021,2021-10-08,Espada e Escudo,25,0,tcgdex
Pokémon TCG,Portuguese,Golpe Fusão,,FST,,,,2021,2021-11-12,Espada e Escudo,264,284,tcgdex
Pokémon TCG,Portuguese,Astros Cintilantes,,BRS,,,,2022,2022-02-25,Espada e Escudo,172,186,tcgdex
Pokémon TCG,Portuguese,Astros Cintilantes Galeria de Treinador,,BRS:TG,,,,2022,2022-02-25,Espada e Escudo,30,30,tcgdex
Pokémon TCG,Portuguese,Estrelas Radiantes,,ASR,,,,2022,2022-05-27,Espada e Escudo,189,216,tcgdex
Pokémon TCG,Portuguese,Estrelas Radiantes Galeria de Treinador,,ASR:TG,,,,2022,2022-05-27,Espada e Escudo,30,30,tcgdex
Pokémon TCG,Portuguese,Pokémon GO,,PGO,,,,2022,2022-07-01,Espada e Escudo,78,88,tcgdex
Pokémon TCG,Portuguese,Origem Perdida,,LOR,,,,2022,2022-09-09,Espada e Escudo,196,217,tcgdex
Pokémon TCG,Portuguese,Origem Perdida Galeria de Treinador,,LOR:TG,,,,2022,2022-09-09,Espada e Escudo,30,30,tcgdex
Pokémon TCG,Portuguese,Tempestade Prateada,,SIT,,,,2022,2022-11-11,Espada e Escudo,195,215,tcgdex
Pokémon TCG,Portuguese,Tempestade Prateada Galeria de Treinador,,SIT:TG,,,,2022,2022-11-11,Espada e Escudo,30,30,tcgdex
Pokémon TCG,Portuguese,Realeza Absoluta,,CRZ,,,,2023,2023-01-20,Espada e Escudo,159,160,tcgdex
Pokémon TCG,Portuguese,Realeza Absoluta Galeria de Galar,,CRZ:GG,,,,2023,2023-01-20,Espada e Escudo,70,70,tcgdex
Pokémon TCG,Portuguese,Escarlate e Violeta,,SVI,,,,2023,2023-03-31,Escarlate e Violeta,198,258,tcgdex
Pokémon TCG,Portuguese,Escarlate e Violeta Energia,,SVE,,,,2023,2023-03-31,Escarlate e Violeta,24,24,tcgdex
Pokémon TCG,Portuguese,SVP Black Star Promos,,SVP,,,,2023,2023-03-31,Escarlate e Violeta,225,218,tcgdex
Pokémon TCG,Portuguese,Evoluções em Paldea,,PAL,,,,2023,2023-06-09,Escarlate e Violeta,193,279,tcgdex
Pokémon TCG,Portuguese,Obsidiana em Chamas,,OBF,,,,2023,2023-08-11,Escarlate e Violeta,197,230,tcgdex
Pokémon TCG,Portuguese,151,,MEW,,,,2023,2023-09-22,Escarlate e Violeta,165,207,tcgdex
Pokémon TCG,Portuguese,Fenda Paradoxal,,PAR,,,,2023,2023-11-03,Escarlate e Violeta,182,266,tcgdex
Pokémon TCG,Portuguese,Destinos de Paldea,,PAF,,,,2024,2024-01-26,Escarlate e Violeta,91,245,tcgdex
Pokémon TCG,Portuguese,Forças Temporais,,TEF,,,,2024,2024-03-22,Escarlate e Violeta,162,218,tcgdex
Pokémon TCG,Portuguese,Máscaras do Crepúsculo,,TWM,,,,2024,2024-05-24,Escarlate e Violeta,167,226,tcgdex
Pokémon TCG,Portuguese,Fábulas Nebulosas,,SFA,,,,2024,2024-08-02,Escarlate e Violeta,64,99,tcgdex
Pokémon TCG,Portuguese,Coroa Estelar,,SCR,,,,2024,2024-09-13,Escarlate e Violeta,142,175,tcgdex
Pokémon TCG,Portuguese,Dominação Genética,,A1,,,,2024,2024-10-30,Pokémon Estampas Ilustradas Pocket,226,0,tcgdex
Pokémon TCG,Portuguese,Promo-A,,P-A,,,,2024,2024-10-30,Pokémon Estampas Ilustradas Pocket,0,0,tcgdex
Pokémon TCG,Portuguese,Fagulhas Impetuosas,,SSP,,,,2024,2024-11-08,Escarlate e Violeta,191,252,tcgdex
Pokémon TCG,Portuguese,Ilha Mítica,,A1a,,,,2024,2024-12-17,Pokémon Estampas Ilustradas Pocket,68,0,tcgdex
Pokémon TCG,Portuguese,Evoluções Prismáticas,,PRE,,,,2025,2025-01-17,Escarlate e Violeta,131,180,tcgdex
Pokémon TCG,Portuguese,Embate do Tempo e Espaço,,A2,,,,2025,2025-01-30,Pokémon Estampas Ilustradas Pocket,140,0,tcgdex
Pokémon TCG,Portuguese,Luz Triunfante,,A2a,,,,2025,2025-02-28,Pokémon Estampas Ilustradas Pocket,75,0,tcgdex
Pokémon TCG,Portuguese,Festival Brilhante,,A2b,,,,2025,2025-03-27,Pokémon Estampas Ilustradas Pocket,72,0,tcgdex
Pokémon TCG,Portuguese,Amigos de Jornada,,JTG,,,,2025,2025-03-28,Escarlate e Violeta,159,190,tcgdex
Pokémon TCG,Portuguese,Guardiões Celestiais,,A3,,,,2025,2025-04-30,Pokémon Estampas Ilustradas Pocket,155,0,tcgdex
Pokémon TCG,Portuguese,Rivais Predestinados,,DRI,,,,2025,2025-05-30,Escarlate e Violeta,182,244,tcgdex
Pokémon TCG,Portuguese,Fogo Branco,,WHT,,,,2025,2025-07-17,Escarlate e Violeta,86,173,tcgdex
Pokémon TCG,Portuguese,Raio Preto,,BLK,,,,2025,2025-07-17,Escarlate e Violeta,86,172,tcgdex
Pokémon TCG,Portuguese,Nascentes Reclusas,,A4a,,,,2025,2025-08-28,Pokémon Estampas Ilustradas Pocket,71,0,tcgdex
Pokémon TCG,Portuguese,Megaevolução Energia,,MEE,,,,2025,2025-09-25,Megaevolução,8,8,tcgdex
Pokémon TCG,Portuguese,MEP Black Star Promos,,MEP,,,,2025,2025-09-26,Megaevolução,0,60,tcgdex
Pokémon TCG,Portuguese,Megaevolução,,MEG,,,,2025,2025-09-26,Megaevolução,132,188,tcgdex
Pokémon TCG,Portuguese,Fogo Fantasmagórico,,PFL,,,,2025,2025-11-14,Megaevolução,94,130,tcgdex
Pokémon TCG,Portuguese,Chama Carmesim,,B1a,,,,2025,2025-12-17,Pokémon Estampas Ilustradas Pocket,69,0,tcgdex
Pokémon TCG,Portuguese,Desfile Onírico,,B2,,,,2026,2026-01-29,Pokémon Estampas Ilustradas Pocket,155,0,tcgdex
Pokémon TCG,Portuguese,Heróis Excelsos,,ASC,,,,2026,2026-01-30,Megaevolução,217,295,tcgdex
Pokémon TCG,Portuguese,Paldean Wonders,,B2a,,,,2026,2026-02-26,Pokémon Estampas Ilustradas Pocket,93,0,tcgdex
Pokémon TCG,Portuguese,Equilíbrio Perfeito,,POR,,,,2026,2026-03-27,Megaevolução,88,124,tcgdex
Pokémon TCG,Portuguese,Caos Ascendente,,CRI,,,,2026,2026-05-22,Megaevolução,86,122,tcgdex
Pokémon TCG,Portuguese,Escuridão Absoluta,,PBL,,,,2026,2026-07-17,Megaevolução,84,120,tcgdex
Pokémon TCG,Portuguese (Brazil),Dominação Genética,,A1,,,,2024,2024-10-30,Pokémon Estampas Ilustradas Pocket,226,286,tcgdex
Pokémon TCG,Portuguese (Brazil),Promo-A,,P-A,,,,2024,2024-10-30,Pokémon Estampas Ilustradas Pocket,0,73,tcgdex
Pokémon TCG,Portuguese (Brazil),Ilha Mítica,,A1a,,,,2024,2024-12-17,Pokémon Estampas Ilustradas Pocket,68,86,tcgdex
Pokémon TCG,Portuguese (Brazil),Embate do Tempo e Espaço,,A2,,,,2025,2025-01-30,Pokémon Estampas Ilustradas Pocket,140,207,tcgdex
Pokémon TCG,Portuguese (Brazil),Luz Triunfante,,A2a,,,,2025,2025-02-28,Pokémon Estampas Ilustradas Pocket,75,96,tcgdex
Pokémon TCG,Portuguese (Brazil),Festival Brilhante,,A2b,,,,2025,2025-03-27,Pokémon Estampas Ilustradas Pocket,72,111,tcgdex
Pokémon TCG,Portuguese (Brazil),Guardiões Celestiais,,A3,,,,2025,2025-04-30,Pokémon Estampas Ilustradas Pocket,155,239,tcgdex
Pokémon TCG,Portuguese (Brazil),Nascentes Reclusas,,A4a,,,,2025,2025-08-28,Pokémon Estampas Ilustradas Pocket,71,0,tcgdex
Pokémon TCG,Portuguese (Brazil),Chama Carmesim,,B1a,,,,2025,2025-12-17,Pokémon Estampas Ilustradas Pocket,69,0,tcgdex
Pokémon TCG,Portuguese (Brazil),Desfile Onírico,,B2,,,,2026,2026-01-29,Pokémon Estampas Ilustradas Pocket,155,0,tcgdex
Pokémon TCG,Portuguese (Brazil),Paldean Wonders,,B2a,,,,2026,2026-02-26,Pokémon Estampas Ilustradas Pocket,93,26,tcgdex
Pokémon TCG,Russian,Стартовый Набор Калоса,,KSS,,,,2013,2013-11-08,XY,39,0,tcgdex
Pokémon TCG,Russian,XY,,XY,,,,2014,2014-02-05,XY,146,0,tcgdex
Pokémon TCG,Russian,Огненная Вспышка,,FLF,,,,2014,2014-05-07,XY,106,0,tcgdex
Pokémon TCG,Russian,Яростный Кулак,,FFI,,,,2014,2014-08-13,XY,111,0,tcgdex
Pokémon TCG,Russian,Призрачные Силы,,PHF,,,,2014,2014-11-05,XY,119,0,tcgdex
Pokémon TCG,Russian,Первобытная Дуэль,,PRC,,,,2015,2015-02-04,XY,160,0,tcgdex
Pokémon TCG,Russian,Грохочущие Небеса,,ROS,,,,2015,2015-05-06,XY,108,0,tcgdex
Pokémon TCG,Russian,Древние Истоки,,AOR,,,,2015,2015-08-12,XY,98,0,tcgdex
Pokémon TCG,Russian,Турбо Импульс,,BKT,,,,2015,2015-11-04,XY,162,0,tcgdex
Pokémon TCG,Thai,ซอร์ด แอนด์ ชีลด์,,SC1D,,,,2020,2020-09-08,ซอร์ด แอนด์ ชีลด์,164,0,tcgdex
Pokémon TCG,Thai,ซอร์ด แอนด์ ชีลด์ ชุด A,,SC1a,,,,2020,2020-09-08,ซอร์ด แอนด์ ชีลด์,154,0,tcgdex
Pokémon TCG,Thai,ซอร์ด แอนด์ ชีลด์ ชุด B,,SC1b,,,,2020,2020-09-08,ซอร์ด แอนด์ ชีลด์,153,0,tcgdex
Pokémon TCG,Thai,V Starter Deck บัดดี้,,SCA,,,,2021,2021-01-29,ซอร์ด แอนด์ ชีลด์,135,0,tcgdex
Pokémon TCG,Thai,ชนี VMAX คอลเลกชัน ชุด A,,SC3a,,,,2021,2021-01-29,ซอร์ด แอนด์ ชีลด์,159,0,tcgdex
Pokémon TCG,Thai,ชนี VMAX คอลเลกชัน ชุด B,,SC3b,,,,2021,2021-01-29,ซอร์ด แอนด์ ชีลด์,158,0,tcgdex
Pokémon TCG,Thai,ชาเลนจ์,,SCB,,,,2021,2021-03-26,ซอร์ด แอนด์ ชีลด์,156,0,tcgdex
Pokémon TCG,Thai,มาสเตอร์จู่โจมครั้งเดียว,,S5I,,,,2021,2021-03-26,ซอร์ด แอนด์ ชีลด์,70,68,tcgdex
Pokémon TCG,Thai,มาสเตอร์จู่โจมต่อเนื่อง,,S5R,,,,2021,2021-03-26,ซอร์ด แอนด์ ชีลด์,70,59,tcgdex
Pokémon TCG,Thai,สองยอดนักสู้,,S5a,,,,2021,2021-04-30,ซอร์ด แอนด์ ชีลด์,70,70,tcgdex
Pokémon TCG,Thai,ภูตทมิฬ,,S6K,,,,2021,2021-05-28,ซอร์ด แอนด์ ชีลด์,70,0,tcgdex
Pokémon TCG,Thai,หอกหิมะขาว,,S6H,,,,2021,2021-05-28,ซอร์ด แอนด์ ชีลด์,70,0,tcgdex
Pokémon TCG,Thai,อีวุยฮีโร,,S6a,,,,2021,2021-06-25,ซอร์ด แอนด์ ชีลด์,69,0,tcgdex
Pokémon TCG,Thai,อีโวลู,,SCC,,,,2021,2021-07-30,ซอร์ด แอนด์ ชีลด์,172,0,tcgdex
Pokémon TCG,Thai,สายน้ำแห่งนภา,,S7R,,,,2021,2021-08-27,ซอร์ด แอนด์ ชีลด์,67,0,tcgdex
Pokémon TCG,Thai,เพอร์เฟคระฟ้า,,S7D,,,,2021,2021-08-27,ซอร์ด แอนด์ ชีลด์,67,0,tcgdex
Pokémon TCG,Thai,คอลเลกชันฉลองครบรอบ 25 ปี,,S8a,,,,2021,2021-10-29,ซอร์ด แอนด์ ชีลด์,28,0,tcgdex
Pokémon TCG,Thai,ฟิวชันอาร์ต,,S8,,,,2021,2021-11-26,ซอร์ด แอนด์ ชีลด์,100,0,tcgdex
Pokémon TCG,Thai,โปเกมอนเทรดดิ้งการ์ดเกม ชุดแฟมิลีแฮปปี้,,SH,,,,2021,2021-11-26,ซอร์ด แอนด์ ชีลด์,38,0,tcgdex
Pokémon TCG,Thai,VMAX ไคลแมกซ์,,S8b,,,,2021,2021-12-17,ซอร์ด แอนด์ ชีลด์,184,0,tcgdex
Pokémon TCG,Thai,Starter Deck เกรทพาวเวอร์,,SCD,,,,2022,2022-01-28,ซอร์ด แอนด์ ชีลด์,159,0,tcgdex
Pokémon TCG,Thai,เกรทพาวเวอร์,,SCE,,,,2022,2022-01-28,ซอร์ด แอนด์ ชีลด์,173,0,tcgdex
Pokémon TCG,Thai,สตาร์เบิร์ท,,S9,,,,2022,2022-02-25,ซอร์ด แอนด์ ชีลด์,100,0,tcgdex
Pokémon TCG,Thai,พสุธามหายุทธ,,S9a,,,,2022,2022-04-29,ซอร์ด แอนด์ ชีลด์,67,0,tcgdex
Pokémon TCG,Thai,การ์ดโปรโม ซอร์ด แอนด์ ชีลด์,,S-P,,,,2022,2022-05-11,ซอร์ด แอนด์ ชีลด์,0,0,tcgdex
Pokémon TCG,Thai,จอมมายาผ่ามิติ,,S10P,,,,2022,2022-05-27,ซอร์ด แอนด์ ชีลด์,67,0,tcgdex
Pokémon TCG,Thai,เจ้าแห่งกาลเวลา,,S10D,,,,2022,2022-05-27,ซอร์ด แอนด์ ชีลด์,67,0,tcgdex
Pokémon TCG,Thai,Pokémon GO,,S10b,,,,2022,2022-06-24,ซอร์ด แอนด์ ชีลด์,71,0,tcgdex
Pokémon TCG,Thai,อันธการลวงตา,,S10a,,,,2022,2022-07-29,ซอร์ด แอนด์ ชีลด์,71,8,tcgdex
Pokémon TCG,Thai,ทริปเปิลบีต,,S11,,,,2022,2022-08-26,ซอร์ด แอนด์ ชีลด์,100,0,tcgdex
Pokémon TCG,Thai,อาร์คานาแห่งประกายแสง,,S11a,,,,2022,2022-09-30,ซอร์ด แอนด์ ชีลด์,68,0,tcgdex
Pokémon TCG,Thai,เปลี่ยนผ่าน,,SCF,,,,2022,2022-11-11,ซอร์ด แอนด์ ชีลด์,176,0,tcgdex
Pokémon TCG,Thai,ปฐมบทแห่งยุคใหม่,,S12,,,,2022,2022-11-25,ซอร์ด แอนด์ ชีลด์,98,98,tcgdex
Pokémon TCG,Thai,จักรวาลแห่งVSTAR,,S12a,,,,2022,2022-12-23,ซอร์ด แอนด์ ชีลด์,172,172,tcgdex
Pokémon TCG,Thai,การ์ดโปรโม สการ์เล็ต แอนด์ ไวโอเล็ต,,SV-P,,,,2023,2023-02-24,สการ์เล็ต&ไวโอเล็ต,0,1,tcgdex
Pokémon TCG,Thai,สการ์เล็ต ex,,SV1S,,,,2023,2023-02-24,สการ์เล็ต&ไวโอเล็ต,78,78,tcgdex
Pokémon TCG,Thai,ไวโอเล็ต ex,,SV1V,,,,2023,2023-02-24,สการ์เล็ต&ไวโอเล็ต,78,78,tcgdex
Pokémon TCG,Thai,ทริปเปิลบีต,,SV1a,,,,2023,2023-04-28,สการ์เล็ต&ไวโอเล็ต,73,73,tcgdex
Pokémon TCG,Thai,สโนว์ฮาซาร์ด,,SV2P,,,,2023,2023-06-30,สการ์เล็ต&ไวโอเล็ต,71,71,tcgdex
Pokémon TCG,Thai,เคลย์เบิสต์,,SV2D,,,,2023,2023-06-30,สการ์เล็ต&ไวโอเล็ต,71,71,tcgdex
Pokémon TCG,Thai,โปเกมอนการ์ด 151,,SV2a,,,,2023,2023-07-28,สการ์เล็ต&ไวโอเล็ต,165,207,tcgdex
Pokémon TCG,Thai,ราชาแห่งเพลิงกาฬ,,SV3,,,,2023,2023-09-29,สการ์เล็ต&ไวโอเล็ต,108,138,tcgdex
Pokémon TCG,Thai,คลื่นพิโรธ,,SV3a,,,,2023,2023-10-27,สการ์เล็ต&ไวโอเล็ต,62,89,tcgdex
Pokémon TCG,Thai,ประกายแสงจากอนาคต,,SV4M,,,,2023,2023-10-27,สการ์เล็ต&ไวโอเล็ต,66,92,tcgdex
Pokémon TCG,Thai,เสียงคำรามจากอดีต,,SV4K,,,,2023,2023-10-27,สการ์เล็ต&ไวโอเล็ต,66,92,tcgdex
Pokémon TCG,Thai,ex คอมแพกต์เด็ค,,SVDs,,,,2023,2023-11-10,สการ์เล็ต&ไวโอเล็ต,163,171,tcgdex
Pokémon TCG,Thai,ไชนีเทรเชอร์ex,,SV4a,,,,2024,2024-01-26,สการ์เล็ต&ไวโอเล็ต,190,150,tcgdex
Pokémon TCG,Thai,ตุลาการไซเบอร์,,SV5M,,,,2024,2024-02-23,สการ์เล็ต&ไวโอเล็ต,71,97,tcgdex
Pokémon TCG,Thai,อำนาจอนารยะ,,SV5K,,,,2024,2024-02-23,สการ์เล็ต&ไวโอเล็ต,71,46,tcgdex
Pokémon TCG,Thai,มิไรดอนex อนาคต,,SVHM,,,,2024,2024-03-29,สการ์เล็ต&ไวโอเล็ต,22,24,tcgdex
Pokémon TCG,Thai,โคไรดอนex โบราณ,,SVHK,,,,2024,2024-03-29,สการ์เล็ต&ไวโอเล็ต,22,24,tcgdex
Pokémon TCG,Thai,ทริปเปิลบีต,,CS1.5,,,,2024,2024-04-26,ซอร์ด แอนด์ ชีลด์,101,0,tcgdex
Pokémon TCG,Thai,ทริปเปิลบีต,,CS1a,,,,2024,2024-04-26,ซอร์ด แอนด์ ชีลด์,101,0,tcgdex
Pokémon TCG,Thai,ทริปเปิลบีต,,CS1b,,,,2024,2024-04-26,ซอร์ด แอนด์ ชีลด์,101,0,tcgdex
Pokémon TCG,Thai,ทริปเปิลบีต,,CS2.5,,,,2024,2024-04-26,ซอร์ด แอนด์ ชีลด์,101,0,tcgdex
Pokémon TCG,Thai,ทริปเปิลบีต,,CS2a,,,,2024,2024-04-26,ซอร์ด แอนด์ ชีลด์,101,0,tcgdex
Pokémon TCG,Thai,ทริปเปิลบีต,,CS2b,,,,2024,2024-04-26,ซอร์ด แอนด์ ชีลด์,101,0,tcgdex
Pokémon TCG,Thai,ทริปเปิลบีต,,CS3.5,,,,2024,2024-04-26,ซอร์ด แอนด์ ชีลด์,101,0,tcgdex
Pokémon TCG,Thai,ทริปเปิลบีต,,CS3D,,,,2024,2024-04-26,ซอร์ด แอนด์ ชีลด์,101,0,tcgdex
Pokémon TCG,Thai,ทริปเปิลบีต,,CS3a,,,,2024,2024-04-26,ซอร์ด แอนด์ ชีลด์,101,0,tcgdex
Pokémon TCG,Thai,ทริปเปิลบีต,,CS3b,,,,2024,2024-04-26,ซอร์ด แอนด์ ชีลด์,101,0,tcgdex
Pokémon TCG,Thai,ทริปเปิลบีต,,CS4,,,,2024,2024-04-26,ซอร์ด แอนด์ ชีลด์,101,0,tcgdex
Pokémon TCG,Thai,ทริปเปิลบีต,,CS4Da,,,,2024,2024-04-26,ซอร์ด แอนด์ ชีลด์,101,0,tcgdex
Pokémon TCG,Thai,ทริปเปิลบีต,,CS4a,,,,2024,2024-04-26,ซอร์ด แอนด์ ชีลด์,101,0,tcgdex
Pokémon TCG,Thai,ทริปเปิลบีต,,CS4b,,,,2024,2024-04-26,ซอร์ด แอนด์ ชีลด์,101,0,tcgdex
Pokémon TCG,Thai,ทริปเปิลบีต,,CSA,,,,2024,2024-04-26,ซอร์ด แอนด์ ชีลด์,101,0,tcgdex
Pokémon TCG,Thai,หมอกสีชาด,,SV5a,,,,2024,2024-04-26,สการ์เล็ต&ไวโอเล็ต,66,66,tcgdex
Pokémon TCG,Thai,หน้ากากจอมลวงตา,,SV6,,,,2024,2024-05-31,สการ์เล็ต&ไวโอเล็ต,101,101,tcgdex
Pokémon TCG,Thai,แสงนำทางแห่งสเตลลาร์,,SV7s,,,,2024,2024-09-30,สการ์เล็ต&ไวโอเล็ต,166,223,tcgdex
Pokémon TCG,Thai,สเตลลาร์สายฟ้าฟาด,,SV8s,,,,2024,2024-12-23,สการ์เล็ต&ไวโอเล็ต,182,182,tcgdex
Pokémon TCG,Thai,เทศกาลเทรัสตัลex,,SV8a,,,,2025,2025-02-07,สการ์เล็ต&ไวโอเล็ต,187,187,tcgdex
Pokémon TCG,Thai,สายใยแห่งโชคชะตา,,SV9s,,,,2025,2025-04-11,สการ์เล็ต&ไวโอเล็ต,139,185,tcgdex
Pokémon TCG,Chinese (Simplified),风暴涌现,,csm1a,,,,2022,2022-10-22,太阳&月亮,211,0,tcgdex
Pokémon TCG,Chinese (Simplified),风暴涌现,,csm1b,,,,2022,2022-10-22,太阳&月亮,204,0,tcgdex
Pokémon TCG,Chinese (Simplified),风暴涌现,,csm1c,,,,2022,2022-10-22,太阳&月亮,212,0,tcgdex
Pokémon TCG,Chinese (Simplified),特典卡·太阳&月亮,Sun & Moon Promos,SMP,,,,2022,2022-10-27,Sun & Moon Series,,50,"database.xlsx,pikaqian_cards.xlsx"
Pokémon TCG,Chinese (Simplified),横空出世 泽,Storming Emergence (Abundant),CSM1cC,,,,2022,2022-10-28,Sun & Moon Series,363,212,"database.xlsx,pikaqian_cards.xlsx,tcgdex"
Pokémon TCG,Chinese (Simplified),横空出世 苍,Storming Emergence (Verdant),CSM1bC,,,,2022,2022-10-28,Sun & Moon Series,355,204,"database.xlsx,pikaqian_cards.xlsx,tcgdex"
Pokémon TCG,Chinese (Simplified),横空出世 赫,Storming Emergence (Radiant),CSM1aC,,,,2022,2022-10-28,Sun & Moon Series,362,211,"database.xlsx,pikaqian_cards.xlsx,tcgdex"
Pokémon TCG,Chinese (Simplified),起始卡组 横空出世GX,Storming Emergence GX Starter Deck,CSM1DC,,,,2022,2022-10-28,Sun & Moon Series,,336,"database.xlsx,pikaqian_cards.xlsx"
Pokémon TCG,Chinese (Simplified),莉莉艾的声援专属礼盒,Lillie's Support Box,CSMLC,,,,2022,2022-11-11,Sun & Moon Series,,5,"database.xlsx,pikaqian_cards.xlsx"
Pokémon TCG,Chinese (Simplified),强化包 对战精英,Battle Elite,CSM1.5C,,,,2022,2022-12-16,Sun & Moon Series,60,88,"database.xlsx,pikaqian_cards.xlsx,tcgdex"
Pokémon TCG,Chinese (Simplified),战斗精英,,csm1.5,,,,2022,2022-12-16,太阳&月亮,151,0,tcgdex
Pokémon TCG,Chinese (Simplified),伊布GX套装礼盒,Eevee-GX Box Set,CSMYC,,,,2023,2023-01-06,Sun & Moon Series,,8,"database.xlsx,pikaqian_cards.xlsx"
Pokémon TCG,Chinese (Simplified),交相辉映 唤,Shining Synergy (Summon),CSM2cC,,,,2023,2023-01-18,Sun & Moon Series,342,192,"database.xlsx,pikaqian_cards.xlsx,tcgdex"
Pokémon TCG,Chinese (Simplified),交相辉映 沐,Shining Synergy (Shower),CSM2aC,,,,2023,2023-01-18,Sun & Moon Series,344,194,"database.xlsx,pikaqian_cards.xlsx,tcgdex"
Pokémon TCG,Chinese (Simplified),交相辉映 魁,Shining Synergy (Supreme),CSM2bC,,,,2023,2023-01-18,Sun & Moon Series,343,193,"database.xlsx,pikaqian_cards.xlsx,tcgdex"
Pokémon TCG,Chinese (Simplified),起始卡组 交相辉映GX,Shining Synergy GX Starter Deck,CSM2DC,,,,2023,2023-01-18,Sun & Moon Series,,357,"database.xlsx,pikaqian_cards.xlsx"
Pokémon TCG,Chinese (Simplified),闪耀协同效应,,csm2a,,,,2023,2023-01-18,太阳&月亮,194,0,tcgdex
Pokémon TCG,Chinese (Simplified),闪耀协同效应,,csm2b,,,,2023,2023-01-18,太阳&月亮,193,0,tcgdex
Pokémon TCG,Chinese (Simplified),闪耀协同效应,,csm2c,,,,2023,2023-01-18,太阳&月亮,192,0,tcgdex
Pokémon TCG,Chinese (Simplified),精彩的比赛,,csm2.5,,,,2023,2023-03-13,太阳&月亮,151,0,tcgdex
Pokémon TCG,Chinese (Simplified),炫奇争胜,Striking Competition,CSM2.5C,,,,2023,2023-03-17,Sun & Moon Series,160,99,"database.xlsx,pikaqian_cards.xlsx,tcgdex"
Pokémon TCG,Chinese (Simplified),精灵球礼盒：闪耀宝可梦,Shining Pokémon Poké Ball Gift Box,CSMJC,,,,2023,2023-03-17,Sun & Moon Series,,15,"database.xlsx,pikaqian_cards.xlsx"
Pokémon TCG,Chinese (Simplified),阿尔宙斯&帝牙卢卡&帕路奇亚GX 卡组构筑进阶礼盒,Arceus & Dialga & Palkia-GX Advanced Deck Building Gift Box,CSMAC,,,,2023,2023-03-17,Sun & Moon Series,,19,"database.xlsx,pikaqian_cards.xlsx"
Pokémon TCG,Chinese (Simplified),对战派对组合 奖赏包,Battle Party Set (Reward Pack),CSMPiC,,,,2023,2023-04-15,Sun & Moon Series,24,48,"database.xlsx,pikaqian_cards.xlsx,tcgdex"
Pokémon TCG,Chinese (Simplified),对战派对组合 恶,Battle Party Set (Darkness Deck),CSMPgC,,,,2023,2023-04-15,Sun & Moon Series,,24,"database.xlsx,pikaqian_cards.xlsx"
Pokémon TCG,Chinese (Simplified),对战派对组合 斗,Battle Party Set (Fighting Deck),CSMPfC,,,,2023,2023-04-15,Sun & Moon Series,,24,"database.xlsx,pikaqian_cards.xlsx"
Pokémon TCG,Chinese (Simplified),对战派对组合 水,Battle Party Set (Water Deck),CSMPcC,,,,2023,2023-04-15,Sun & Moon Series,,25,"database.xlsx,pikaqian_cards.xlsx"
Pokémon TCG,Chinese (Simplified),对战派对组合 火,Battle Party Set (Fire Deck),CSMPbC,,,,2023,2023-04-15,Sun & Moon Series,,25,"database.xlsx,pikaqian_cards.xlsx"
Pokémon TCG,Chinese (Simplified),对战派对组合 草,Battle Party Set (Grass Deck),CSMPaC,,,,2023,2023-04-15,Sun & Moon Series,,23,"database.xlsx,pikaqian_cards.xlsx"
Pokémon TCG,Chinese (Simplified),对战派对组合 超,Battle Party Set (Psychic Deck),CSMPeC,,,,2023,2023-04-15,Sun & Moon Series,,21,"database.xlsx,pikaqian_cards.xlsx"
Pokémon TCG,Chinese (Simplified),对战派对组合 钢,Battle Party Set (Metal Deck),CSMPhC,,,,2023,2023-04-15,Sun & Moon Series,,24,"database.xlsx,pikaqian_cards.xlsx"
Pokémon TCG,Chinese (Simplified),对战派对组合 雷,Battle Party Set (Lightning Deck),CSMPdC,,,,2023,2023-04-15,Sun & Moon Series,,21,"database.xlsx,pikaqian_cards.xlsx"
Pokémon TCG,Chinese (Simplified),改造包 对战派对组合 恶,Battle Party Set (Darkness Modification Pack),CSMPpC,,,,2023,2023-04-15,Sun & Moon Series,,10,"database.xlsx,pikaqian_cards.xlsx"
Pokémon TCG,Chinese (Simplified),改造包 对战派对组合 斗,Battle Party Set (Fighting Modification Pack),CSMPoC,,,,2023,2023-04-15,Sun & Moon Series,,10,"database.xlsx,pikaqian_cards.xlsx"
Pokémon TCG,Chinese (Simplified),改造包 对战派对组合 水,Battle Party Set (Water Modification Pack),CSMPlC,,,,2023,2023-04-15,Sun & Moon Series,,10,"database.xlsx,pikaqian_cards.xlsx"
Pokémon TCG,Chinese (Simplified),改造包 对战派对组合 火,Battle Party Set (Fire Modification Pack),CSMPkC,,,,2023,2023-04-15,Sun & Moon Series,,10,"database.xlsx,pikaqian_cards.xlsx"
Pokémon TCG,Chinese (Simplified),改造包 对战派对组合 草,Battle Party Set (Grass Modification Pack),CSMPjC,,,,2023,2023-04-15,Sun & Moon Series,,10,"database.xlsx,pikaqian_cards.xlsx"
Pokémon TCG,Chinese (Simplified),改造包 对战派对组合 超,Battle Party Set (Psychic Modification Pack),CSMPnC,,,,2023,2023-04-15,Sun & Moon Series,,10,"database.xlsx,pikaqian_cards.xlsx"
Pokémon TCG,Chinese (Simplified),改造包 对战派对组合 钢,Battle Party Set (Metal Modification Pack),CSMPqC,,,,2023,2023-04-15,Sun & Moon Series,,10,"database.xlsx,pikaqian_cards.xlsx"
Pokémon TCG,Chinese (Simplified),改造包 对战派对组合 雷,Battle Party Set (Lightning Modification Pack),CSMPmC,,,,2023,2023-04-15,Sun & Moon Series,,10,"database.xlsx,pikaqian_cards.xlsx"
Pokémon TCG,Chinese (Simplified),特典卡·剑&盾,Sword & Shield Promos,SP,,,,2023,2023-05-18,Sword & Shield Series,220,220,"database.xlsx,pikaqian_cards.xlsx"
Pokémon TCG,Chinese (Simplified),Gym Event Promo Pack Vol. 1,Gym Event Promo Pack Vol. 1,,,,,2023,2023-05-19,Sword & Shield Series,,0,database.xlsx
Pokémon TCG,Chinese (Simplified),极巨争锋 卡组构筑礼盒,Dynamax Clash Deck Building Gift Box,CSAC,,,,2023,2023-05-19,Sword & Shield Series,,24,"database.xlsx,pikaqian_cards.xlsx"
Pokémon TCG,Chinese (Simplified),极巨争锋 焰,Dynamax Clash (Flame),CS1bC,,,,2023,2023-05-19,Sword & Shield Series,335,199,"database.xlsx,pikaqian_cards.xlsx,tcgdex"
Pokémon TCG,Chinese (Simplified),极巨争锋 雷,Dynamax Clash (Thunder),CS1aC,,,,2023,2023-05-19,Sword & Shield Series,352,217,"database.xlsx,pikaqian_cards.xlsx,tcgdex"
Pokémon TCG,Chinese (Simplified),起始卡组 极巨争锋V,Dynamax Clash V Starter Deck,CS1DC,,,,2023,2023-05-19,Sword & Shield Series,,222,"database.xlsx,pikaqian_cards.xlsx"
Pokémon TCG,Chinese (Simplified),极巨攻防,Dynamax Tactics,CS1.5C,,,,2023,2023-06-28,Sword & Shield Series,151,96,"database.xlsx,pikaqian_cards.xlsx,tcgdex"
Pokémon TCG,Chinese (Simplified),Gym Event Promo Pack Vol. 2,Gym Event Promo Pack Vol. 2,,,,,2023,2023-08-18,Sword & Shield Series,,0,database.xlsx
Pokémon TCG,Chinese (Simplified),浓墨重彩 靛,Vivid Portrayals (Indigo),CS2bC,,,,2023,2023-08-18,Sword & Shield Series,258,143,"database.xlsx,pikaqian_cards.xlsx,tcgdex"
Pokémon TCG,Chinese (Simplified),浓墨重彩 黎,Vivid Portrayals (Obsidian),CS2aC,,,,2023,2023-08-18,Sword & Shield Series,258,143,"database.xlsx,pikaqian_cards.xlsx,tcgdex"
Pokémon TCG,Chinese (Simplified),辉金能量礼盒&辉金能量进阶礼盒,Golden Energy,CSM2.1C,,,,2023,2023-09-09,Sun & Moon Series,,54,"database.xlsx,pikaqian_cards.xlsx"
Pokémon TCG,Chinese (Simplified),璀璨反击,Brilliant Counterattack,CS2.5C,,,,2023,2023-09-29,Sword & Shield Series,138,79,"database.xlsx,pikaqian_cards.xlsx,tcgdex"
Pokémon TCG,Chinese (Simplified),Gym Event Promo Pack Vol. 3,Gym Event Promo Pack Vol. 3,,,,,2023,2023-11-17,Sword & Shield Series,,0,database.xlsx
Pokémon TCG,Chinese (Simplified),专题包 喵喵小妙招,Meowth's Little Tricks,CS2.1C,,,,2023,2023-11-17,Sword & Shield Series,,10,"database.xlsx,pikaqian_cards.xlsx"
Pokémon TCG,Chinese (Simplified),卡组构筑礼盒 洪荒演武 激,Primordial Arts Deck Building Gift Box (Torrent),CSCC,,,,2023,2023-11-17,Sword & Shield Series,,19,"database.xlsx,pikaqian_cards.xlsx"
Pokémon TCG,Chinese (Simplified),卡组构筑礼盒 洪荒演武 茂,Primordial Arts Deck Building Gift Box (Overgrow),CSBC,,,,2023,2023-11-17,Sword & Shield Series,,19,"database.xlsx,pikaqian_cards.xlsx"
Pokémon TCG,Chinese (Simplified),宝可梦卡牌 家庭组合,Family Pokémon Trading Card Game,CS2DaC,,,,2023,2023-11-17,Sword & Shield Series,,53,"database.xlsx,pikaqian_cards.xlsx"
Pokémon TCG,Chinese (Simplified),洪荒演武 激,Primordial Arts (Torrent),CS3bC,,,,2023,2023-11-17,Sword & Shield Series,296,179,"database.xlsx,pikaqian_cards.xlsx,tcgdex"
Pokémon TCG,Chinese (Simplified),洪荒演武 茂,Primordial Arts (Overgrow),CS3aC,,,,2023,2023-11-17,Sword & Shield Series,309,184,"database.xlsx,pikaqian_cards.xlsx,tcgdex"
Pokémon TCG,Chinese (Simplified),起始卡组 洪荒演武V,Primordial Arts V Starter Deck,CS3DC,,,,2023,2023-11-17,Sword & Shield Series,,183,"database.xlsx,pikaqian_cards.xlsx"
Pokémon TCG,Chinese (Simplified),精灵球礼盒/超级球礼盒：皮卡丘传奇庆典,Pikachu Legendary Celebration Gift Boxes,CSDC,,,,2023,2023-12-08,Sword & Shield Series,,25,"database.xlsx,pikaqian_cards.xlsx"
Pokémon TCG,Chinese (Simplified),怒炎灼天,Scorching Skies,CS3.5C,,,,2024,2024-01-05,Sword & Shield Series,156,90,"database.xlsx,pikaqian_cards.xlsx,tcgdex"
Pokémon TCG,Chinese (Simplified),四方联结系列礼盒,Four-Party Connection Gift Box,CSEC,,,,2024,2024-01-19,Sword & Shield Series,,20,"database.xlsx,pikaqian_cards.xlsx"
Pokémon TCG,Chinese (Simplified),Gym Event Promo Pack Vol. 4,Gym Event Promo Pack Vol. 4,,,,,2024,2024-03-01,Sword & Shield Series,,0,database.xlsx
Pokémon TCG,Chinese (Simplified),九彩汇聚 朋,Nine Colors Gathering (Friend),CS4aC,,,,2024,2024-03-01,Sword & Shield Series,316,184,"database.xlsx,pikaqian_cards.xlsx,tcgdex"
Pokémon TCG,Chinese (Simplified),九彩汇聚 源,Nine Colors Gathering (Origin),CS4bC,,,,2024,2024-03-01,Sword & Shield Series,309,177,"database.xlsx,pikaqian_cards.xlsx,tcgdex"
Pokémon TCG,Chinese (Simplified),宝可梦卡牌展示套礼盒,Pokémon Card Display Set Gift Box Vol. 1,CSGC,,,,2024,2024-03-01,Sword & Shield Series,,8,"database.xlsx,pikaqian_cards.xlsx"
Pokémon TCG,Chinese (Simplified),龙之再临系列礼盒,Dragon Resurgence,CSFC,,,,2024,2024-03-01,Sword & Shield Series,,26,"database.xlsx,pikaqian_cards.xlsx"
Pokémon TCG,Chinese (Simplified),专题包 辉耀能量 第一弹,Radiant Energy Vol. 1,CS4.1C,,,,2024,2024-03-29,Sword & Shield Series,,23,"database.xlsx,pikaqian_cards.xlsx"
Pokémon TCG,Chinese (Simplified),伊布进阶礼盒,Eevee Advanced Gift Boxes,CSHC,,,,2024,2024-04-26,Sword & Shield Series,,9,"database.xlsx,pikaqian_cards.xlsx"
Pokémon TCG,Chinese (Simplified),终末炎舞,Final Flame Dance,CS4.5C,,,,2024,2024-04-26,Sword & Shield Series,146,83,"database.xlsx,pikaqian_cards.xlsx,tcgdex"
Pokémon TCG,Chinese (Simplified),训练家收藏礼盒,Trainer Collection Gift Box,CSIC,,,,2024,2024-05-17,Sword & Shield Series,,8,"database.xlsx,pikaqian_cards.xlsx"
Pokémon TCG,Chinese (Simplified),起始卡组100,Start Deck 100,CS4DaC,,,,2024,2024-05-17,Sword & Shield Series,,433,"database.xlsx,pikaqian_cards.xlsx"
Pokémon TCG,Chinese (Simplified),Gym Event Promo Pack Vol. 5,Gym Event Promo Pack Vol. 5,,,,,2024,2024-06-18,Sword & Shield Series,,0,database.xlsx
Pokémon TCG,Chinese (Simplified),勇魅群星 V起始卡组,Brave Stars V Starter Deck,CS5DC,,,,2024,2024-06-18,Sword & Shield Series,,163,"database.xlsx,pikaqian_cards.xlsx"
Pokémon TCG,Chinese (Simplified),勇魅群星 勇,Brave Stars (Brave),CS5bC,,,,2024,2024-06-18,Sword & Shield Series,306,178,"database.xlsx,pikaqian_cards.xlsx,tcgdex"
Pokémon TCG,Chinese (Simplified),勇魅群星 卡组构筑礼盒,Brave Stars Deck Building Gift Box,CSNC,,,,2024,2024-06-18,Sword & Shield Series,,24,"database.xlsx,pikaqian_cards.xlsx"
Pokémon TCG,Chinese (Simplified),勇魅群星 魅,Brave Stars (Charm),CS5aC,,,,2024,2024-06-18,Sword & Shield Series,303,176,"database.xlsx,pikaqian_cards.xlsx,tcgdex"
Pokémon TCG,Chinese (Simplified),宝可梦卡牌展示套礼盒,Pokémon Card Display Set Gift Box Vol. 2,CSMC,,,,2024,2024-06-18,Sword & Shield Series,,13,"database.xlsx,pikaqian_cards.xlsx"
Pokémon TCG,Chinese (Simplified),精灵球/高级球礼盒：宝可梦艺术插画庆典 景,Pokémon Art Illustration Festival: Scene,CSJC,,,,2024,2024-06-28,Sword & Shield Series,,16,"database.xlsx,pikaqian_cards.xlsx"
Pokémon TCG,Chinese (Simplified),专题包 辉耀能量 第二弹,Radiant Energy Vol. 2,CS5.1C,,,,2024,2024-07-12,Sword & Shield Series,,23,"database.xlsx,pikaqian_cards.xlsx"
Pokémon TCG,Chinese (Simplified),汇流卡组构筑进阶礼盒,Mew Advanced Deck Building Gift Box,CSOC,,,,2024,2024-07-12,Sword & Shield Series,,19,"database.xlsx,pikaqian_cards.xlsx"
Pokémon TCG,Chinese (Simplified),强化包 暗影夺辉,Shadow of Glory,CS5.5C,,,,2024,2024-08-02,Sword & Shield Series,66,89,"database.xlsx,pikaqian_cards.xlsx,tcgdex"
Pokémon TCG,Chinese (Simplified),星晶奇跡,,SV7,,,,2024,2024-08-02,朱&紫,102,132,tcgdex
Pokémon TCG,Chinese (Simplified),Gym Event Promo Pack Vol. 6,Gym Event Promo Pack Vol. 6,,,,,2024,2024-09-20,Sword & Shield Series,,0,database.xlsx
Pokémon TCG,Chinese (Simplified),专题包 辉耀能量,Radiant Energy Vol. 3,CS6.1C,,,,2024,2024-09-20,Sword & Shield Series,28,24,"database.xlsx,pikaqian_cards.xlsx"
Pokémon TCG,Chinese (Simplified),碧海暗影 啸,Shadow of the Blue Sea (Roar),CS6aC,,,,2024,2024-09-20,Sword & Shield Series,300,169,"database.xlsx,pikaqian_cards.xlsx,tcgdex"
Pokémon TCG,Chinese (Simplified),碧海暗影 逐,Shadow of the Blue Sea (Banish),CS6bC,,,,2024,2024-09-20,Sword & Shield Series,303,172,"database.xlsx,pikaqian_cards.xlsx,tcgdex"
Pokémon TCG,Chinese (Simplified),樂園騰龍,,SV7a,,,,2024,2024-09-27,朱&紫,64,64,tcgdex
Pokémon TCG,Chinese (Simplified),超電突圍,,SV8,,,,2024,2024-10-25,朱&紫,106,106,tcgdex
Pokémon TCG,Chinese (Simplified),宝可梦展示套礼盒,Pokémon Card Display Set Gift Box Vol. 3,CSUC,,,,2024,2024-10-26,Sword & Shield Series,,13,"database.xlsx,pikaqian_cards.xlsx"
Pokémon TCG,Chinese (Simplified),强化包 胜象星引,Victory Star Guide,CS6.5C,,,,2024,2024-11-15,Sword & Shield Series,72,96,"database.xlsx,pikaqian_cards.xlsx,tcgdex"
Pokémon TCG,Chinese (Simplified),收藏周边礼盒 百变宝盒,Variety Treasure Box,CSZC,,,,2024,2024-11-15,Sword & Shield Series,,68,"database.xlsx,pikaqian_cards.xlsx"
Pokémon TCG,Chinese (Simplified),皮在伊起 流沙卡牌展示挂件礼盒,Quicksand Card Display Pendant Gift Box,CS0LC,,,,2024,2024-12-06,Sword & Shield Series,,4,"database.xlsx,pikaqian_cards.xlsx"
Pokémon TCG,Chinese (Simplified),精灵球/等级球礼盒：宝可梦艺术插画庆典 聚,Pokémon Art Illustration Festival: Gather,CSYC,,,,2024,2024-12-06,Sword & Shield Series,,16,"database.xlsx,pikaqian_cards.xlsx"
Pokémon TCG,Chinese (Simplified),太晶慶典ex,,SV8a,,,,2024,2024-12-20,朱&紫,187,237,tcgdex
Pokémon TCG,Chinese (Simplified),骑拉帝纳VSTAR卡组构筑进阶礼盒,Giratina VSTAR Advanced Deck Building Gift Box,CSXC,,,,2024,2024-12-21,Sword & Shield Series,,20,"database.xlsx,pikaqian_cards.xlsx"
Pokémon TCG,Chinese (Simplified),特典卡·30周年,30th Anniversary Promos,promo-30th-p,,,,2025,2025-01-16,ScarletViolet,,18,pikaqian_cards.xlsx
Pokémon TCG,Chinese (Simplified),特典卡·朱&紫,Scarlet & Violet Promos,SVP,,,,2025,2025-01-16,Scarlet & Violet Series,,353,"database.xlsx,pikaqian_cards.xlsx"
Pokémon TCG,Chinese (Simplified),亘古开来,Eternal Birth,CSV1C,,,,2025,2025-01-17,Scarlet & Violet Series,294,167,"database.xlsx,pikaqian_cards.xlsx,tcgdex"
Pokémon TCG,Chinese (Simplified),嗨皮组合 皮卡丘&皮皮&草苗龟&索财灵,Happy Set: Pikachu & Clefairy & Turtwig & Gimmighoul,CSVH1C,,,,2025,2025-01-17,Scarlet & Violet Series,,59,"database.xlsx,pikaqian_cards.xlsx"
Pokémon TCG,Chinese (Simplified),嗨皮组合 皮卡丘&皮皮&草苗龟&索财灵 奖赏包,Happy Set: Pikachu & Clefairy & Turtwig & Gimmighoul (Reward Pack),CSVH1pC,,,,2025,2025-01-17,Scarlet & Violet Series,,6,"database.xlsx,pikaqian_cards.xlsx"
Pokémon TCG,Chinese (Simplified),嗨皮组合 皮卡丘&皮皮&草苗龟&索财灵 改造包,Happy Set: Pikachu & Clefairy & Turtwig & Gimmighoul (Modification Pack),CSVH1aC,,,,2025,2025-01-17,Scarlet & Violet Series,,23,"database.xlsx,pikaqian_cards.xlsx"
Pokémon TCG,Chinese (Simplified),宝石包 Vol. 1,Gem Pack Vol. 1,CBB1C,,,,2025,2025-01-17,Scarlet & Violet Series,230,115,"database.xlsx,pikaqian_cards.xlsx"
Pokémon TCG,Chinese (Simplified),收集啦151 旅,Collect 151,151C,,,,2025,2025-01-17,Scarlet & Violet Series,343,192,"database.xlsx,pikaqian_cards.xlsx"
Pokémon TCG,Chinese (Simplified),對戰搭檔,,SV9,,,,2025,2025-02-07,朱&紫,100,100,tcgdex
Pokémon TCG,Chinese (Simplified),对战派对 共梦,Battle Party: Dream Together,CSVE1C,,,,2025,2025-02-28,Scarlet & Violet Series,,178,"database.xlsx,pikaqian_cards.xlsx"
Pokémon TCG,Chinese (Simplified),对战派对 共梦 奖赏包,Battle Party: Dream Together (Reward Pack),CSVE1pC,,,,2025,2025-02-28,Scarlet & Violet Series,,24,"database.xlsx,pikaqian_cards.xlsx"
Pokémon TCG,Chinese (Simplified),奇迹启程,Miracle Journey,CSV2C,,,,2025,2025-03-21,Scarlet & Violet Series,291,163,"database.xlsx,pikaqian_cards.xlsx,tcgdex"
Pokémon TCG,Chinese (Simplified),熱風競技場,,SV9a,,,,2025,2025-03-28,朱&紫,63,92,tcgdex
Pokémon TCG,Chinese (Simplified),火箭隊的榮耀,,SV10,,,,2025,2025-05-02,朱&紫,98,98,tcgdex
Pokémon TCG,Chinese (Simplified),Scarlet & Violet Energies,Scarlet & Violet Energies,,,,,2025,2025-05-16,Unnumbered Energies,,0,database.xlsx
Pokémon TCG,Chinese (Simplified),嗨皮卡组 路卡利欧&甲贺忍蛙&藏玛然特&獒教父,Happy Set: Lucario & Greninja & Zamazenta & Mabosstiff,CSVH2C,,,,2025,2025-05-16,Scarlet & Violet Series,,58,"database.xlsx,pikaqian_cards.xlsx"
Pokémon TCG,Chinese (Simplified),嗨皮组合 路卡利欧&甲贺忍蛙&藏玛然特&獒教父 奖赏包,Happy Set: Lucario & Greninja & Zamazenta & Mabosstiff (Reward Pack),CSVH2pC,,,,2025,2025-05-16,Scarlet & Violet Series,,6,"database.xlsx,pikaqian_cards.xlsx"
Pokémon TCG,Chinese (Simplified),嗨皮组合 路卡利欧&甲贺忍蛙&藏玛然特&獒教父 改造包,Happy Set: Lucario & Greninja & Zamazenta & Mabosstiff (Modification Pack),CSVH2aC,,,,2025,2025-05-16,Scarlet & Violet Series,,23,"database.xlsx,pikaqian_cards.xlsx"
Pokémon TCG,Chinese (Simplified),宝石包 Vol.2,Gem Pack Vol. 2,CBB2C,,,,2025,2025-05-16,Scarlet & Violet Series,280,140,"database.xlsx,pikaqian_cards.xlsx,tcgdex"
Pokémon TCG,Chinese (Simplified),无畏太晶,Fearless Terastal,CSV3C,,,,2025,2025-05-16,Scarlet & Violet Series,295,165,"database.xlsx,pikaqian_cards.xlsx,tcgdex"
Pokémon TCG,Chinese (Simplified),启程专题包,Journey Theme Pack,CSVL1C,,,,2025,2025-06-13,Scarlet & Violet Series,,133,"database.xlsx,pikaqian_cards.xlsx"
Pokémon TCG,Chinese (Simplified),嘉奖回合,Bonus Round,CSV4C,,,,2025,2025-07-18,Scarlet & Violet Series,294,165,"database.xlsx,pikaqian_cards.xlsx,tcgdex"
Pokémon TCG,Chinese (Simplified),对战派对 耀梦,Battle Party: Shining Dream,CSVE2C,,,,2025,2025-07-18,Scarlet & Violet Series,,208,"database.xlsx,pikaqian_cards.xlsx"
Pokémon TCG,Chinese (Simplified),对战派对 耀梦 奖赏包,Battle Party: Shining Dream (Reward Pack),CSVE2pC,,,,2025,2025-07-18,Scarlet & Violet Series,,24,"database.xlsx,pikaqian_cards.xlsx"
Pokémon TCG,Chinese (Simplified),嗨皮卡组 七夕青鸟&拉帝欧斯&烈焰猴&一家鼠,Happy Set: Altaria & Latios & Infernape & Maushold,CSVH3C,,,,2025,2025-09-12,Scarlet & Violet Series,,64,"database.xlsx,pikaqian_cards.xlsx"
Pokémon TCG,Chinese (Simplified),嗨皮组合 七夕青鸟&拉帝欧斯&烈焰猴&一家鼠 奖赏包,Happy Set: Altaria & Latios & Infernape & Maushold (Reward Pack),CSVH3pC,,,,2025,2025-09-12,Scarlet & Violet Series,,6,"database.xlsx,pikaqian_cards.xlsx"
Pokémon TCG,Chinese (Simplified),嗨皮组合 七夕青鸟&拉帝欧斯&烈焰猴&一家鼠 改造包,Happy Set: Altaria & Latios & Infernape & Maushold (Modification Pack),CSVH3aC,,,,2025,2025-09-12,Scarlet & Violet Series,,23,"database.xlsx,pikaqian_cards.xlsx"
Pokémon TCG,Chinese (Simplified),黑晶炽诚,Dark Crystal Blaze,CSV5C,,,,2025,2025-09-12,Scarlet & Violet Series,293,164,"database.xlsx,pikaqian_cards.xlsx,tcgdex"
Pokémon TCG,Chinese (Simplified),宝石包 Vol.3,Gem Pack Vol. 3,CBB3C,,,,2025,2025-09-26,Scarlet & Violet Series,272,136,"database.xlsx,pikaqian_cards.xlsx,tcgdex"
Pokémon TCG,Chinese (Simplified),游历专题包,Travel Theme Pack,CSVL2C,,,,2025,2025-11-07,Scarlet & Violet Series,,139,"database.xlsx,pikaqian_cards.xlsx"
Pokémon TCG,Chinese (Simplified),真实玄虚,True Mystery,CSV6C,,,,2025,2025-11-07,Scarlet & Violet Series,291,163,"database.xlsx,pikaqian_cards.xlsx,tcgdex"
Pokémon TCG,Chinese (Simplified),利刃猛醒,Blade Awakening,CSV7C,,,,2026,2026-01-16,Scarlet & Violet Series,204,259,"database.xlsx,pikaqian_cards.xlsx,tcgdex"
Pokémon TCG,Chinese (Simplified),大师战略卡组构筑套装 喷火龙ex,Master Strategy Deck Building Set (Charizard ex),CSVM1aC,,,,2026,2026-01-16,Scarlet & Violet Series,,33,"database.xlsx,pikaqian_cards.xlsx"
Pokémon TCG,Chinese (Simplified),大师战略卡组构筑套装 密勒顿ex,Master Strategy Deck Building Set (Miraidon ex),CSVM1cC,,,,2026,2026-01-16,Scarlet & Violet Series,,28,"database.xlsx,pikaqian_cards.xlsx"
Pokémon TCG,Chinese (Simplified),大师战略卡组构筑套装 沙奈朵ex,Master Strategy Deck Building Set (Gardevoir ex),CSVM1bC,,,,2026,2026-01-16,Scarlet & Violet Series,,33,"database.xlsx,pikaqian_cards.xlsx"
Pokémon TCG,Chinese (Simplified),对战学院,Battle Academy,CSVSC,,,,2026,2026-01-16,Scarlet & Violet Series,,66,"database.xlsx,pikaqian_cards.xlsx"
Pokémon TCG,Chinese (Simplified),宝石包 第四弹,Gem Pack Vol. 4,CBB4C,,,,2026,2026-02-06,Scarlet & Violet Series,7,196,"database.xlsx,pikaqian_cards.xlsx,tcgdex"
Pokémon TCG,Chinese (Simplified),璀璨诡幻,Brilliant Illusions,CSV8C,,,,2026,2026-03-13,Scarlet & Violet Series,207,264,"database.xlsx,pikaqian_cards.xlsx,tcgdex"
Pokémon TCG,Chinese (Simplified),30th Anniversay Celebration,30th Anniversay Celebration,30thP,,,,2026,2026-03-20,Scarlet & Violet Series,,0,database.xlsx
Pokémon TCG,Chinese (Simplified),嗨皮卡组 狙射树枭&美录梅塔&故勒顿&密勒顿,Happy Set: Decidueye & Melmetal & Koraidon & Miraidon,CSVH4C,,,,2026,2026-04-10,Scarlet & Violet Series,,59,"database.xlsx,pikaqian_cards.xlsx"
Pokémon TCG,Chinese (Simplified),嗨皮组合 狙射树枭&美录梅塔&故勒顿&密勒顿 嗨皮包,Happy Set: Decidueye & Melmetal & Koraidon & Miraidon (Happy Pack),CSVH4eC,,,,2026,2026-04-10,Scarlet & Violet Series,,49,"database.xlsx,pikaqian_cards.xlsx"
Pokémon TCG,Chinese (Simplified),嗨皮组合 狙射树枭&美录梅塔&故勒顿&密勒顿 奖赏包,Happy Set: Decidueye & Melmetal & Koraidon & Miraidon (Reward Pack),CSVH4pC,,,,2026,2026-04-10,Scarlet & Violet Series,,6,"database.xlsx,pikaqian_cards.xlsx"
Pokémon TCG,Chinese (Simplified),嗨皮组合 狙射树枭&美录梅塔&故勒顿&密勒顿 改造包,Happy Set: Decidueye & Melmetal & Koraidon & Miraidon (Modification Pack),CSVH4aC,,,,2026,2026-04-10,Scarlet & Violet Series,,23,"database.xlsx,pikaqian_cards.xlsx"
Pokémon TCG,Chinese (Simplified),宝石包 第五弹,Gem Pack Vol. 5,CBB5C,,,,2026,2026-04-24,Scarlet & Violet Series,7,196,"database.xlsx,pikaqian_cards.xlsx,tcgdex"
Pokémon TCG,Chinese (Simplified),北上乡专题包（5张装）,Kitakami Special Pack,CSVNC,,,,2026,2026-05-15,Scarlet & Violet Series,,44,"database.xlsx,pikaqian_cards.xlsx"
Pokémon TCG,Chinese (Simplified),星彩晶璃,Stellar Crystal,CSV9C,,,,2026,2026-05-15,Scarlet & Violet Series,208,266,"database.xlsx,pikaqian_cards.xlsx,tcgdex"
Pokémon TCG,Chinese (Simplified),太晶盛聚,Terastal Gathering,CSV9.5C,,,,2026,2026-06-12,Scarlet & Violet Series,208,259,"database.xlsx,pikaqian_cards.xlsx,tcgdex"
Pokémon TCG,Chinese (Simplified),嗨皮组合 快龙&超梦&喷火驼&来悲粗茶,Happy Set: Dragonite & Mewtwo & Camerupt & Sinistcha,CSVH5C,,,,2026,2026-07-16,Scarlet & Violet Series,,58,"database.xlsx,pikaqian_cards.xlsx"
Pokémon TCG,Chinese (Simplified),嗨皮组合 快龙&超梦&喷火驼&来悲粗茶 嗨皮包,Happy Set: Dragonite & Mewtwo & Camerupt & Sinistcha (Happy Pack),CSVH5eC,,,,2026,2026-07-16,Scarlet & Violet Series,,49,"database.xlsx,pikaqian_cards.xlsx"
Pokémon TCG,Chinese (Simplified),嗨皮组合 快龙&超梦&喷火驼&来悲粗茶 奖赏包,Happy Set: Dragonite & Mewtwo & Camerupt & Sinistcha (Reward Pack),CSVH5pC,,,,2026,2026-07-16,Scarlet & Violet Series,,6,"database.xlsx,pikaqian_cards.xlsx"
Pokémon TCG,Chinese (Simplified),嗨皮组合 快龙&超梦&喷火驼&来悲粗茶 改造包,Happy Set: Dragonite & Mewtwo & Camerupt & Sinistcha (Modification Pack),CSVH5aC,,,,2026,2026-07-16,Scarlet & Violet Series,,23,"database.xlsx,pikaqian_cards.xlsx"
Pokémon TCG,Chinese (Simplified),大师战略卡组构筑套装 多龙巴鲁托ex,Master Strategy Deck Building Set (Dragapult ex),CSVM2bC,,,,2026,2026-07-16,Scarlet & Violet Series,,34,"database.xlsx,pikaqian_cards.xlsx"
Pokémon TCG,Chinese (Simplified),大师战略卡组构筑套装 猛雷鼓ex,Master Strategy Deck Building Set (Raging Bolt ex),CSVM2aC,,,,2026,2026-07-16,Scarlet & Violet Series,,31,"database.xlsx,pikaqian_cards.xlsx"
Pokémon TCG,Chinese (Simplified),大师战略卡组构筑套装 赛富豪ex,Master Strategy Deck Building Set (Gholdengo ex),CSVM2cC,,,,2026,2026-07-16,Scarlet & Violet Series,,32,"database.xlsx,pikaqian_cards.xlsx"
Pokémon TCG,Chinese (Simplified),补充包 共逐荣光,Chasing Glory,CSV10C,,,,2026,2026-07-16,Scarlet & Violet Series,,287,"database.xlsx,pikaqian_cards.xlsx"
Pokémon TCG,Chinese (Simplified),宝石包 VOL.6,Gem Pack Vol. 6,CBB6C,,,,2026,2026-08-07,Scarlet & Violet Series,,196,"database.xlsx,pikaqian_cards.xlsx"
Pokémon TCG,Chinese (Simplified),30th Celebration,30th Celebration,30thC,,,,2026,2026-09-16,Scarlet & Violet Series,,0,database.xlsx
Pokémon TCG,Chinese (Simplified),Mega Evolution Promos,Mega Evolution Promos,MP,,,,,,Mega Evolution Series,,0,database.xlsx
Pokémon TCG,Chinese (Traditional),劍&盾,,SC1D,,,,2020,2020-06-19,劍＆盾,164,164,tcgdex
Pokémon TCG,Chinese (Traditional),劍&盾 SET A,,SC1a,,,,2020,2020-06-19,劍＆盾,154,172,tcgdex
Pokémon TCG,Chinese (Traditional),劍&盾 SET B,,SC1b,,,,2020,2020-06-19,劍＆盾,153,171,tcgdex
Pokémon TCG,Chinese (Traditional),無極力量,,SC2D,,,,2020,2020-08-21,劍＆盾,157,157,tcgdex
Pokémon TCG,Chinese (Traditional),無極力量 SET A,,SC2a,,,,2020,2020-08-21,劍＆盾,145,145,tcgdex
Pokémon TCG,Chinese (Traditional),無極力量 SET B,,SC2b,,,,2020,2020-08-21,劍＆盾,144,144,tcgdex
Pokémon TCG,Chinese (Traditional),驚天伏特攻擊,,S4,,,,2020,2020-10-09,劍＆盾,100,100,tcgdex
Pokémon TCG,Chinese (Traditional),搭檔,,SCA,,,,2020,2020-11-27,劍＆盾,135,135,tcgdex
Pokémon TCG,Chinese (Traditional),閃色明星V,,S4a,,,,2020,2020-11-27,劍＆盾,190,190,tcgdex
Pokémon TCG,Chinese (Traditional),一撃大師,,S5I,,,,2021,2021-01-29,劍＆盾,70,70,tcgdex
Pokémon TCG,Chinese (Traditional),挑戰,,SCB,,,,2021,2021-01-29,劍＆盾,156,156,tcgdex
Pokémon TCG,Chinese (Traditional),連撃大師,,S5R,,,,2021,2021-01-29,劍＆盾,70,70,tcgdex
Pokémon TCG,Chinese (Traditional),雙璧戰士,,S5a,,,,2021,2021-04-02,劍＆盾,70,70,tcgdex
Pokémon TCG,Chinese (Traditional),漆黑幽魂,,S6K,,,,2021,2021-05-07,劍＆盾,70,70,tcgdex
Pokémon TCG,Chinese (Traditional),銀白戰槍,,S6H,,,,2021,2021-05-07,劍＆盾,70,70,tcgdex
Pokémon TCG,Chinese (Traditional),伊布英雄,,S6a,,,,2021,2021-06-11,劍＆盾,69,69,tcgdex
Pokémon TCG,Chinese (Traditional),進化,,SCC,,,,2021,2021-06-11,劍＆盾,172,171,tcgdex
Pokémon TCG,Chinese (Traditional),寶可夢卡牌家庭組合,,SH,,,,2021,2021-06-28,劍＆盾,38,59,tcgdex
Pokémon TCG,Chinese (Traditional),摩天巔峰,,S7D,,,,2021,2021-07-23,劍＆盾,67,67,tcgdex
Pokémon TCG,Chinese (Traditional),蒼空烈流,,S7R,,,,2021,2021-07-23,劍＆盾,67,67,tcgdex
Pokémon TCG,Chinese (Traditional),強大,,SP5,,,,2021,2021-08-27,劍＆盾,0,4,tcgdex
Pokémon TCG,Chinese (Traditional),匯流藝術,,S8,,,,2021,2021-10-01,劍＆盾,100,100,tcgdex
Pokémon TCG,Chinese (Traditional),強大,,SCD,,,,2021,2021-10-01,劍＆盾,159,159,tcgdex
Pokémon TCG,Chinese (Traditional),25週年收藏款,,S8a,,,,2021,2021-10-20,劍＆盾,28,33,tcgdex
Pokémon TCG,Chinese (Traditional),VMAX絕群壓軸,,S8b,,,,2021,2021-12-17,劍＆盾,184,181,tcgdex
Pokémon TCG,Chinese (Traditional),星星誕生,,S9,,,,2022,2022-01-28,劍＆盾,100,100,tcgdex
Pokémon TCG,Chinese (Traditional),藏瑪然特VS無極汰那,,SJ,,,,2022,2022-01-28,劍＆盾,28,30,tcgdex
Pokémon TCG,Chinese (Traditional),頂級訓練家收藏箱 VSTAR,,SK,,,,2022,2022-01-28,劍＆盾,30,30,tcgdex
Pokémon TCG,Chinese (Traditional),初階牌組100,,SI,,,,2022,2022-02-18,劍＆盾,414,422,tcgdex
Pokémon TCG,Chinese (Traditional),對戰地區,,S9a,,,,2022,2022-03-11,劍＆盾,67,67,tcgdex
Pokémon TCG,Chinese (Traditional),起始組合VSTAR 路卡利歐,,SLL,,,,2022,2022-03-11,劍＆盾,21,22,tcgdex
Pokémon TCG,Chinese (Traditional),起始組合VSTAR 達克萊伊,,SLD,,,,2022,2022-03-11,劍＆盾,20,21,tcgdex
Pokémon TCG,Chinese (Traditional),時間觀察者,,S10D,,,,2022,2022-04-22,劍＆盾,67,67,tcgdex
Pokémon TCG,Chinese (Traditional),空間魔術師,,S10P,,,,2022,2022-04-22,劍＆盾,67,67,tcgdex
Pokémon TCG,Chinese (Traditional),黑暗亡靈,,S10a,,,,2022,2022-05-27,劍＆盾,71,71,tcgdex
Pokémon TCG,Chinese (Traditional),Pokémon GO,,S10b,,,,2022,2022-06-17,劍＆盾,71,79,tcgdex
Pokémon TCG,Chinese (Traditional),三連音爆,,S11,,,,2022,2022-07-29,劍＆盾,100,100,tcgdex
Pokémon TCG,Chinese (Traditional),VSTAR&VMAX 高級牌組 代歐奇希斯,,SPD,,,,2022,2022-08-26,劍＆盾,20,20,tcgdex
Pokémon TCG,Chinese (Traditional),VSTAR&VMAX 高級牌組 捷拉奧拉,,SPZ,,,,2022,2022-08-26,劍＆盾,20,20,tcgdex
Pokémon TCG,Chinese (Traditional),VSTAR特別組合,,SP6,,,,2022,2022-08-26,劍＆盾,6,6,tcgdex
Pokémon TCG,Chinese (Traditional),白熱奧祕,,S11a,,,,2022,2022-09-16,劍＆盾,68,68,tcgdex
Pokémon TCG,Chinese (Traditional),初階牌組100 特別版,,SN,,,,2022,2022-10-02,劍＆盾,24,25,tcgdex
Pokémon TCG,Chinese (Traditional),噴火龍,,SDL,,,,2022,2022-11-04,劍＆盾,21,21,tcgdex
Pokémon TCG,Chinese (Traditional),思維激盪,,S12,,,,2022,2022-11-04,劍＆盾,98,114,tcgdex
Pokémon TCG,Chinese (Traditional),皮卡丘,,SDP,,,,2022,2022-11-04,劍＆盾,22,22,tcgdex
Pokémon TCG,Chinese (Traditional),超夢,,SDM,,,,2022,2022-11-04,劍＆盾,22,22,tcgdex
Pokémon TCG,Chinese (Traditional),天地萬物VSTAR,,S12a,,,,2022,2022-12-02,劍＆盾,172,250,tcgdex
Pokémon TCG,Chinese (Traditional),特典卡 朱&紫,,SV-P,,,,2023,2023-01-26,朱&紫系列,0,94,tcgdex
Pokémon TCG,Chinese (Traditional),朱ex,,SV1S,,,,2023,2023-02-03,朱&紫系列,78,78,tcgdex
Pokémon TCG,Chinese (Traditional),紫ex,,SV1V,,,,2023,2023-02-03,朱&紫系列,78,78,tcgdex
Pokémon TCG,Chinese (Traditional),頂級訓練家收藏箱ex,,SVB,,,,2023,2023-03-03,朱&紫系列,28,36,tcgdex
Pokémon TCG,Chinese (Traditional),三連音爆,,SV1a,,,,2023,2023-03-24,朱&紫系列,73,73,tcgdex
Pokémon TCG,Chinese (Traditional),冰雪險境,,SV2P,,,,2023,2023-04-28,朱&紫系列,71,71,tcgdex
Pokémon TCG,Chinese (Traditional),皮卡丘特別組合,,SVC,,,,2023,2023-04-28,朱&紫系列,21,22,tcgdex
Pokémon TCG,Chinese (Traditional),碟旋暴擊,,SV2D,,,,2023,2023-04-28,朱&紫系列,71,71,tcgdex
Pokémon TCG,Chinese (Traditional),ex特別組合,,SVP1,,,,2023,2023-06-02,朱&紫系列,7,7,tcgdex
Pokémon TCG,Chinese (Traditional),寶可夢卡牌151,,SV2a,,,,2023,2023-06-30,朱&紫系列,165,207,tcgdex
Pokémon TCG,Chinese (Traditional),ex初階牌組,,SVD,,,,2023,2023-07-21,朱&紫系列,139,147,tcgdex
Pokémon TCG,Chinese (Traditional),起始組合ex 呆火鱷&電龍 ex,,SVAL,,,,2023,2023-08-11,朱&紫系列,21,23,tcgdex
Pokémon TCG,Chinese (Traditional),起始組合ex 新葉喵&路卡利歐 ex,,SVAM,,,,2023,2023-08-11,朱&紫系列,23,25,tcgdex
Pokémon TCG,Chinese (Traditional),起始組合ex 潤水鴨&謎擬Ｑ ex,,SVAW,,,,2023,2023-08-11,朱&紫系列,23,25,tcgdex
Pokémon TCG,Chinese (Traditional),黯焰支配者,,SV3,,,,2023,2023-08-11,朱&紫系列,108,138,tcgdex
Pokémon TCG,Chinese (Traditional),黯焰支配者,,SVF,,,,2023,2023-08-11,朱&紫系列,38,46,tcgdex
Pokémon TCG,Chinese (Traditional),激狂駭浪,,SV3a,,,,2023,2023-09-29,朱&紫系列,62,89,tcgdex
Pokémon TCG,Chinese (Traditional),超夢ex,,SVEM,,,,2023,2023-09-29,朱&紫系列,20,21,tcgdex
Pokémon TCG,Chinese (Traditional),骨紋巨聲鱷ex,,SVEL,,,,2023,2023-09-29,朱&紫系列,20,21,tcgdex
Pokémon TCG,Chinese (Traditional),古代咆哮,,SV4K,,,,2023,2023-11-10,朱&紫系列,66,66,tcgdex
Pokémon TCG,Chinese (Traditional),未來閃光,,SV4M,,,,2023,2023-11-10,朱&紫系列,66,66,tcgdex
Pokémon TCG,Chinese (Traditional),閃色寶藏ex,,SV4a,,,,2023,2023-12-22,朱&紫系列,190,314,tcgdex
Pokémon TCG,Chinese (Traditional),未來密勒頓ex,,SVHK,,,,2024,2024-02-02,朱&紫系列,22,24,tcgdex
Pokémon TCG,Chinese (Traditional),狂野之力,,SV5K,,,,2024,2024-02-02,朱&紫系列,71,46,tcgdex
Pokémon TCG,Chinese (Traditional),異度審判,,SV5M,,,,2024,2024-02-02,朱&紫系列,71,97,tcgdex
Pokémon TCG,Chinese (Traditional),閃色寶藏ex,,SVHM,,,,2024,2024-02-02,朱&紫系列,22,24,tcgdex
Pokémon TCG,Chinese (Traditional),緋紅薄霧,,SV5a,,,,2024,2024-04-03,朱&紫系列,66,66,tcgdex
Pokémon TCG,Chinese (Traditional),三連音爆,,CS1.5,,,,2024,2024-04-26,劍＆盾,101,0,tcgdex
Pokémon TCG,Chinese (Traditional),三連音爆,,CS1a,,,,2024,2024-04-26,劍＆盾,101,0,tcgdex
Pokémon TCG,Chinese (Traditional),三連音爆,,CS1b,,,,2024,2024-04-26,劍＆盾,101,0,tcgdex
Pokémon TCG,Chinese (Traditional),三連音爆,,CS2.5,,,,2024,2024-04-26,劍＆盾,101,0,tcgdex
Pokémon TCG,Chinese (Traditional),三連音爆,,CS2a,,,,2024,2024-04-26,劍＆盾,101,0,tcgdex
Pokémon TCG,Chinese (Traditional),三連音爆,,CS2b,,,,2024,2024-04-26,劍＆盾,101,0,tcgdex
Pokémon TCG,Chinese (Traditional),三連音爆,,CS3.5,,,,2024,2024-04-26,劍＆盾,101,0,tcgdex
Pokémon TCG,Chinese (Traditional),三連音爆,,CS3D,,,,2024,2024-04-26,劍＆盾,101,0,tcgdex
Pokémon TCG,Chinese (Traditional),三連音爆,,CS3a,,,,2024,2024-04-26,劍＆盾,101,0,tcgdex
Pokémon TCG,Chinese (Traditional),三連音爆,,CS3b,,,,2024,2024-04-26,劍＆盾,101,0,tcgdex
Pokémon TCG,Chinese (Traditional),三連音爆,,CS4,,,,2024,2024-04-26,劍＆盾,101,0,tcgdex
Pokémon TCG,Chinese (Traditional),三連音爆,,CS4Da,,,,2024,2024-04-26,劍＆盾,101,0,tcgdex
Pokémon TCG,Chinese (Traditional),三連音爆,,CS4a,,,,2024,2024-04-26,劍＆盾,101,0,tcgdex
Pokémon TCG,Chinese (Traditional),三連音爆,,CS4b,,,,2024,2024-04-26,劍＆盾,101,0,tcgdex
Pokémon TCG,Chinese (Traditional),三連音爆,,CSA,,,,2024,2024-04-26,劍＆盾,101,0,tcgdex
Pokémon TCG,Chinese (Traditional),變幻假面,,SV6,,,,2024,2024-05-10,朱&紫系列,101,130,tcgdex
Pokémon TCG,Chinese (Traditional),黑夜漫遊者,,SV6a,,,,2024,2024-06-21,朱&紫系列,64,64,tcgdex
Pokémon TCG,Chinese (Traditional),星晶奇跡,,SV7,,,,2024,2024-08-02,朱&紫系列,102,132,tcgdex
Pokémon TCG,Chinese (Traditional),樂園騰龍,,SV7a,,,,2024,2024-09-27,朱&紫系列,64,64,tcgdex
Pokémon TCG,Chinese (Traditional),超電突圍,,SV8,,,,2024,2024-10-25,朱&紫系列,106,106,tcgdex
Pokémon TCG,Chinese (Traditional),太晶慶典ex,,SV8a,,,,2024,2024-12-20,朱&紫系列,187,237,tcgdex
Pokémon TCG,Chinese (Traditional),對戰搭檔,,SV9,,,,2025,2025-02-07,朱&紫系列,100,100,tcgdex
Pokémon TCG,Chinese (Traditional),熱風競技場,,SV9a,,,,2025,2025-03-28,朱&紫系列,63,92,tcgdex
Pokémon TCG,Chinese (Traditional),火箭隊的榮耀,,SV10,,,,2025,2025-05-02,朱&紫系列,98,98,tcgdex
Sports & Entertainment Cards,English,1992 MARVEL UNIVERSE SERIES 1,1992 MARVEL UNIVERSE SERIES 1,,Impel,marvel,1992,1992,1992-01-01,,,2,"sports_database.xlsx,sports_seed"
Sports & Entertainment Cards,English,1996-97 SKYBOX PREMIUM BASKETBALL,1996-97 SKYBOX PREMIUM BASKETBALL,,Skybox,basketball,1996-97,1996,1996-11-01,,,3,"sports_database.xlsx,sports_seed"
Sports & Entertainment Cards,English,2024 TOPPS CHROME UFC,2024 TOPPS CHROME UFC,,Topps,ufc,2024,2024,2024-06-12,,,4,"sports_database.xlsx,sports_seed"
Sports & Entertainment Cards,English,2024 PANINI PRIZM SOCCER,2024 PANINI PRIZM SOCCER,,Panini,soccer,2024,2024,2024-08-20,,,4,"sports_database.xlsx,sports_seed"
Sports & Entertainment Cards,English,2024 PANINI DONRUSS FOOTBALL,2024 PANINI DONRUSS FOOTBALL,,Panini,football,2024,2024,2024-09-01,,,3,"sports_database.xlsx,sports_seed"
Sports & Entertainment Cards,English,2024 PANINI FLAWLESS WWE,2024 PANINI FLAWLESS WWE,,Panini,wrestling,2024,2024,2024-11-15,,,4,"sports_database.xlsx,sports_seed"
Sports & Entertainment Cards,English,2025 TOPPS UEFA CLUB COMPETITIONS,2025 TOPPS UEFA CLUB COMPETITIONS,,Topps,soccer,2025,2025,2025-03-01,,,3,"sports_database.xlsx,sports_seed"
Sports & Entertainment Cards,English,2025-26 TOPPS MANCHESTER UNITED TEAM SET,2025-26 TOPPS MANCHESTER UNITED TEAM SET,,Topps,soccer,2025-26,2025,2025-09-01,,,6,"sports_database.xlsx,sports_seed,sports_checklists.xlsx"
Sports & Entertainment Cards,English,2025 TOPPS CHROME FOOTBALL,2025 TOPPS CHROME FOOTBALL,,Topps,football,2025,2025,2025-10-01,,,5,"sports_database.xlsx,sports_seed"
Sports & Entertainment Cards,English,2026 UPPER DECK AEW WRESTLING,2026 UPPER DECK AEW WRESTLING,,Upper Deck,wrestling,2026,2026,2026-01-15,,,4,"sports_database.xlsx,sports_seed"
Sports & Entertainment Cards,Japanese,1989 BANDAI CARDDASS DRAGON BALL Z PART 1,1989 BANDAI CARDDASS DRAGON BALL Z PART 1,,Bandai,carddass,1989,1989,1989-01-01,,,2,"sports_database.xlsx,sports_seed"
Sports & Entertainment Cards,Japanese,1998 MEIJI POKEMON GET CARD,1998 MEIJI POKEMON GET CARD,,Meiji,promo,1998,1998,1998-01-01,,,1,"sports_database.xlsx,sports_seed"
UniVersus,English,Attack On Titan: Origins of Power,Attack On Titan: Origins of Power,AOT02,,,,,,,,192,tcgcsv
UniVersus,English,Attack on Titan: Apocalypse,Attack on Titan: Apocalypse,AOT03,,,,,,,,232,tcgcsv
UniVersus,English,Attack on Titan: Battle for Humanity,Attack on Titan: Battle for Humanity,AOT1,,,,,,,,343,tcgcsv
UniVersus,English,Capcom Casual League Kit,Capcom Casual League Kit,UFSCLK,,,,,,,,234,tcgcsv
UniVersus,English,Capcom Platinum Series,Capcom Platinum Series,CPS,,,,,,,,247,tcgcsv
UniVersus,English,Challenger Series: Attack on Titan: Battle for Humanity,Challenger Series: Attack on Titan: Battle for Humanity,CSAOT,,,,,,,,22,tcgcsv
UniVersus,English,Challenger Series: Cowboy Bebop and Trigun Stampede,Challenger Series: Cowboy Bebop and Trigun Stampede,CBTS,,,,,,,,42,tcgcsv
UniVersus,English,Challenger Series: Godzilla,Challenger Series: Godzilla,,,,,,,,,44,tcgcsv
UniVersus,English,Challenger Series: My Hero Academia - Dark Hero Arc,Challenger Series: My Hero Academia - Dark Hero Arc,DHA,,,,,,,,22,tcgcsv
UniVersus,English,Challenger Series: My Hero Academia - Final Battle,Challenger Series: My Hero Academia - Final Battle,,,,,,,,,42,tcgcsv
UniVersus,English,Challenger Series: Solo Leveling,Challenger Series: Solo Leveling,SLO,,,,,,,,21,tcgcsv
UniVersus,English,Challenger Series: Star Trek: Lower Decks,Challenger Series: Star Trek: Lower Decks,,,,,,,,,88,tcgcsv
UniVersus,English,Challenger Series: Street Fighter 6,Challenger Series: Street Fighter 6,SF6,,,,,,,,58,tcgcsv
UniVersus,English,Challenger Series: The King of Fighters XV,Challenger Series: The King of Fighters XV,,,,,,,,,62,tcgcsv
UniVersus,English,Challenger Series: Vox Machina and Mighty Nein,Challenger Series: Vox Machina and Mighty Nein,VMMN,,,,,,,,42,tcgcsv
UniVersus,English,Cowboy Bebop,Cowboy Bebop,CBB,,,,,,,,145,tcgcsv
UniVersus,English,Cowboy Bebop DLC,Cowboy Bebop DLC,DLC5,,,,,,,,12,tcgcsv
UniVersus,English,Critical Role: Heroes of Exandria,Critical Role: Heroes of Exandria,CR02,,,,,,,,212,tcgcsv
UniVersus,English,Darkstalkers,Darkstalkers,DS01,,,,,,,,1,tcgcsv
UniVersus,English,Darkstalkers: Collector's Tins,Darkstalkers: Collector's Tins,DS01,,,,,,,,78,tcgcsv
UniVersus,English,Darkstalkers: Warriors of the Night,Darkstalkers: Warriors of the Night,DS02,,,,,,,,148,tcgcsv
UniVersus,English,GUILTY GEAR -STRIVE-,GUILTY GEAR -STRIVE-,,,,,,,,,119,tcgcsv
UniVersus,English,Godzilla: Reign of Kaiju,Godzilla: Reign of Kaiju,GDZ01,,,,,,,,244,tcgcsv
UniVersus,English,Mega Man: Battle for Power,Mega Man: Battle for Power,MM02,,,,,,,,110,tcgcsv
UniVersus,English,Mega Man: Collector's Tins,Mega Man: Collector's Tins,MM01,,,,,,,,76,tcgcsv
UniVersus,English,Mega Man: Rise of Masters,Mega Man: Rise of Masters,MM03,,,,,,,,151,tcgcsv
UniVersus,English,Mortal Kombat DLC,Mortal Kombat DLC,DLC4,,,,,,,,12,tcgcsv
UniVersus,English,Mortal Kombat X,Mortal Kombat X,MKX,,,,,,,,189,tcgcsv
UniVersus,English,Red Horizon,Red Horizon,RH01,,,,,,,,99,tcgcsv
UniVersus,English,Red Horizon: Blood Omen,Red Horizon: Blood Omen,RH03,,,,,,,,166,tcgcsv
UniVersus,English,Red Horizon: Tides of Vengeance,Red Horizon: Tides of Vengeance,RH02,,,,,,,,176,tcgcsv
UniVersus,English,Seventh Cross,Seventh Cross,SVC,,,,,,,,88,tcgcsv
UniVersus,English,Soul Calibur VI DLC,Soul Calibur VI DLC,DLC2,,,,,,,,12,tcgcsv
UniVersus,English,Soul Calibur VI DLC 2,Soul Calibur VI DLC 2,DLC6,,,,,,,,10,tcgcsv
UniVersus,English,SoulCalibur VI,SoulCalibur VI,SCVI,,,,,,,,109,tcgcsv
UniVersus,English,SoulCalibur VI: Libra of Souls,SoulCalibur VI: Libra of Souls,SCVI2,,,,,,,,110,tcgcsv
UniVersus,English,Street Fighter CCG,Street Fighter CCG,SF01,,,,,,,,192,tcgcsv
UniVersus,English,Street Fighter DLC,Street Fighter DLC,DLC3,,,,,,,,12,tcgcsv
UniVersus,English,Street Fighter vs. Darkstalkers,Street Fighter vs. Darkstalkers,SFVD,,,,,,,,84,tcgcsv
UniVersus,English,TEKKEN 8,TEKKEN 8,TK8,,,,,,,,105,tcgcsv
UniVersus,English,TEKKEN 8: Clash Decks,TEKKEN 8: Clash Decks,TK8,,,,,,,,38,tcgcsv
UniVersus,English,Teenage Mutant Ninja Turtles,Teenage Mutant Ninja Turtles,TMNT,,,,,,,,264,tcgcsv
UniVersus,English,UniVersus Promos,UniVersus Promos,UVSP,,,,,,,,86,tcgcsv
UniVersus,English,UniVersus: My Hero Academia,UniVersus: My Hero Academia,MHA,,,,,,,,182,tcgcsv
UniVersus,English,UniVersus: My Hero Academia DLC,UniVersus: My Hero Academia DLC,DLC7,,,,,,,,12,tcgcsv
UniVersus,English,UniVersus: My Hero Academia Promo Cards,UniVersus: My Hero Academia Promo Cards,MHAP,,,,,,,,270,tcgcsv
UniVersus,English,UniVersus: My Hero Academia: Crimson Rampage,UniVersus: My Hero Academia: Crimson Rampage,MHA2,,,,,,,,119,tcgcsv
UniVersus,English,UniVersus: My Hero Academia: Crimson Rampage DLC,UniVersus: My Hero Academia: Crimson Rampage DLC,MHA-DLC02,,,,,,,,12,tcgcsv
UniVersus,English,UniVersus: My Hero Academia: Girl Power,UniVersus: My Hero Academia: Girl Power,MHA7,,,,,,,,202,tcgcsv
UniVersus,English,UniVersus: My Hero Academia: Heroes Clash,UniVersus: My Hero Academia: Heroes Clash,MHA3,,,,,,,,133,tcgcsv
UniVersus,English,UniVersus: My Hero Academia: Heroes Clash DLC,UniVersus: My Hero Academia: Heroes Clash DLC,MHA-DLC03,,,,,,,,12,tcgcsv
UniVersus,English,UniVersus: My Hero Academia: Jet Burn,UniVersus: My Hero Academia: Jet Burn,MHA6,,,,,,,,199,tcgcsv
UniVersus,English,UniVersus: My Hero Academia: League of Villains,UniVersus: My Hero Academia: League of Villains,MHA4,,,,,,,,146,tcgcsv
UniVersus,English,UniVersus: My Hero Academia: League of Villains DLC Pack,UniVersus: My Hero Academia: League of Villains DLC Pack,MHA-DLC04,,,,,,,,12,tcgcsv
UniVersus,English,UniVersus: My Hero Academia: Undaunted Raid,UniVersus: My Hero Academia: Undaunted Raid,MHA5,,,,,,,,151,tcgcsv
UniVersus,English,World of Indines,World of Indines,IN01,,,,,,,,100,tcgcsv
UniVersus,English,Yu Yu Hakusho,Yu Yu Hakusho,YYH,,,,,,,,81,tcgcsv
UniVersus,English,Yu Yu Hakusho: Dark Tournament,Yu Yu Hakusho: Dark Tournament,YDT,,,,,,,,204,tcgcsv
UniVersus,English,ZENESCOPE - Grimm Fairy Tales DLC,ZENESCOPE - Grimm Fairy Tales DLC,DLC1,,,,,,,,12,tcgcsv
Warhammer Age of Sigmar Champions,English,Warband Collectors Pack 1,Warband Collectors Pack 1,WHAOSWCP,,,,,,,,8,tcgcsv
Warhammer Age of Sigmar Champions,English,Warband Collectors Pack 2,Warband Collectors Pack 2,WHAOSWB2,,,,,,,,8,tcgcsv
Warhammer Age of Sigmar Champions,English,Wave 1,Wave 1,WHAOSC,,,,,,,,278,tcgcsv
Warhammer Age of Sigmar Champions,English,Wave 2 - Onslaught,Wave 2 - Onslaught,WHAOSCO,,,,,,,,129,tcgcsv
Warhammer Age of Sigmar Champions,English,Wave 3 - Savagery,Wave 3 - Savagery,WHAOSSA,,,,,,,,152,tcgcsv
Weiss Schwarz,English,Accel World,Accel World,AW/S18,,,,,,,,143,tcgcsv
Weiss Schwarz,English,Accel World -Infinite Burst-,Accel World -Infinite Burst-,AW/S43,,,,,,,,125,tcgcsv
Weiss Schwarz,English,Adventure Time,Adventure Time,AT/WX02,,,,,,,,174,tcgcsv
Weiss Schwarz,English,Angel Beats! Re:Edit,Angel Beats! Re:Edit,AB/W31,,,,,,,,191,tcgcsv
Weiss Schwarz,English,Arifureta: From Commonplace to World's Strongest,Arifureta: From Commonplace to World's Strongest,ARI/S103,,,,,,,,187,tcgcsv
Weiss Schwarz,English,Attack On Titan: Final Season,Attack On Titan: Final Season,AOT/SX04,,,,,,,,198,tcgcsv
Weiss Schwarz,English,Attack on Titan,Attack on Titan,AOT/S35,,,,,,,,167,tcgcsv
Weiss Schwarz,English,Attack on Titan Vol. 2,Attack on Titan Vol. 2,AOT/S50,,,,,,,,147,tcgcsv
Weiss Schwarz,English,Avatar: The Last Airbender,Avatar: The Last Airbender,ATLA/WX04,,,,,,,,197,tcgcsv
Weiss Schwarz,English,Ayakashi Triangle,Ayakashi Triangle,AYT,,,,,,,,205,tcgcsv
Weiss Schwarz,English,Azur Lane,Azur Lane,AZL/S102,,,,,,,,465,tcgcsv
Weiss Schwarz,English,Azur Lane Vol. 2,Azur Lane Vol. 2,AZL/S119,,,,,,,,316,tcgcsv
Weiss Schwarz,English,BAKEMONOGATARI,BAKEMONOGATARI,BM/S15,,,,,,,,146,tcgcsv
Weiss Schwarz,English,BOCCHI THE ROCK!,BOCCHI THE ROCK!,BTR,,,,,,,,256,tcgcsv
Weiss Schwarz,English,"BOFURI: I Don't Want to Get Hurt, so I'll Max Out My Defense","BOFURI: I Don't Want to Get Hurt, so I'll Max Out My Defense",BFR/S78,,,,,,,,185,tcgcsv
Weiss Schwarz,English,BanG Dream!,BanG Dream!,BD/W47,,,,,,,,201,tcgcsv
Weiss Schwarz,English,BanG Dream! 10th Anniversary! Premium Booster,BanG Dream! 10th Anniversary! Premium Booster,BD/,,,,,,,,181,tcgcsv
Weiss Schwarz,English,BanG Dream! Girls Band Party!,BanG Dream! Girls Band Party!,BD/W54,,,,,,,,299,tcgcsv
Weiss Schwarz,English,BanG Dream! Girls Band Party! 5th Anniversary,BanG Dream! Girls Band Party! 5th Anniversary,BD/W95,,,,,,,,280,tcgcsv
Weiss Schwarz,English,BanG Dream! Girls Band Party! Countdown Collection Premium Booster,BanG Dream! Girls Band Party! Countdown Collection Premium Booster,BD/WE42,,,,,,,,295,tcgcsv
Weiss Schwarz,English,BanG Dream! Girls Band Party! MULTI LIVE,BanG Dream! Girls Band Party! MULTI LIVE,BD/EN-W03,,,,,,,,251,tcgcsv
Weiss Schwarz,English,BanG Dream! Girls Band Party! Premium Booster,BanG Dream! Girls Band Party! Premium Booster,BD/WE32,,,,,,,,70,tcgcsv
Weiss Schwarz,English,BanG Dream! Girls Band Party! Vol.2,BanG Dream! Girls Band Party! Vol.2,BD/W63,,,,,,,,251,tcgcsv
Weiss Schwarz,English,BanG Dream! Vol.2,BanG Dream! Vol.2,BD/W73,,,,,,,,303,tcgcsv
Weiss Schwarz,English,Batman Ninja,Batman Ninja,BNJ/SX0,,,,,,,,163,tcgcsv
Weiss Schwarz,English,Blue Archive,Blue Archive,BAV,,,,,,,,327,tcgcsv
Weiss Schwarz,English,Blue Archive The Animation,Blue Archive The Animation,BAV/,,,,,,,,221,tcgcsv
Weiss Schwarz,English,Bushiroad Event Cards,Bushiroad Event Cards,EVENT,,,,,,,,110,tcgcsv
Weiss Schwarz,English,Cardcaptor Sakura: Clear Card,Cardcaptor Sakura: Clear Card,CCS/WX01,,,,,,,,166,tcgcsv
Weiss Schwarz,English,Chainsaw Man,Chainsaw Man,CSM,,,,,,,,202,tcgcsv
Weiss Schwarz,English,DANDADAN,DANDADAN,DDD,,,,,,,,298,tcgcsv
Weiss Schwarz,English,Date A Bullet,Date A Bullet,DAL/WE33,,,,,,,,58,tcgcsv
Weiss Schwarz,English,Date A Live,Date A Live,DAL/W79,,,,,,,,166,tcgcsv
Weiss Schwarz,English,Date A Live Vol.2,Date A Live Vol.2,DAL,,,,,,,,151,tcgcsv
Weiss Schwarz,English,Dengeki Bunko,Dengeki Bunko,G**,,,,,,,,385,tcgcsv
Weiss Schwarz,English,Disgaea,Disgaea,DG/EN-S03,,,,,,,,214,tcgcsv
Weiss Schwarz,English,FAIRY TAIL 100 YEARS QUEST,FAIRY TAIL 100 YEARS QUEST,FT/,,,,,,,,236,tcgcsv
Weiss Schwarz,English,Fairy Tail Chronicle Set,Fairy Tail Chronicle Set,FT/,,,,,,,,178,tcgcsv
Weiss Schwarz,English,Fairy Tail ver.E,Fairy Tail ver.E,FT/EN-S02,,,,,,,,178,tcgcsv
Weiss Schwarz,English,Fate/Apocrypha,Fate/Apocrypha,APO/S53,,,,,,,,156,tcgcsv
Weiss Schwarz,English,Fate/Grand Order Absolute Demonic Front: Babylonia,Fate/Grand Order Absolute Demonic Front: Babylonia,FGO/S75,,,,,,,,163,tcgcsv
Weiss Schwarz,English,Fate/Grand Order THE MOVIE Divine Realm of the Round Table: Camelot,Fate/Grand Order THE MOVIE Divine Realm of the Round Table: Camelot,FGO/S87,,,,,,,,149,tcgcsv
Weiss Schwarz,English,Fate/Zero,Fate/Zero,FZ/S17,,,,,,,,150,tcgcsv
Weiss Schwarz,English,Fate/Zero Chronicle Set,Fate/Zero Chronicle Set,FZ/SC17,,,,,,,,146,tcgcsv
Weiss Schwarz,English,Fate/kaleid liner PRISMA ILLYA DX,Fate/kaleid liner PRISMA ILLYA DX,PI/EN-S04,,,,,,,,107,tcgcsv
Weiss Schwarz,English,Fate/stay night [Heaven's Feel],Fate/stay night [Heaven's Feel],FS/S64,,,,,,,,139,tcgcsv
Weiss Schwarz,English,Fate/stay night [Heaven's Feel] Vol.2,Fate/stay night [Heaven's Feel] Vol.2,FS/S77,,,,,,,,138,tcgcsv
Weiss Schwarz,English,Fate/stay night [Unlimited Blade Works],Fate/stay night [Unlimited Blade Works],FS/S34,,,,,,,,145,tcgcsv
Weiss Schwarz,English,Fate/stay night [Unlimited Blade Works] Vol. II,Fate/stay night [Unlimited Blade Works] Vol. II,FS/S36,,,,,,,,125,tcgcsv
Weiss Schwarz,English,Frieren: Beyond Journey's End,Frieren: Beyond Journey's End,SFN/S108,,,,,,,,265,tcgcsv
Weiss Schwarz,English,Fujimi Fantasia Bunko,Fujimi Fantasia Bunko,Fab/W65,,,,,,,,185,tcgcsv
Weiss Schwarz,English,Fujimi Fantasia Bunko Vol.2,Fujimi Fantasia Bunko Vol.2,F**/,,,,,,,,407,tcgcsv
Weiss Schwarz,English,GODDESS OF VICTORY: NIKKE,GODDESS OF VICTORY: NIKKE,NIK,,,,,,,,355,tcgcsv
Weiss Schwarz,English,GODDESS OF VICTORY: NIKKE Vol.2,GODDESS OF VICTORY: NIKKE Vol.2,NIK/,,,,,,,,0,tcgcsv
Weiss Schwarz,English,Girls Band Cry Premium Booster,Girls Band Cry Premium Booster,GCR,,,,,,,,203,tcgcsv
Weiss Schwarz,English,Goblin Slayer,Goblin Slayer,GBS/S63,,,,,,,,162,tcgcsv
Weiss Schwarz,English,Guilty Gear -Strive-,Guilty Gear -Strive-,GGST,,,,,,,,209,tcgcsv
Weiss Schwarz,English,Gurren Lagann,Gurren Lagann,GL/S52,,,,,,,,155,tcgcsv
Weiss Schwarz,English,HATSUNE MIKU: COLORFUL STAGE!,HATSUNE MIKU: COLORFUL STAGE!,PJS,,,,,,,,337,tcgcsv
Weiss Schwarz,English,Hatsune Miku -Project DIVA- f,Hatsune Miku -Project DIVA- f,PD/S22,,,,,,,,192,tcgcsv
Weiss Schwarz,English,Hatsune Miku: Project DIVA F 2nd,Hatsune Miku: Project DIVA F 2nd,PD/S29,,,,,,,,176,tcgcsv
Weiss Schwarz,English,Is it Wrong to Try to Pick Up Girls in a Dungeon?,Is it Wrong to Try to Pick Up Girls in a Dungeon?,DDM/S88,,,,,,,,171,tcgcsv
Weiss Schwarz,English,JoJo's Bizarre Adventure: Golden Wind,JoJo's Bizarre Adventure: Golden Wind,JJ/S66,,,,,,,,188,tcgcsv
Weiss Schwarz,English,JoJo's Bizarre Adventure: Stardust Crusaders Premium Booster,JoJo's Bizarre Adventure: Stardust Crusaders Premium Booster,JJ,,,,,,,,127,tcgcsv
Weiss Schwarz,English,JoJo's Bizarre Adventure: Stone Ocean Premium Booster,JoJo's Bizarre Adventure: Stone Ocean Premium Booster,JJ,,,,,,,,128,tcgcsv
Weiss Schwarz,English,KILL la KILL,KILL la KILL,KLK/S27,,,,,,,,153,tcgcsv
Weiss Schwarz,English,KILL la KILL Power Up Set,KILL la KILL Power Up Set,KLK/SP03,,,,,,,,20,tcgcsv
Weiss Schwarz,English,KONOSUBA -God’s blessing on this wonderful world! Re:Edit,KONOSUBA -God’s blessing on this wonderful world! Re:Edit,KS/,,,,,,,,135,tcgcsv
Weiss Schwarz,English,Kaguya-Sama: Love is War?,Kaguya-Sama: Love is War?,LIW,,,,,,,,170,tcgcsv
Weiss Schwarz,English,Kaguya-sama: Love is War,Kaguya-sama: Love is War,KGL/S79,,,,,,,,170,tcgcsv
Weiss Schwarz,English,KanColle,KanColle,KC/S25,,,,,,,,259,tcgcsv
Weiss Schwarz,English,"KanColle, 2nd Fleet","KanColle, 2nd Fleet",KC/S31,,,,,,,,150,tcgcsv
Weiss Schwarz,English,KanColle: Arrival! Reinforcement Fleets from Europe!,KanColle: Arrival! Reinforcement Fleets from Europe!,KC/S42,,,,,,,,135,tcgcsv
Weiss Schwarz,English,"KanColle: Fleet in the Deep Sea, Sighted!","KanColle: Fleet in the Deep Sea, Sighted!",KC/SE28,,,,,,,,66,tcgcsv
Weiss Schwarz,English,KonoSuba,KonoSuba,KS/W49,,,,,,,,153,tcgcsv
Weiss Schwarz,English,KonoSuba 2,KonoSuba 2,KS/W55,,,,,,,,131,tcgcsv
Weiss Schwarz,English,KonoSuba The Movie: Legend of Crimson,KonoSuba The Movie: Legend of Crimson,KS/W76,,,,,,,,138,tcgcsv
Weiss Schwarz,English,LOG HORIZON,LOG HORIZON,LH/SE20,,,,,,,,80,tcgcsv
Weiss Schwarz,English,LOG HORIZON Power Up Set,LOG HORIZON Power Up Set,,,,,,,,,20,tcgcsv
Weiss Schwarz,English,Love Live!,Love Live!,LL/W24,,,,,,,,188,tcgcsv
Weiss Schwarz,English,Love Live! DX,Love Live! DX,LL/EN-W01,,,,,,,,140,tcgcsv
Weiss Schwarz,English,Love Live! DX Vol.2,Love Live! DX Vol.2,LL/EN-W02,,,,,,,,240,tcgcsv
Weiss Schwarz,English,Love Live! School Idol Festival Series 10th Anniversary Premium Booster,Love Live! School Idol Festival Series 10th Anniversary Premium Booster,LL,,,,,,,,184,tcgcsv
Weiss Schwarz,English,Love Live! School idol festival 2 MIRACLE LIVE!,Love Live! School idol festival 2 MIRACLE LIVE!,SIF,,,,,,,,288,tcgcsv
Weiss Schwarz,English,Love Live! Sunshine!!,Love Live! Sunshine!!,LSS/W45,,,,,,,,169,tcgcsv
Weiss Schwarz,English,Love Live! Sunshine!! Extra Booster,Love Live! Sunshine!! Extra Booster,LSS/WE27,,,,,,,,108,tcgcsv
Weiss Schwarz,English,Love Live! Vol. 2,Love Live! Vol. 2,LL/W34,,,,,,,,173,tcgcsv
Weiss Schwarz,English,Lycoris Recoil,Lycoris Recoil,LRC,,,,,,,,197,tcgcsv
Weiss Schwarz,English,Lycoris Recoil Premium Booster,Lycoris Recoil Premium Booster,LRC,,,,,,,,118,tcgcsv
Weiss Schwarz,English,MACROSS Delta Premium Booster,MACROSS Delta Premium Booster,MDE/SE45,,,,,,,,151,tcgcsv
Weiss Schwarz,English,Magia Record: Puella Magi Madoka Magica [Side Story] (Anime),Magia Record: Puella Magi Madoka Magica [Side Story] (Anime),MR/W80,,,,,,,,165,tcgcsv
Weiss Schwarz,English,Magia Record: Puella Magi Madoka Magica [Side Story] (Mobile),Magia Record: Puella Magi Madoka Magica [Side Story] (Mobile),MR/W59,,,,,,,,155,tcgcsv
Weiss Schwarz,English,Makeine: Too Many Losing Heroines!,Makeine: Too Many Losing Heroines!,MKI/,,,,,,,,273,tcgcsv
Weiss Schwarz,English,Miss Kobayashi's Dragon Maid,Miss Kobayashi's Dragon Maid,KMD,,,,,,,,214,tcgcsv
Weiss Schwarz,English,Mob Psycho 100,Mob Psycho 100,MOB/SX02,,,,,,,,164,tcgcsv
Weiss Schwarz,English,Morfonica x RAISE A SUILEN,Morfonica x RAISE A SUILEN,BD/WE34,,,,,,,,97,tcgcsv
Weiss Schwarz,English,Mushoku Tensei: Jobless Reincarnation,Mushoku Tensei: Jobless Reincarnation,MTI/S83,,,,,,,,183,tcgcsv
Weiss Schwarz,English,MyGO!!!!! x Ave Mujica,MyGO!!!!! x Ave Mujica,BD,,,,,,,,296,tcgcsv
Weiss Schwarz,English,NISEKOI -False Love-,NISEKOI -False Love-,NK/W30,,,,,,,,148,tcgcsv
Weiss Schwarz,English,NISEKOI Extra Booster,NISEKOI Extra Booster,NK/WE22,,,,,,,,39,tcgcsv
Weiss Schwarz,English,NISEMONOGATARI,NISEMONOGATARI,NM/S24,,,,,,,,118,tcgcsv
Weiss Schwarz,English,Nazarick: Tomb of the Undead,Nazarick: Tomb of the Undead,OVL/S62,,,,,,,,171,tcgcsv
Weiss Schwarz,English,Nazarick: Tomb of the Undead Vol.2,Nazarick: Tomb of the Undead Vol.2,OVL/S99,,,,,,,,158,tcgcsv
Weiss Schwarz,English,Nazarick: Tomb of the Undead Vol.3 Extra Booster,Nazarick: Tomb of the Undead Vol.3 Extra Booster,OVL/,,,,,,,,141,tcgcsv
Weiss Schwarz,English,No Game No Life,No Game No Life,NGL/S58,,,,,,,,162,tcgcsv
Weiss Schwarz,English,Persona 3 Reload Premium Booster,Persona 3 Reload Premium Booster,P3,,,,,,,,130,tcgcsv
Weiss Schwarz,English,Persona 4 ver.E,Persona 4 ver.E,P4/EN-S01,,,,,,,,160,tcgcsv
Weiss Schwarz,English,Persona 5,Persona 5,P5/S45,,,,,,,,165,tcgcsv
Weiss Schwarz,English,Poppin’Party x Roselia,Poppin’Party x Roselia,BD/WE35,,,,,,,,78,tcgcsv
Weiss Schwarz,English,Promo Cards,Promo Cards,PR,,,,,,,,30,tcgcsv
Weiss Schwarz,English,Puella Magi Madoka Magica,Puella Magi Madoka Magica,MM/W17,,,,,,,,150,tcgcsv
Weiss Schwarz,English,Puella Magi Madoka Magica the Movie -Rebellion-,Puella Magi Madoka Magica the Movie -Rebellion-,MM/W35,,,,,,,,131,tcgcsv
Weiss Schwarz,English,RWBY,RWBY,RWBY/WX03,,,,,,,,172,tcgcsv
Weiss Schwarz,English,RWBY Premium Booster,RWBY Premium Booster,RWBY,,,,,,,,118,tcgcsv
Weiss Schwarz,English,Rascal Does Not Dream Series,Rascal Does Not Dream Series,SBY,,,,,,,,209,tcgcsv
Weiss Schwarz,English,Rascal Does Not Dream of Bunny Girl Senpai,Rascal Does Not Dream of Bunny Girl Senpai,SBY/W64,,,,,,,,168,tcgcsv
Weiss Schwarz,English,Rascal Does Not Dream of Santa Claus,Rascal Does Not Dream of Santa Claus,SBY/,,,,,,,,0,tcgcsv
Weiss Schwarz,English,Rascal Does Not Dream of a Dreaming Girl,Rascal Does Not Dream of a Dreaming Girl,SHS/W56,,,,,,,,150,tcgcsv
Weiss Schwarz,English,Re:ZERO,Re:ZERO,RZ/S46,,,,,,,,165,tcgcsv
Weiss Schwarz,English,Re:ZERO -Starting Life in Another World- Vol.3,Re:ZERO -Starting Life in Another World- Vol.3,RZ/,,,,,,,,0,tcgcsv
Weiss Schwarz,English,Re:ZERO Memory Snow,Re:ZERO Memory Snow,RZ/S68,,,,,,,,134,tcgcsv
Weiss Schwarz,English,Re:ZERO Vol.2,Re:ZERO Vol.2,RZ/S55,,,,,,,,135,tcgcsv
Weiss Schwarz,English,Re:ZERO: The Frozen Bond,Re:ZERO: The Frozen Bond,RZ/SE35,,,,,,,,55,tcgcsv
Weiss Schwarz,English,Rent-A-Girlfriend,Rent-A-Girlfriend,KNK/W86,,,,,,,,166,tcgcsv
Weiss Schwarz,English,Revue Starlight,Revue Starlight,RSL/S56,,,,,,,,190,tcgcsv
Weiss Schwarz,English,Revue Starlight -Re LIVE-,Revue Starlight -Re LIVE-,RSL/S69,,,,,,,,158,tcgcsv
Weiss Schwarz,English,Revue Starlight The Movie,Revue Starlight The Movie,RSL,,,,,,,,176,tcgcsv
Weiss Schwarz,English,Rurouni Kenshin,Rurouni Kenshin,RKN,,,,,,,,254,tcgcsv
Weiss Schwarz,English,SAO Alternative–Gun Gale Online,SAO Alternative–Gun Gale Online,GGO/S59,,,,,,,,161,tcgcsv
Weiss Schwarz,English,SAO Alternative–Gun Gale Online–2 Extra Booster,SAO Alternative–Gun Gale Online–2 Extra Booster,GGO,,,,,,,,139,tcgcsv
Weiss Schwarz,English,SPY x FAMILY,SPY x FAMILY,SPY,,,,,,,,211,tcgcsv
Weiss Schwarz,English,Saekano How to Raise a Boring Girlfriend. flat,Saekano How to Raise a Boring Girlfriend. flat,SHS/W71,,,,,,,,138,tcgcsv
Weiss Schwarz,English,Saekano the Movie: Finale,Saekano the Movie: Finale,SHS,,,,,,,,147,tcgcsv
Weiss Schwarz,English,Saekano: How to Raise a Boring Girlfriend,Saekano: How to Raise a Boring Girlfriend,SHRB,,,,,,,,161,tcgcsv
Weiss Schwarz,English,Shakugan no Shana Premium Booster,Shakugan no Shana Premium Booster,SS,,,,,,,,129,tcgcsv
Weiss Schwarz,English,Sword Art Online,Sword Art Online,SAO/S20,,,,,,,,157,tcgcsv
Weiss Schwarz,English,Sword Art Online -Alicization-,Sword Art Online -Alicization-,SAO/S65,,,,,,,,165,tcgcsv
Weiss Schwarz,English,Sword Art Online -Alicization- Vol.2,Sword Art Online -Alicization- Vol.2,SAO/S80,,,,,,,,144,tcgcsv
Weiss Schwarz,English,Sword Art Online Animation 10th Anniversary,Sword Art Online Animation 10th Anniversary,SAO/S100,,,,,,,,210,tcgcsv
Weiss Schwarz,English,Sword Art Online Chronicle Set,Sword Art Online Chronicle Set,SAO/SC20,,,,,,,,154,tcgcsv
Weiss Schwarz,English,Sword Art Online II,Sword Art Online II,SAO/SE23,,,,,,,,71,tcgcsv
Weiss Schwarz,English,Sword Art Online II Vol.2,Sword Art Online II Vol.2,SAO/SE26,,,,,,,,42,tcgcsv
Weiss Schwarz,English,Sword Art Online Re: Edit,Sword Art Online Re: Edit,SAO/S47,,,,,,,,148,tcgcsv
Weiss Schwarz,English,Sword Art Online The Movie: -Ordinal Scale-,Sword Art Online The Movie: -Ordinal Scale-,SAO/S51,,,,,,,,130,tcgcsv
Weiss Schwarz,English,Sword Art Online Vol.2,Sword Art Online Vol.2,SAO/S26,,,,,,,,106,tcgcsv
Weiss Schwarz,English,That Time I Got Reincarnated as a Slime,That Time I Got Reincarnated as a Slime,TSK/S70,,,,,,,,163,tcgcsv
Weiss Schwarz,English,That Time I Got Reincarnated as a Slime Vol.2,That Time I Got Reincarnated as a Slime Vol.2,TSK/S82,,,,,,,,136,tcgcsv
Weiss Schwarz,English,That Time I Got Reincarnated as a Slime Vol.3,That Time I Got Reincarnated as a Slime Vol.3,,,,,,,,,162,tcgcsv
Weiss Schwarz,English,The Eminence in Shadow,The Eminence in Shadow,EIS/,,,,,,,,286,tcgcsv
Weiss Schwarz,English,The Fruit of Grisaia,The Fruit of Grisaia,GRI/S72,,,,,,,,184,tcgcsv
Weiss Schwarz,English,The Melancholy Of Haruhi Suzumiya Power Up Set,The Melancholy Of Haruhi Suzumiya Power Up Set,,,,,,,,,19,tcgcsv
Weiss Schwarz,English,The Melancholy of Haruhi Suzumiya,The Melancholy of Haruhi Suzumiya,SY/W08,,,,,,,,143,tcgcsv
Weiss Schwarz,English,The Melancholy of Haruhi Suzumiya Extra Booster,The Melancholy of Haruhi Suzumiya Extra Booster,SY/WE09,,,,,,,,37,tcgcsv
Weiss Schwarz,English,The Quintessential Quintuplets,The Quintessential Quintuplets,5HY/W83,,,,,,,,322,tcgcsv
Weiss Schwarz,English,The Quintessential Quintuplets 2,The Quintessential Quintuplets 2,5HY/W90,,,,,,,,216,tcgcsv
Weiss Schwarz,English,The Quintessential Quintuplets Movie,The Quintessential Quintuplets Movie,,,,,,,,,212,tcgcsv
Weiss Schwarz,English,The Quintessential Quintuplets Specials Premium Booster,The Quintessential Quintuplets Specials Premium Booster,5HY,,,,,,,,102,tcgcsv
Weiss Schwarz,English,The Seven Deadly Sins,The Seven Deadly Sins,SDS/SX03,,,,,,,,165,tcgcsv
Weiss Schwarz,English,The Seven Deadly Sins: Revival of The Commandments,The Seven Deadly Sins: Revival of The Commandments,SDS,,,,,,,,175,tcgcsv
Weiss Schwarz,English,The iDOLM@STER Cinderella Girls,The iDOLM@STER Cinderella Girls,IMC/W41,,,,,,,,260,tcgcsv
Weiss Schwarz,English,To Loveru Darkness 2nd,To Loveru Darkness 2nd,TL/W37,,,,,,,,154,tcgcsv
Weiss Schwarz,English,Tokyo Revengers,Tokyo Revengers,TRV,,,,,,,,197,tcgcsv
Weiss Schwarz,English,Trial Deck: Disgaea ~Hour of Darkness~,Trial Deck: Disgaea ~Hour of Darkness~,DG/S02,,,,,,,,0,tcgcsv
Weiss Schwarz,English,Umamusume: Pretty Derby,Umamusume: Pretty Derby,UMA,,,,,,,,388,tcgcsv
Weiss Schwarz,English,Umamusume: Pretty Derby - Beginning of a New Era,Umamusume: Pretty Derby - Beginning of a New Era,UMA2,,,,,,,,0,tcgcsv
Weiss Schwarz,English,[OSHI NO KO],[OSHI NO KO],OSK,,,,,,,,255,tcgcsv
Weiss Schwarz,English,[OSHI NO KO] Vol.2,[OSHI NO KO] Vol.2,OSK,,,,,,,,226,tcgcsv
Weiss Schwarz,English,hololive production,hololive production,HOL/W91,,,,,,,,645,tcgcsv
Weiss Schwarz,English,hololive production Premium Booster,hololive production Premium Booster,HOL2,,,,,,,,159,tcgcsv
Weiss Schwarz,English,hololive production Summer Collection Premium Booster,hololive production Summer Collection Premium Booster,HOL,,,,,,,,159,tcgcsv
Weiss Schwarz,English,hololive production Vol.2,hololive production Vol.2,HOL,,,,,,,,408,tcgcsv
Weiss Schwarz,English,hololive production feat. Weiss Schwarz Ambassadors Premium Set,hololive production feat. Weiss Schwarz Ambassadors Premium Set,HOL,,,,,,,,34,tcgcsv
Weiss Schwarz,Japanese,ブースター,ブースター,S1,,,,,,,,1,weiss_jp
Yu-Gi-Oh!,German,2-Player Starter Deck: Yuya & Declan,,YS15,,,,,,,,99,ygoprodeck
Yu-Gi-Oh!,German,2-Player Starter Set,,STAX,,,,,,,,42,ygoprodeck
Yu-Gi-Oh!,German,2-Player Starter Set,,STAS,,,,,,,,41,ygoprodeck
Yu-Gi-Oh!,German,2013 Collectible Tins Wave 1,,CT10,,,,,,,,18,ygoprodeck
Yu-Gi-Oh!,German,2014 Mega-Tin Mega Pack,,MP14,,,,,,,,247,ygoprodeck
Yu-Gi-Oh!,German,2014 Mega-Tins,,CT11,,,,,,,,6,ygoprodeck
Yu-Gi-Oh!,German,2015 Mega-Tin Mega Pack,,MP15,,,,,,,,247,ygoprodeck
Yu-Gi-Oh!,German,2015 Mega-Tins,,CT12,,,,,,,,6,ygoprodeck
Yu-Gi-Oh!,German,2016 Mega-Tin Mega Pack,,MP16,,,,,,,,239,ygoprodeck
Yu-Gi-Oh!,German,2016 Mega-Tins,,CT13,,,,,,,,12,ygoprodeck
Yu-Gi-Oh!,German,2017 Mega-Tin Mega Pack,,MP17,,,,,,,,239,ygoprodeck
Yu-Gi-Oh!,German,2017 Mega-Tins,,CT14,,,,,,,,8,ygoprodeck
Yu-Gi-Oh!,German,2018 Mega-Tin Mega Pack,,MP18,,,,,,,,233,ygoprodeck
Yu-Gi-Oh!,German,2018 Mega-Tins,,CT15,,,,,,,,10,ygoprodeck
Yu-Gi-Oh!,German,2019 Gold Sarcophagus Tin,,TN19,,,,,,,,14,ygoprodeck
Yu-Gi-Oh!,German,2019 Gold Sarcophagus Tin Mega Pack,,MP19,,,,,,,,270,ygoprodeck
Yu-Gi-Oh!,German,2020 Tin of Lost Memories Mega Pack,,MP20,,,,,,,,249,ygoprodeck
Yu-Gi-Oh!,German,2021 Tin of Ancient Battles,,MP21,,,,,,,,258,ygoprodeck
Yu-Gi-Oh!,German,2022 Tin of the Pharaoh's Gods,,MP22,,,,,,,,272,ygoprodeck
Yu-Gi-Oh!,German,2025 Mega-Pack Tin,,MP25,,,,,,,,75,ygoprodeck
Yu-Gi-Oh!,German,25th Anniversary Rarity Collection,,RA01,,,,,,,,79,ygoprodeck
Yu-Gi-Oh!,German,25th Anniversary Rarity Collection II,,RA02,,,,,,,,73,ygoprodeck
Yu-Gi-Oh!,German,25th Anniversary Tin: Dueling Heroes,,TN23,,,,,,,,8,ygoprodeck
Yu-Gi-Oh!,German,25th Anniversary Tin: Dueling Heroes Mega Pack,,MP23,,,,,,,,205,ygoprodeck
Yu-Gi-Oh!,German,25th Anniversary Tin: Dueling Mirrors,,MP24,,,,,,,,82,ygoprodeck
Yu-Gi-Oh!,German,25th Anniversary Ultimate Kaiba Set,,KC01,,,,,,,,59,ygoprodeck
Yu-Gi-Oh!,German,Absolute Powerforce,,ABPF,,,,,,,,103,ygoprodeck
Yu-Gi-Oh!,German,Abyss Rising,,ABYR,,,,,,,,103,ygoprodeck
Yu-Gi-Oh!,German,Advanced Demo Deck Extra Pack,,DEM4,,,,,,,,10,ygoprodeck
Yu-Gi-Oh!,German,Amazing Defenders,,AMDE,,,,,,,,24,ygoprodeck
Yu-Gi-Oh!,German,Ancient Guardians,,ANGU,,,,,,,,60,ygoprodeck
Yu-Gi-Oh!,German,Ancient Prophecy,,ANPR,,,,,,,,103,ygoprodeck
Yu-Gi-Oh!,German,Ancient Sanctuary,,AST,,,,,,,,112,ygoprodeck
Yu-Gi-Oh!,German,Anniversary Pack,,YAP1,,,,,,,,7,ygoprodeck
Yu-Gi-Oh!,German,Astral Pack Eight,,AP08,,,,,,,,27,ygoprodeck
Yu-Gi-Oh!,German,Astral Pack Five,,AP05,,,,,,,,26,ygoprodeck
Yu-Gi-Oh!,German,Astral Pack Four,,AP04,,,,,,,,26,ygoprodeck
Yu-Gi-Oh!,German,Astral Pack One,,AP01,,,,,,,,25,ygoprodeck
Yu-Gi-Oh!,German,Astral Pack Seven,,AP07,,,,,,,,27,ygoprodeck
Yu-Gi-Oh!,German,Astral Pack Six,,AP06,,,,,,,,28,ygoprodeck
Yu-Gi-Oh!,German,Astral Pack Three,,AP03,,,,,,,,26,ygoprodeck
Yu-Gi-Oh!,German,Astral Pack Two,,AP02,,,,,,,,25,ygoprodeck
Yu-Gi-Oh!,German,Battle Pack 2: War of the Giants,,BP02,,,,,,,,215,ygoprodeck
Yu-Gi-Oh!,German,Battle Pack 3: Monster League,,BP03,,,,,,,,237,ygoprodeck
Yu-Gi-Oh!,German,Battle Pack Tournament Prize Cards,,BATT,,,,,,,,20,ygoprodeck
Yu-Gi-Oh!,German,Battle Pack: Epic Dawn,,BP01,,,,,,,,220,ygoprodeck
Yu-Gi-Oh!,German,Battle of Chaos,,BACH,,,,,,,,101,ygoprodeck
Yu-Gi-Oh!,German,Battle of Chaos,,25TH,,,,,,,,1,ygoprodeck
Yu-Gi-Oh!,German,Battles of Legend: Armageddon,,BLAR,,,,,,,,94,ygoprodeck
Yu-Gi-Oh!,German,Battles of Legend: Chapter 1,,BLC1,,,,,,,,158,ygoprodeck
Yu-Gi-Oh!,German,Battles of Legend: Crystal Revenge,,BLCR,,,,,,,,58,ygoprodeck
Yu-Gi-Oh!,German,Battles of Legend: Glorious Gallery,,BLGG,,,,,,,,88,ygoprodeck
Yu-Gi-Oh!,German,Battles of Legend: Hero's Revenge,,BLHR,,,,,,,,94,ygoprodeck
Yu-Gi-Oh!,German,Battles of Legend: Light's Revenge,,BLLR,,,,,,,,80,ygoprodeck
Yu-Gi-Oh!,German,Battles of Legend: Monster Mayhem,,BLMM,,,,,,,,129,ygoprodeck
Yu-Gi-Oh!,German,Battles of Legend: Monstrous Revenge,,BLMR,,,,,,,,45,ygoprodeck
Yu-Gi-Oh!,German,Battles of Legend: Relentless Revenge,,BLRR,,,,,,,,105,ygoprodeck
Yu-Gi-Oh!,German,Battles of Legend: Terminal Revenge,,BLTR,,,,,,,,64,ygoprodeck
Yu-Gi-Oh!,German,Blazing Dominion,,BLZD,,,,,,,,1,ygoprodeck
Yu-Gi-Oh!,German,Blazing Vortex,,BLVO,,,,,,,,102,ygoprodeck
Yu-Gi-Oh!,German,Blue-Eyes Alternative White Dragon Sweepstakes,,SBPR,,,,,,,,4,ygoprodeck
Yu-Gi-Oh!,German,Booster Pack Collectors Tins 2002,,BPT,,,,,,,,12,ygoprodeck
Yu-Gi-Oh!,German,Breakers of Shadow,,BOSH,,,,,,,,105,ygoprodeck
Yu-Gi-Oh!,German,Brothers of Legend,,BROL,,,,,,,,95,ygoprodeck
Yu-Gi-Oh!,German,Burst Protocol,,BPRO,,,,,,,,1,ygoprodeck
Yu-Gi-Oh!,German,Burst of Destiny,,BODE,,,,,,,,101,ygoprodeck
Yu-Gi-Oh!,German,Champion Pack: Game Eight,,CP08,,,,,,,,20,ygoprodeck
Yu-Gi-Oh!,German,Champion Pack: Game Five,,CP05,,,,,,,,20,ygoprodeck
Yu-Gi-Oh!,German,Champion Pack: Game Four,,CP04,,,,,,,,20,ygoprodeck
Yu-Gi-Oh!,German,Champion Pack: Game One,,CP01,,,,,,,,20,ygoprodeck
Yu-Gi-Oh!,German,Champion Pack: Game Seven,,CP07,,,,,,,,20,ygoprodeck
Yu-Gi-Oh!,German,Champion Pack: Game Six,,CP06,,,,,,,,20,ygoprodeck
Yu-Gi-Oh!,German,Champion Pack: Game Three,,CP03,,,,,,,,20,ygoprodeck
Yu-Gi-Oh!,German,Champion Pack: Game Two,,CP02,,,,,,,,20,ygoprodeck
Yu-Gi-Oh!,German,Chaos Impact,,CHIM,,,,,,,,105,ygoprodeck
Yu-Gi-Oh!,German,Circuit Break,,CIBR,,,,,,,,105,ygoprodeck
Yu-Gi-Oh!,German,Clash of Rebellions,,CORE,,,,,,,,105,ygoprodeck
Yu-Gi-Oh!,German,Code of the Duelist,,COTD,,,,,,,,105,ygoprodeck
Yu-Gi-Oh!,German,Collectible Tins 2004,,CT1,,,,,,,,6,ygoprodeck
Yu-Gi-Oh!,German,Collectible Tins 2005,,CT2,,,,,,,,6,ygoprodeck
Yu-Gi-Oh!,German,Collectible Tins 2006 Wave 1,,CT03,,,,,,,,6,ygoprodeck
Yu-Gi-Oh!,German,Collectible Tins 2007 Wave 1,,CT04,,,,,,,,6,ygoprodeck
Yu-Gi-Oh!,German,Collectible Tins 2009 Wave 1,,CT06,,,,,,,,8,ygoprodeck
Yu-Gi-Oh!,German,Collectible Tins 2010 Wave 1,,CT07,,,,,,,,25,ygoprodeck
Yu-Gi-Oh!,German,Collectible Tins 2011 Wave 1,,CT08,,,,,,,,18,ygoprodeck
Yu-Gi-Oh!,German,Collectible Tins 2012 Wave 1,,CT09,,,,,,,,23,ygoprodeck
Yu-Gi-Oh!,German,Collectible Tins Exclusive 2008,,CT05,,,,,,,,7,ygoprodeck
Yu-Gi-Oh!,German,Cosmo Blazer,,CBLZ,,,,,,,,103,ygoprodeck
Yu-Gi-Oh!,German,Crimson Crisis,,CRMS,,,,,,,,100,ygoprodeck
Yu-Gi-Oh!,German,Crossed Souls,,CROS,,,,,,,,105,ygoprodeck
Yu-Gi-Oh!,German,Crossover Breakers,,CRBR,,,,,,,,30,ygoprodeck
Yu-Gi-Oh!,German,Crossroads of Chaos,,CSOC,,,,,,,,103,ygoprodeck
Yu-Gi-Oh!,German,Cyber Dragon Revolution Structure Deck,,SDCR,,,,,,,,38,ygoprodeck
Yu-Gi-Oh!,German,Cyberdark Impact,,CDIP,,,,,,,,60,ygoprodeck
Yu-Gi-Oh!,German,Cyberdark Impact Sneak Peek Participation Card,,SP02,,,,,,,,2,ygoprodeck
Yu-Gi-Oh!,German,Cybernetic Horizon,,CYHO,,,,,,,,105,ygoprodeck
Yu-Gi-Oh!,German,Cybernetic Revolution,,CRV,,,,,,,,60,ygoprodeck
Yu-Gi-Oh!,German,Cyberstorm Access,,CYAC,,,,,,,,1,ygoprodeck
Yu-Gi-Oh!,German,Dark Beginning 1,,DB1,,,,,,,,250,ygoprodeck
Yu-Gi-Oh!,German,Dark Beginning 1,,DARK-BEGINNING-1,,,,,,,,12,ygoprodeck
Yu-Gi-Oh!,German,Dark Beginning 2,,DB2,,,,,,,,250,ygoprodeck
Yu-Gi-Oh!,German,Dark Beginning 2,,DB,,,,,,,,14,ygoprodeck
Yu-Gi-Oh!,German,Dark Crisis,,DCR,,,,,,,,212,ygoprodeck
Yu-Gi-Oh!,German,Dark Legends,,DLG1,,,,,,,,113,ygoprodeck
Yu-Gi-Oh!,German,Dark Neostorm,,DANE,,,,,,,,105,ygoprodeck
Yu-Gi-Oh!,German,Dark Revelation Volume 1,,DR1,,,,,,,,267,ygoprodeck
Yu-Gi-Oh!,German,Dark Revelation Volume 2,,DR2,,,,,,,,228,ygoprodeck
Yu-Gi-Oh!,German,Dark Revelation Volume 3,,DR3,,,,,,,,240,ygoprodeck
Yu-Gi-Oh!,German,Dark Revelation Volume 4,,DR04,,,,,,,,245,ygoprodeck
Yu-Gi-Oh!,German,Dark Saviors,,DASA,,,,,,,,60,ygoprodeck
Yu-Gi-Oh!,German,Darkwing Blast,,DABL,,,,,,,,1,ygoprodeck
Yu-Gi-Oh!,German,Dawn of Majesty,,DAMA,,,,,,,,102,ygoprodeck
Yu-Gi-Oh!,German,Demo Deck 2015,,DEM2,,,,,,,,20,ygoprodeck
Yu-Gi-Oh!,German,Demo Deck 2016,,DEM3,,,,,,,,20,ygoprodeck
Yu-Gi-Oh!,German,Demo Pack,,DEM1,,,,,,,,20,ygoprodeck
Yu-Gi-Oh!,German,Destiny Soldiers,,DESO,,,,,,,,60,ygoprodeck
Yu-Gi-Oh!,German,Dimension Force,,DIFO,,,,,,,,101,ygoprodeck
Yu-Gi-Oh!,German,Dimension of Chaos,,DOCS,,,,,,,,105,ygoprodeck
Yu-Gi-Oh!,German,Dinosmasher's Fury Structure Deck,,SR04,,,,,,,,39,ygoprodeck
Yu-Gi-Oh!,German,Doom of Dimensions,,DOOD,,,,,,,,1,ygoprodeck
Yu-Gi-Oh!,German,Dragons Collide Structure Deck,,SDDC,,,,,,,,40,ygoprodeck
Yu-Gi-Oh!,German,Dragons of Legend,,DRLG,,,,,,,,51,ygoprodeck
Yu-Gi-Oh!,German,Dragons of Legend 2,,DRL2,,,,,,,,45,ygoprodeck
Yu-Gi-Oh!,German,Dragons of Legend: The Complete Series,,DLCS,,,,,,,,149,ygoprodeck
Yu-Gi-Oh!,German,Dragons of Legend: Unleashed,,DRL3,,,,,,,,73,ygoprodeck
Yu-Gi-Oh!,German,Dragunity Legion Structure Deck,,SDDL,,,,,,,,39,ygoprodeck
Yu-Gi-Oh!,German,Duel Devastator,,DUDE,,,,,,,,56,ygoprodeck
Yu-Gi-Oh!,German,Duel Disk - Yusei Version,,DDY1,,,,,,,,1,ygoprodeck
Yu-Gi-Oh!,German,Duel Master's Guide promotional cards,,DMG,,,,,,,,1,ygoprodeck
Yu-Gi-Oh!,German,Duel Overload,,DUOV,,,,,,,,100,ygoprodeck
Yu-Gi-Oh!,German,Duel Power,,DUPO,,,,,,,,106,ygoprodeck
Yu-Gi-Oh!,German,Duel Terminal - Preview Wave 1,,DTP1,,,,,,,,31,ygoprodeck
Yu-Gi-Oh!,German,Duel Terminal 1,,DT01,,,,,,,,100,ygoprodeck
Yu-Gi-Oh!,German,Duel Terminal 2,,DT02,,,,,,,,100,ygoprodeck
Yu-Gi-Oh!,German,Duel Terminal 3,,DT03,,,,,,,,100,ygoprodeck
Yu-Gi-Oh!,German,Duel Terminal 4,,DT04,,,,,,,,100,ygoprodeck
Yu-Gi-Oh!,German,Duel Terminal 5a,,DT05,,,,,,,,100,ygoprodeck
Yu-Gi-Oh!,German,Duel Terminal 6b,,DT06,,,,,,,,100,ygoprodeck
Yu-Gi-Oh!,German,Duel Terminal 7a,,DT07,,,,,,,,100,ygoprodeck
Yu-Gi-Oh!,German,Duelist Alliance,,DUEA,,,,,,,,108,ygoprodeck
Yu-Gi-Oh!,German,Duelist League 13 participation cards,,DL13,,,,,,,,20,ygoprodeck
Yu-Gi-Oh!,German,Duelist League 14 participation cards,,DL14,,,,,,,,20,ygoprodeck
Yu-Gi-Oh!,German,Duelist League 15 participation cards,,DL15,,,,,,,,20,ygoprodeck
Yu-Gi-Oh!,German,Duelist League 16 participation cards,,DL16,,,,,,,,20,ygoprodeck
Yu-Gi-Oh!,German,Duelist League 17 participation cards,,DL17,,,,,,,,20,ygoprodeck
Yu-Gi-Oh!,German,Duelist League 18 participation cards,,DL18,,,,,,,,20,ygoprodeck
Yu-Gi-Oh!,German,Duelist League 2 participation cards,,DL11,,,,,,,,20,ygoprodeck
Yu-Gi-Oh!,German,Duelist League 2010 participation cards,,DL09,,,,,,,,20,ygoprodeck
Yu-Gi-Oh!,German,Duelist League 3 participation cards,,DL12,,,,,,,,20,ygoprodeck
Yu-Gi-Oh!,German,Duelist League Demo 2010,,DLDI,,,,,,,,5,ygoprodeck
Yu-Gi-Oh!,German,Duelist League Series 1 participation cards,,DL1,,,,,,,,4,ygoprodeck
Yu-Gi-Oh!,German,Duelist League Series 10 participation card,,DL10,,,,,,,,1,ygoprodeck
Yu-Gi-Oh!,German,Duelist League Series 2 participation cards,,DL2,,,,,,,,4,ygoprodeck
Yu-Gi-Oh!,German,Duelist League Series 3 participation card,,DL3,,,,,,,,1,ygoprodeck
Yu-Gi-Oh!,German,Duelist League Series 4 participation card,,DL4,,,,,,,,1,ygoprodeck
Yu-Gi-Oh!,German,Duelist League Series 5 participation card,,DL5,,,,,,,,1,ygoprodeck
Yu-Gi-Oh!,German,Duelist League Series 6 participation card,,DL6,,,,,,,,1,ygoprodeck
Yu-Gi-Oh!,German,Duelist League Series 7 participation card,,DL7,,,,,,,,1,ygoprodeck
Yu-Gi-Oh!,German,Duelist League Series 8 participation card,,DL8,,,,,,,,1,ygoprodeck
Yu-Gi-Oh!,German,Duelist League Series 9 participation card,,DL9,,,,,,,,1,ygoprodeck
Yu-Gi-Oh!,German,Duelist Pack Collection Tin 2010,,DPCT,,,,,,,,14,ygoprodeck
Yu-Gi-Oh!,German,Duelist Pack Collection Tin 2011,,DPC5,,,,,,,,3,ygoprodeck
Yu-Gi-Oh!,German,Duelist Pack: Aster Phoenix,,DP05,,,,,,,,30,ygoprodeck
Yu-Gi-Oh!,German,Duelist Pack: Battle City,,DPBC,,,,,,,,47,ygoprodeck
Yu-Gi-Oh!,German,Duelist Pack: Chazz Princeton,,DP2,,,,,,,,30,ygoprodeck
Yu-Gi-Oh!,German,Duelist Pack: Crow,,DP11,,,,,,,,30,ygoprodeck
Yu-Gi-Oh!,German,Duelist Pack: Dimensional Guardians,,DPDG,,,,,,,,45,ygoprodeck
Yu-Gi-Oh!,German,Duelist Pack: Jaden Yuki,,DP1,,,,,,,,30,ygoprodeck
Yu-Gi-Oh!,German,Duelist Pack: Jaden Yuki 2,,DP03,,,,,,,,30,ygoprodeck
Yu-Gi-Oh!,German,Duelist Pack: Jaden Yuki 3,,DP06,,,,,,,,25,ygoprodeck
Yu-Gi-Oh!,German,Duelist Pack: Jesse Anderson,,DP07,,,,,,,,25,ygoprodeck
Yu-Gi-Oh!,German,Duelist Pack: Kaiba,,DPKB,,,,,,,,40,ygoprodeck
Yu-Gi-Oh!,German,Duelist Pack: Rivals of the Pharaoh,,DPRP,,,,,,,,46,ygoprodeck
Yu-Gi-Oh!,German,Duelist Pack: Special Edition,,DPK,,,,,,,,3,ygoprodeck
Yu-Gi-Oh!,German,Duelist Pack: Yugi,,DPYG,,,,,,,,30,ygoprodeck
Yu-Gi-Oh!,German,Duelist Pack: Yusei,,DP08,,,,,,,,30,ygoprodeck
Yu-Gi-Oh!,German,Duelist Pack: Yusei 2,,DP09,,,,,,,,30,ygoprodeck
Yu-Gi-Oh!,German,Duelist Pack: Yusei 3,,DP10,,,,,,,,30,ygoprodeck
Yu-Gi-Oh!,German,Duelist Pack: Zane Truesdale,,DP04,,,,,,,,30,ygoprodeck
Yu-Gi-Oh!,German,Duelist Revolution,,DREV,,,,,,,,103,ygoprodeck
Yu-Gi-Oh!,German,Duelist Saga,,DUSA,,,,,,,,100,ygoprodeck
Yu-Gi-Oh!,German,EFootball collaboration cards,,EFC1,,,,,,,,1,ygoprodeck
Yu-Gi-Oh!,German,Egyptian God Deck: Obelisk the Tormentor,,EGO1,,,,,,,,35,ygoprodeck
Yu-Gi-Oh!,German,Egyptian God Deck: Slifer the Sky Dragon,,EGS1,,,,,,,,38,ygoprodeck
Yu-Gi-Oh!,German,Elemental Energy,,EEN,,,,,,,,64,ygoprodeck
Yu-Gi-Oh!,German,Emperor of Darkness Structure Deck,,SR01,,,,,,,,41,ygoprodeck
Yu-Gi-Oh!,German,Enemy of Justice,,EOJ,,,,,,,,60,ygoprodeck
Yu-Gi-Oh!,German,Eternity Code,,ETCO,,,,,,,,102,ygoprodeck
Yu-Gi-Oh!,German,Exclusive Pack,,EP1,,,,,,,,9,ygoprodeck
Yu-Gi-Oh!,German,Extreme Force,,EXFO,,,,,,,,105,ygoprodeck
Yu-Gi-Oh!,German,Extreme Victory,,EXVC,,,,,,,,101,ygoprodeck
Yu-Gi-Oh!,German,Fire Fists: Special Edition,,FFSE,,,,,,,,1,ygoprodeck
Yu-Gi-Oh!,German,Fists of the Gadgets,,FIGA,,,,,,,,60,ygoprodeck
Yu-Gi-Oh!,German,Flames of Destruction,,FLOD,,,,,,,,105,ygoprodeck
Yu-Gi-Oh!,German,Flaming Eternity,,FET,,,,,,,,60,ygoprodeck
Yu-Gi-Oh!,German,Forbidden Legacy,,FL1,,,,,,,,3,ygoprodeck
Yu-Gi-Oh!,German,Force of the Breaker,,FOTB,,,,,,,,72,ygoprodeck
Yu-Gi-Oh!,German,Fusion Enforcers,,FUEN,,,,,,,,60,ygoprodeck
Yu-Gi-Oh!,German,GX Next Generation,,GXNG,,,,,,,,1,ygoprodeck
Yu-Gi-Oh!,German,Galactic Overlord,,GAOV,,,,,,,,101,ygoprodeck
Yu-Gi-Oh!,German,Gates of the Underworld Structure Deck,,SDGU,,,,,,,,39,ygoprodeck
Yu-Gi-Oh!,German,Geargia Rampage Structure Deck,,SDGR,,,,,,,,35,ygoprodeck
Yu-Gi-Oh!,German,Generation Force,,GENF,,,,,,,,103,ygoprodeck
Yu-Gi-Oh!,German,Genesis Impact,,GEIM,,,,,,,,60,ygoprodeck
Yu-Gi-Oh!,German,Ghosts From the Past,,GFTP,,,,,,,,132,ygoprodeck
Yu-Gi-Oh!,German,Ghosts From the Past: The 2nd Haunting,,GFP2,,,,,,,,182,ygoprodeck
Yu-Gi-Oh!,German,Ghosts From the Past: The 2nd Haunting,,GTP2,,,,,,,,3,ygoprodeck
Yu-Gi-Oh!,German,Gladiator's Assault,,GLAS,,,,,,,,98,ygoprodeck
Yu-Gi-Oh!,German,Gold Series,,GLD1,,,,,,,,45,ygoprodeck
Yu-Gi-Oh!,German,Gold Series 2009,,GLD2,,,,,,,,50,ygoprodeck
Yu-Gi-Oh!,German,Gold Series 3,,GLD3,,,,,,,,50,ygoprodeck
Yu-Gi-Oh!,German,Gold Series 4: Pyramids Edition,,GLD4,,,,,,,,50,ygoprodeck
Yu-Gi-Oh!,German,Gold Series: Haunted Mine,,GLD5,,,,,,,,55,ygoprodeck
Yu-Gi-Oh!,German,HERO Strike Structure Deck,,SDHS,,,,,,,,45,ygoprodeck
Yu-Gi-Oh!,German,Hidden Arsenal,,HA01,,,,,,,,30,ygoprodeck
Yu-Gi-Oh!,German,Hidden Arsenal 2,,HA02,,,,,,,,60,ygoprodeck
Yu-Gi-Oh!,German,Hidden Arsenal 3,,HA03,,,,,,,,60,ygoprodeck
Yu-Gi-Oh!,German,Hidden Arsenal 4: Trishula's Triumph,,HA04,,,,,,,,60,ygoprodeck
Yu-Gi-Oh!,German,Hidden Arsenal 5: Steelswarm Invasion,,HA05,,,,,,,,60,ygoprodeck
Yu-Gi-Oh!,German,Hidden Arsenal 5: Steelswarm Invasion: Special Edition,,H5SE,,,,,,,,2,ygoprodeck
Yu-Gi-Oh!,German,Hidden Arsenal 6: Omega Xyz,,HA06,,,,,,,,60,ygoprodeck
Yu-Gi-Oh!,German,Hidden Arsenal 7: Knight of Stars,,HA07,,,,,,,,70,ygoprodeck
Yu-Gi-Oh!,German,Hidden Arsenal: Chapter 1,,HAC1,,,,,,,,173,ygoprodeck
Yu-Gi-Oh!,German,Hidden Arsenal: Special Edition,,HASE,,,,,,,,2,ygoprodeck
Yu-Gi-Oh!,German,Hidden Summoners,,HISU,,,,,,,,60,ygoprodeck
Yu-Gi-Oh!,German,High-Speed Riders,,HSRD,,,,,,,,60,ygoprodeck
Yu-Gi-Oh!,German,Hobby League 1 participation cards B,,HL1,,,,,,,,6,ygoprodeck
Yu-Gi-Oh!,German,Hobby League 2 participation card A,,HL2,,,,,,,,6,ygoprodeck
Yu-Gi-Oh!,German,Hobby League 3 participation card G,,HL03,,,,,,,,7,ygoprodeck
Yu-Gi-Oh!,German,Hobby League 4 participation card C,,HL04,,,,,,,,6,ygoprodeck
Yu-Gi-Oh!,German,Hobby League 5 participation card D,,HL05,,,,,,,,6,ygoprodeck
Yu-Gi-Oh!,German,Hobby League 6 participation card A,,HL06,,,,,,,,6,ygoprodeck
Yu-Gi-Oh!,German,Hobby League 7 participation card C,,HL07,,,,,,,,6,ygoprodeck
Yu-Gi-Oh!,German,Ignition Assault,,IGAS,,,,,,,,105,ygoprodeck
Yu-Gi-Oh!,German,Invasion of Chaos,,IOC,,,,,,,,228,ygoprodeck
Yu-Gi-Oh!,German,Invasion: Vengeance,,INOV,,,,,,,,105,ygoprodeck
Yu-Gi-Oh!,German,Judgment of the Light,,JOTL,,,,,,,,105,ygoprodeck
Yu-Gi-Oh!,German,Justice Hunters,,JUSH,,,,,,,,25,ygoprodeck
Yu-Gi-Oh!,German,KC Grand Tournament 2021 prize card,,2021,,,,,,,,1,ygoprodeck
Yu-Gi-Oh!,German,KC Grand Tournament prize card,,2020,,,,,,,,1,ygoprodeck
Yu-Gi-Oh!,German,King's Court,,KICO,,,,,,,,65,ygoprodeck
Yu-Gi-Oh!,German,Labyrinth of Nightmare,,LON,,,,,,,,315,ygoprodeck
Yu-Gi-Oh!,German,Legacy of Darkness,,LOD,,,,,,,,202,ygoprodeck
Yu-Gi-Oh!,German,Legacy of the Valiant,,LVAL,,,,,,,,105,ygoprodeck
Yu-Gi-Oh!,German,Legend of Blue Eyes White Dragon,,LOB,,,,,,,,355,ygoprodeck
Yu-Gi-Oh!,German,Legendary 5D&apos;s Decks,,L5DD,,,,,,,,82,ygoprodeck
Yu-Gi-Oh!,German,Legendary Arc-V Decks,,LAVD,,,,,,,,86,ygoprodeck
Yu-Gi-Oh!,German,Legendary Collection,,LC01,,,,,,,,3,ygoprodeck
Yu-Gi-Oh!,German,Legendary Collection 2: The Duel Academy Years,,LC02,,,,,,,,13,ygoprodeck
Yu-Gi-Oh!,German,Legendary Collection 2: The Duel Academy Years Mega Pack,,LCGX,,,,,,,,266,ygoprodeck
Yu-Gi-Oh!,German,Legendary Collection 3: Yugi's World,,LC03,,,,,,,,4,ygoprodeck
Yu-Gi-Oh!,German,Legendary Collection 3: Yugi's World Mega Pack,,LCYW,,,,,,,,306,ygoprodeck
Yu-Gi-Oh!,German,Legendary Collection 4: Joey's World,,LC04,,,,,,,,6,ygoprodeck
Yu-Gi-Oh!,German,Legendary Collection 4: Joey's World Mega Pack,,LCJW,,,,,,,,298,ygoprodeck
Yu-Gi-Oh!,German,Legendary Collection 5D's,,LC05,,,,,,,,5,ygoprodeck
Yu-Gi-Oh!,German,Legendary Collection 5D's Mega Pack,,LC5D,,,,,,,,256,ygoprodeck
Yu-Gi-Oh!,German,Legendary Collection Kaiba,,LC06,,,,,,,,5,ygoprodeck
Yu-Gi-Oh!,German,Legendary Collection Kaiba Mega Pack,,LCKC,,,,,,,,110,ygoprodeck
Yu-Gi-Oh!,German,Legendary Decks II,,LDK2,,,,,,,,130,ygoprodeck
Yu-Gi-Oh!,German,Legendary Dragon Decks,,LEDD,,,,,,,,111,ygoprodeck
Yu-Gi-Oh!,German,Legendary Duelists,,LEDU,,,,,,,,52,ygoprodeck
Yu-Gi-Oh!,German,Legendary Duelists: Ancient Millennium,,LED2,,,,,,,,53,ygoprodeck
Yu-Gi-Oh!,German,Legendary Duelists: Duels From the Deep,,LED9,,,,,,,,57,ygoprodeck
Yu-Gi-Oh!,German,Legendary Duelists: Immortal Destiny,,LED5,,,,,,,,58,ygoprodeck
Yu-Gi-Oh!,German,Legendary Duelists: Magical Hero,,LED6,,,,,,,,56,ygoprodeck
Yu-Gi-Oh!,German,Legendary Duelists: Rage of Ra,,LED7,,,,,,,,57,ygoprodeck
Yu-Gi-Oh!,German,Legendary Duelists: Season 1,,LDS1,,,,,,,,121,ygoprodeck
Yu-Gi-Oh!,German,Legendary Duelists: Season 2,,LDS2,,,,,,,,131,ygoprodeck
Yu-Gi-Oh!,German,Legendary Duelists: Season 3,,LDS3,,,,,,,,138,ygoprodeck
Yu-Gi-Oh!,German,Legendary Duelists: Sisters of the Rose,,LED4,,,,,,,,56,ygoprodeck
Yu-Gi-Oh!,German,Legendary Duelists: Soulburning Volcano,,LD10,,,,,,,,40,ygoprodeck
Yu-Gi-Oh!,German,Legendary Duelists: Synchro Storm,,LED8,,,,,,,,56,ygoprodeck
Yu-Gi-Oh!,German,Legendary Duelists: White Dragon Abyss,,LED3,,,,,,,,56,ygoprodeck
Yu-Gi-Oh!,German,Legendary Hero Decks,,LEHD,,,,,,,,117,ygoprodeck
Yu-Gi-Oh!,German,Legendary Modern Decks 2026,,L26D,,,,,,,,74,ygoprodeck
Yu-Gi-Oh!,German,Light and Darkness Power Pack,,LDPP,,,,,,,,1,ygoprodeck
Yu-Gi-Oh!,German,Light of Destruction,,LODT,,,,,,,,103,ygoprodeck
Yu-Gi-Oh!,German,Lightning Overdrive,,LIOV,,,,,,,,102,ygoprodeck
Yu-Gi-Oh!,German,Limited Pack World Championship 2025,,25LP,,,,,,,,2,ygoprodeck
Yu-Gi-Oh!,German,Lord of the Tachyon Galaxy,,LTGY,,,,,,,,101,ygoprodeck
Yu-Gi-Oh!,German,Lost Sanctuary Structure Deck,,SDLS,,,,,,,,38,ygoprodeck
Yu-Gi-Oh!,German,Machina Mayhem Structure Deck,,SDMM,,,,,,,,37,ygoprodeck
Yu-Gi-Oh!,German,Machine Reactor Structure Deck,,SR03,,,,,,,,40,ygoprodeck
Yu-Gi-Oh!,German,Magic Ruler,,MRL,,,,,,,,235,ygoprodeck
Yu-Gi-Oh!,German,Magician's Force,,MFC,,,,,,,,108,ygoprodeck
Yu-Gi-Oh!,German,Magnificent Maestros,,MAMS,,,,,,,,4,ygoprodeck
Yu-Gi-Oh!,German,Magnificent Mavens,,MAMA,,,,,,,,96,ygoprodeck
Yu-Gi-Oh!,German,Make-A-Wish Foundation promotional card,,TYL,,,,,,,,1,ygoprodeck
Yu-Gi-Oh!,German,Master Collection Volume 1,,MC1,,,,,,,,6,ygoprodeck
Yu-Gi-Oh!,German,Master Collection Volume 2,,MC2,,,,,,,,6,ygoprodeck
Yu-Gi-Oh!,German,Master of Pendulum Structure Deck,,SDMP,,,,,,,,43,ygoprodeck
Yu-Gi-Oh!,German,Mattel Action Figure promotional cards: Series 1,,MF01,,,,,,,,1,ygoprodeck
Yu-Gi-Oh!,German,Mattel Action Figure promotional cards: Series 2,,MF02,,,,,,,,4,ygoprodeck
Yu-Gi-Oh!,German,Mattel Action Figure promotional cards: Series 3,,MF03,,,,,,,,11,ygoprodeck
Yu-Gi-Oh!,German,Maximum Crisis,,MACR,,,,,,,,105,ygoprodeck
Yu-Gi-Oh!,German,Maximum Gold,,MAGO,,,,,,,,162,ygoprodeck
Yu-Gi-Oh!,German,Maximum Gold: El Dorado,,MGED,,,,,,,,151,ygoprodeck
Yu-Gi-Oh!,German,Maze of Memories,,MAZE,,,,,,,,37,ygoprodeck
Yu-Gi-Oh!,German,Maze of Millennia,,MZMI,,,,,,,,37,ygoprodeck
Yu-Gi-Oh!,German,Maze of Muertos,,MZMU,,,,,,,,61,ygoprodeck
Yu-Gi-Oh!,German,Maze of the Master,,MZTM,,,,,,,,50,ygoprodeck
Yu-Gi-Oh!,German,McDonald's Promotional Cards,,MP1,,,,,,,,15,ygoprodeck
Yu-Gi-Oh!,German,McDonald's Promotional Cards 2,,MDP2,,,,,,,,20,ygoprodeck
Yu-Gi-Oh!,German,Metal Raiders,,MRD,,,,,,,,432,ygoprodeck
Yu-Gi-Oh!,German,Millennium Pack,,MIL1,,,,,,,,48,ygoprodeck
Yu-Gi-Oh!,German,Movie Pack,,MOV,,,,,,,,4,ygoprodeck
Yu-Gi-Oh!,German,Mystic Fighters,,MYFI,,,,,,,,60,ygoprodeck
Yu-Gi-Oh!,German,Nike collaboration cards,,NKC1,,,,,,,,1,ygoprodeck
Yu-Gi-Oh!,German,Noble Knights of the Round Table Box Set,,NKRT,,,,,,,,44,ygoprodeck
Yu-Gi-Oh!,German,Number Hunters,,NUMH,,,,,,,,60,ygoprodeck
Yu-Gi-Oh!,German,OTS Tournament Pack 1,,OP01,,,,,,,,27,ygoprodeck
Yu-Gi-Oh!,German,OTS Tournament Pack 10 (POR),,OP10,,,,,,,,60,ygoprodeck
Yu-Gi-Oh!,German,OTS Tournament Pack 11,,OP11,,,,,,,,55,ygoprodeck
Yu-Gi-Oh!,German,OTS Tournament Pack 12,,OP12,,,,,,,,60,ygoprodeck
Yu-Gi-Oh!,German,OTS Tournament Pack 13,,OP13,,,,,,,,59,ygoprodeck
Yu-Gi-Oh!,German,OTS Tournament Pack 14 (POR),,OP14,,,,,,,,60,ygoprodeck
Yu-Gi-Oh!,German,OTS Tournament Pack 15,,OP15,,,,,,,,62,ygoprodeck
Yu-Gi-Oh!,German,OTS Tournament Pack 16,,OP16,,,,,,,,62,ygoprodeck
Yu-Gi-Oh!,German,OTS Tournament Pack 17 (POR),,OP17,,,,,,,,60,ygoprodeck
Yu-Gi-Oh!,German,OTS Tournament Pack 18,,OP18,,,,,,,,60,ygoprodeck
Yu-Gi-Oh!,German,OTS Tournament Pack 19,,OP19,,,,,,,,65,ygoprodeck
Yu-Gi-Oh!,German,OTS Tournament Pack 2,,OP02,,,,,,,,27,ygoprodeck
Yu-Gi-Oh!,German,OTS Tournament Pack 20,,OP20,,,,,,,,26,ygoprodeck
Yu-Gi-Oh!,German,OTS Tournament Pack 21,,OP21,,,,,,,,20,ygoprodeck
Yu-Gi-Oh!,German,OTS Tournament Pack 22,,OP22,,,,,,,,21,ygoprodeck
Yu-Gi-Oh!,German,OTS Tournament Pack 23,,OP23,,,,,,,,21,ygoprodeck
Yu-Gi-Oh!,German,OTS Tournament Pack 24,,OP24,,,,,,,,20,ygoprodeck
Yu-Gi-Oh!,German,OTS Tournament Pack 25,,OP25,,,,,,,,23,ygoprodeck
Yu-Gi-Oh!,German,OTS Tournament Pack 26,,OP26,,,,,,,,24,ygoprodeck
Yu-Gi-Oh!,German,OTS Tournament Pack 27,,OP27,,,,,,,,19,ygoprodeck
Yu-Gi-Oh!,German,OTS Tournament Pack 28,,OP28,,,,,,,,19,ygoprodeck
Yu-Gi-Oh!,German,OTS Tournament Pack 29,,OP29,,,,,,,,17,ygoprodeck
Yu-Gi-Oh!,German,OTS Tournament Pack 3,,OP03,,,,,,,,27,ygoprodeck
Yu-Gi-Oh!,German,OTS Tournament Pack 30,,OP30,,,,,,,,16,ygoprodeck
Yu-Gi-Oh!,German,OTS Tournament Pack 4,,OP04,,,,,,,,27,ygoprodeck
Yu-Gi-Oh!,German,OTS Tournament Pack 5,,OP05,,,,,,,,27,ygoprodeck
Yu-Gi-Oh!,German,OTS Tournament Pack 6,,OP06,,,,,,,,26,ygoprodeck
Yu-Gi-Oh!,German,OTS Tournament Pack 7,,OP07,,,,,,,,60,ygoprodeck
Yu-Gi-Oh!,German,OTS Tournament Pack 8,,OP08,,,,,,,,62,ygoprodeck
Yu-Gi-Oh!,German,OTS Tournament Pack 9 (POR),,OP09,,,,,,,,62,ygoprodeck
Yu-Gi-Oh!,German,Onslaught of the Fire Kings Structure Deck,,SDOK,,,,,,,,39,ygoprodeck
Yu-Gi-Oh!,German,Order of Chaos,,ORCS,,,,,,,,103,ygoprodeck
Yu-Gi-Oh!,German,Pendulum Domination Structure Deck,,SDPD,,,,,,,,43,ygoprodeck
Yu-Gi-Oh!,German,Pendulum Evolution,,PEVO,,,,,,,,60,ygoprodeck
Yu-Gi-Oh!,German,Phantom Darkness,,PTDN,,,,,,,,103,ygoprodeck
Yu-Gi-Oh!,German,Phantom Rage,,PHRA,,,,,,,,102,ygoprodeck
Yu-Gi-Oh!,German,Phantom Revenge,,PHRE,,,,,,,,19,ygoprodeck
Yu-Gi-Oh!,German,Pharaoh Tour 2005 promotional cards,,PT1,,,,,,,,2,ygoprodeck
Yu-Gi-Oh!,German,Pharaoh Tour 2006 promotional cards,,PT02,,,,,,,,2,ygoprodeck
Yu-Gi-Oh!,German,Pharaoh Tour 2007 promotional cards,,PT03,,,,,,,,2,ygoprodeck
Yu-Gi-Oh!,German,Pharaoh's Servant,,PSV,,,,,,,,315,ygoprodeck
Yu-Gi-Oh!,German,Pharaonic Guardian,,PGD,,,,,,,,108,ygoprodeck
Yu-Gi-Oh!,German,Photon Hypernova,,PHHY,,,,,,,,1,ygoprodeck
Yu-Gi-Oh!,German,Photon Shockwave,,PHSW,,,,,,,,101,ygoprodeck
Yu-Gi-Oh!,German,Power of the Duelist,,POTD,,,,,,,,60,ygoprodeck
Yu-Gi-Oh!,German,Power of the Elements,,POTE,,,,,,,,101,ygoprodeck
Yu-Gi-Oh!,German,Premium Collection Tin,,PRC1,,,,,,,,25,ygoprodeck
Yu-Gi-Oh!,German,Premium Gold,,PGLD,,,,,,,,90,ygoprodeck
Yu-Gi-Oh!,German,Premium Gold: Infinite Gold,,PGL3,,,,,,,,100,ygoprodeck
Yu-Gi-Oh!,German,Premium Gold: Return of the Bling,,PGL2,,,,,,,,91,ygoprodeck
Yu-Gi-Oh!,German,Premium Pack (TCG),,PP01,,,,,,,,15,ygoprodeck
Yu-Gi-Oh!,German,Premium Pack 2 (TCG),,PP02,,,,,,,,20,ygoprodeck
Yu-Gi-Oh!,German,Primal Origin,,PRIO,,,,,,,,106,ygoprodeck
Yu-Gi-Oh!,German,Quarter Century Bonanza,,RA03,,,,,,,,265,ygoprodeck
Yu-Gi-Oh!,German,Quarter Century Stampede,,RA04,,,,,,,,274,ygoprodeck
Yu-Gi-Oh!,German,Ra Yellow Mega Pack,,RYMP,,,,,,,,114,ygoprodeck
Yu-Gi-Oh!,German,Raging Battle,,RGBT,,,,,,,,109,ygoprodeck
Yu-Gi-Oh!,German,Raging Tempest,,RATE,,,,,,,,105,ygoprodeck
Yu-Gi-Oh!,German,Rarity Collection 5,,RA05,,,,,,,,101,ygoprodeck
Yu-Gi-Oh!,German,Realm of Light Structure Deck,,SDLI,,,,,,,,36,ygoprodeck
Yu-Gi-Oh!,German,Realm of the Sea Emperor Structure Deck,,SDRE,,,,,,,,39,ygoprodeck
Yu-Gi-Oh!,German,Retro Pack,,RP01,,,,,,,,101,ygoprodeck
Yu-Gi-Oh!,German,Retro Pack 2,,RP02,,,,,,,,101,ygoprodeck
Yu-Gi-Oh!,German,Return of the Duelist,,REDU,,,,,,,,103,ygoprodeck
Yu-Gi-Oh!,German,Rise of Destiny,,RDS,,,,,,,,64,ygoprodeck
Yu-Gi-Oh!,German,Rise of the Dragon Lords Structure Deck,,SDRL,,,,,,,,37,ygoprodeck
Yu-Gi-Oh!,German,Rise of the Duelist,,ROTD,,,,,,,,102,ygoprodeck
Yu-Gi-Oh!,German,Rise of the True Dragons Structure Deck,,SR02,,,,,,,,41,ygoprodeck
Yu-Gi-Oh!,German,Rising Rampage,,RIRA,,,,,,,,105,ygoprodeck
Yu-Gi-Oh!,German,Saga of Blue-Eyes White Dragon Structure Deck,,SDBE,,,,,,,,40,ygoprodeck
Yu-Gi-Oh!,German,Samurai Assault,,SAAS,,,,,,,,1,ygoprodeck
Yu-Gi-Oh!,German,Samurai Warlords Structure Deck,,SDWA,,,,,,,,41,ygoprodeck
Yu-Gi-Oh!,German,San Diego Comic-Con promotional cards,,TKN1,,,,,,,,4,ygoprodeck
Yu-Gi-Oh!,German,Savage Strike,,SAST,,,,,,,,105,ygoprodeck
Yu-Gi-Oh!,German,Secret Slayers,,SESL,,,,,,,,60,ygoprodeck
Yu-Gi-Oh!,German,Secrets of Eternity,,SECE,,,,,,,,115,ygoprodeck
Yu-Gi-Oh!,German,Shadow Specters,,SHSP,,,,,,,,103,ygoprodeck
Yu-Gi-Oh!,German,Shadow of Infinity,,SOI,,,,,,,,64,ygoprodeck
Yu-Gi-Oh!,German,Shadow of Infinity Sneak Peek Participation Card,,SP2,,,,,,,,2,ygoprodeck
Yu-Gi-Oh!,German,Shadows in Valhalla,,SHVA,,,,,,,,60,ygoprodeck
Yu-Gi-Oh!,German,Shining Victories,,SHVI,,,,,,,,105,ygoprodeck
Yu-Gi-Oh!,German,Shonen Jump Championship 2004 Prize Card,,SJC,,,,,,,,3,ygoprodeck
Yu-Gi-Oh!,German,Shonen Jump Championship 2009 Prize Card,,SJCS,,,,,,,,4,ygoprodeck
Yu-Gi-Oh!,German,"Shonen Jump Vol. 4, Issue 1 promotional card",,JMP,,,,,,,,6,ygoprodeck
Yu-Gi-Oh!,German,"Shonen Jump Vol. 6, Issue 12 promotional card",,JUMP,,,,,,,,85,ygoprodeck
Yu-Gi-Oh!,German,Soul Fusion,,SOFU,,,,,,,,105,ygoprodeck
Yu-Gi-Oh!,German,Soul of the Duelist,,SOD,,,,,,,,60,ygoprodeck
Yu-Gi-Oh!,German,Speed Duel Demo Deck,,DEM5,,,,,,,,11,ygoprodeck
Yu-Gi-Oh!,German,Speed Duel Demo Deck 2020,,DEM6,,,,,,,,21,ygoprodeck
Yu-Gi-Oh!,German,Speed Duel GX: Duel Academy Box,,SGX1,,,,,,,,216,ygoprodeck
Yu-Gi-Oh!,German,Speed Duel GX: Duelists of Shadows,,SGX3,,,,,,,,200,ygoprodeck
Yu-Gi-Oh!,German,Speed Duel GX: Midterm Paradox,,SGX2,,,,,,,,98,ygoprodeck
Yu-Gi-Oh!,German,Speed Duel Starter Decks: Destiny Masters,,SS01,,,,,,,,63,ygoprodeck
Yu-Gi-Oh!,German,Speed Duel Starter Decks: Duelists of Tomorrow,,SS02,,,,,,,,69,ygoprodeck
Yu-Gi-Oh!,German,Speed Duel Starter Decks: Match of the Millennium,,SS04,,,,,,,,67,ygoprodeck
Yu-Gi-Oh!,German,Speed Duel Starter Decks: Twisted Nightmares,,SS05,,,,,,,,66,ygoprodeck
Yu-Gi-Oh!,German,Speed Duel Starter Decks: Ultimate Predators,,SS03,,,,,,,,63,ygoprodeck
Yu-Gi-Oh!,German,Speed Duel Tournament Pack 1,,STP1,,,,,,,,18,ygoprodeck
Yu-Gi-Oh!,German,Speed Duel Tournament Pack 2,,STP2,,,,,,,,18,ygoprodeck
Yu-Gi-Oh!,German,Speed Duel Tournament Pack 3,,STP3,,,,,,,,33,ygoprodeck
Yu-Gi-Oh!,German,Speed Duel Tournament Pack 4,,STP4,,,,,,,,35,ygoprodeck
Yu-Gi-Oh!,German,Speed Duel Tournament Pack 5,,STP5,,,,,,,,35,ygoprodeck
Yu-Gi-Oh!,German,Speed Duel Tournament Pack 6,,STP6,,,,,,,,34,ygoprodeck
Yu-Gi-Oh!,German,Speed Duel: Arena of Lost Souls,,SBLS,,,,,,,,50,ygoprodeck
Yu-Gi-Oh!,German,Speed Duel: Attack from the Deep,,SBAD,,,,,,,,50,ygoprodeck
Yu-Gi-Oh!,German,Speed Duel: Battle City Box,,SBCB,,,,,,,,223,ygoprodeck
Yu-Gi-Oh!,German,Speed Duel: Scars of Battle,,SBSC,,,,,,,,48,ygoprodeck
Yu-Gi-Oh!,German,Speed Duel: Scars of Battle Launch Event participation card,,EVSD,,,,,,,,7,ygoprodeck
Yu-Gi-Oh!,German,Speed Duel: Streets of Battle City,,SBC1,,,,,,,,191,ygoprodeck
Yu-Gi-Oh!,German,Speed Duel: Trials of the Kingdom,,SBTK,,,,,,,,59,ygoprodeck
Yu-Gi-Oh!,German,Spell Ruler,,SRL,,,,,,,,208,ygoprodeck
Yu-Gi-Oh!,German,Spellcaster's Command Structure Deck,,SDSC,,,,,,,,39,ygoprodeck
Yu-Gi-Oh!,German,Spirit Warriors,,SPWA,,,,,,,,60,ygoprodeck
Yu-Gi-Oh!,German,Star Pack 2013,,SP13,,,,,,,,50,ygoprodeck
Yu-Gi-Oh!,German,Star Pack 2014,,SP14,,,,,,,,50,ygoprodeck
Yu-Gi-Oh!,German,Star Pack ARC-V,,SP15,,,,,,,,50,ygoprodeck
Yu-Gi-Oh!,German,Star Pack Battle Royal,,SP17,,,,,,,,50,ygoprodeck
Yu-Gi-Oh!,German,Star Pack VRAINS,,SP18,,,,,,,,50,ygoprodeck
Yu-Gi-Oh!,German,Stardust Overdrive,,SOVR,,,,,,,,103,ygoprodeck
Yu-Gi-Oh!,German,Starstrike Blast,,STBL,,,,,,,,101,ygoprodeck
Yu-Gi-Oh!,German,Starter Deck 2006,,YSD,,,,,,,,41,ygoprodeck
Yu-Gi-Oh!,German,Starter Deck: Codebreaker,,YS18,,,,,,,,45,ygoprodeck
Yu-Gi-Oh!,German,Starter Deck: Dawn of the Xyz,,YS11,,,,,,,,43,ygoprodeck
Yu-Gi-Oh!,German,Starter Deck: Duelist Toolbox,,5DS3,,,,,,,,42,ygoprodeck
Yu-Gi-Oh!,German,Starter Deck: Jaden Yuki,,YSDJ,,,,,,,,41,ygoprodeck
Yu-Gi-Oh!,German,Starter Deck: Joey,,SDJ,,,,,,,,50,ygoprodeck
Yu-Gi-Oh!,German,Starter Deck: Kaiba,,SDK,,,,,,,,96,ygoprodeck
Yu-Gi-Oh!,German,Starter Deck: Kaiba Evolution,,SKE,,,,,,,,50,ygoprodeck
Yu-Gi-Oh!,German,Starter Deck: Kaiba Reloaded,,YSKR,,,,,,,,48,ygoprodeck
Yu-Gi-Oh!,German,Starter Deck: Link Strike,,YS17,,,,,,,,43,ygoprodeck
Yu-Gi-Oh!,German,Starter Deck: Pegasus,,SDP,,,,,,,,50,ygoprodeck
Yu-Gi-Oh!,German,Starter Deck: Syrus Truesdale,,YSDS,,,,,,,,41,ygoprodeck
Yu-Gi-Oh!,German,Starter Deck: Xyz Symphony,,YS12,,,,,,,,43,ygoprodeck
Yu-Gi-Oh!,German,Starter Deck: Yu-Gi-Oh! 5D's,,5DS1,,,,,,,,43,ygoprodeck
Yu-Gi-Oh!,German,Starter Deck: Yu-Gi-Oh! 5D's 2009,,5DS2,,,,,,,,43,ygoprodeck
Yu-Gi-Oh!,German,Starter Deck: Yugi,,SDY,,,,,,,,96,ygoprodeck
Yu-Gi-Oh!,German,Starter Deck: Yugi Evolution,,SYE,,,,,,,,50,ygoprodeck
Yu-Gi-Oh!,German,Starter Deck: Yugi Reloaded,,YSYR,,,,,,,,46,ygoprodeck
Yu-Gi-Oh!,German,Starter Deck: Yuya,,YS16,,,,,,,,43,ygoprodeck
Yu-Gi-Oh!,German,Storm of Ragnarok,,STOR,,,,,,,,103,ygoprodeck
Yu-Gi-Oh!,German,Strike of Neos,,STON,,,,,,,,72,ygoprodeck
Yu-Gi-Oh!,German,Structure Deck: Albaz Strike,,SDAZ,,,,,,,,46,ygoprodeck
Yu-Gi-Oh!,German,Structure Deck: Beware of Traptrix,,SDBT,,,,,,,,38,ygoprodeck
Yu-Gi-Oh!,German,Structure Deck: Blaze of Destruction,,SD3,,,,,,,,31,ygoprodeck
Yu-Gi-Oh!,German,Structure Deck: Blue-Eyes White Destiny,,SDWD,,,,,,,,35,ygoprodeck
Yu-Gi-Oh!,German,Structure Deck: Cyber Strike,,SDCS,,,,,,,,48,ygoprodeck
Yu-Gi-Oh!,German,Structure Deck: Cyberse Link,,SDCL,,,,,,,,43,ygoprodeck
Yu-Gi-Oh!,German,Structure Deck: Dark World,,SR13,,,,,,,,37,ygoprodeck
Yu-Gi-Oh!,German,Structure Deck: Dinosaur's Rage,,SD09,,,,,,,,37,ygoprodeck
Yu-Gi-Oh!,German,Structure Deck: Dragon's Roar,,SD1,,,,,,,,29,ygoprodeck
Yu-Gi-Oh!,German,Structure Deck: Fire Kings,,SR14,,,,,,,,39,ygoprodeck
Yu-Gi-Oh!,German,Structure Deck: Freezing Chains,,SDFC,,,,,,,,46,ygoprodeck
Yu-Gi-Oh!,German,Structure Deck: Fury from the Deep,,SD4,,,,,,,,32,ygoprodeck
Yu-Gi-Oh!,German,Structure Deck: Invincible Fortress,,SD7,,,,,,,,32,ygoprodeck
Yu-Gi-Oh!,German,Structure Deck: Lair of Darkness,,SR06,,,,,,,,42,ygoprodeck
Yu-Gi-Oh!,German,Structure Deck: Legend of the Crystal Beasts,,SDCB,,,,,,,,46,ygoprodeck
Yu-Gi-Oh!,German,Structure Deck: Lord of the Storm,,SD8,,,,,,,,36,ygoprodeck
Yu-Gi-Oh!,German,Structure Deck: Machine Re-Volt,,SD10,,,,,,,,37,ygoprodeck
Yu-Gi-Oh!,German,Structure Deck: Marik (TCG),,SDMA,,,,,,,,38,ygoprodeck
Yu-Gi-Oh!,German,Structure Deck: Mechanized Madness,,SR10,,,,,,,,41,ygoprodeck
Yu-Gi-Oh!,German,Structure Deck: Order of the Spellcasters,,SR08,,,,,,,,41,ygoprodeck
Yu-Gi-Oh!,German,Structure Deck: Powercode Link,,SDPL,,,,,,,,42,ygoprodeck
Yu-Gi-Oh!,German,Structure Deck: Rokket Revolt,,SDRR,,,,,,,,46,ygoprodeck
Yu-Gi-Oh!,German,Structure Deck: Sacred Beasts,,SDSA,,,,,,,,48,ygoprodeck
Yu-Gi-Oh!,German,Structure Deck: Seto Kaiba,,SDKS,,,,,,,,44,ygoprodeck
Yu-Gi-Oh!,German,Structure Deck: Shaddoll Showdown,,SDSH,,,,,,,,49,ygoprodeck
Yu-Gi-Oh!,German,Structure Deck: Soulburner,,SDSB,,,,,,,,45,ygoprodeck
Yu-Gi-Oh!,German,Structure Deck: Spellcaster's Judgment,,SD6,,,,,,,,36,ygoprodeck
Yu-Gi-Oh!,German,Structure Deck: Spirit Charmers,,SDCH,,,,,,,,41,ygoprodeck
Yu-Gi-Oh!,German,Structure Deck: The Crimson King,,SDCK,,,,,,,,40,ygoprodeck
Yu-Gi-Oh!,German,Structure Deck: Warrior's Triumph,,SD5,,,,,,,,36,ygoprodeck
Yu-Gi-Oh!,German,Structure Deck: Wave of Light,,SR05,,,,,,,,42,ygoprodeck
Yu-Gi-Oh!,German,Structure Deck: Yugi Muto,,SDMY,,,,,,,,45,ygoprodeck
Yu-Gi-Oh!,German,Structure Deck: Zombie Horde,,SR07,,,,,,,,42,ygoprodeck
Yu-Gi-Oh!,German,Structure Deck: Zombie Madness,,SD2,,,,,,,,29,ygoprodeck
Yu-Gi-Oh!,German,Super Starter: Space-Time Showdown,,YS14,,,,,,,,55,ygoprodeck
Yu-Gi-Oh!,German,Super Starter: V for Victory,,YS13,,,,,,,,57,ygoprodeck
Yu-Gi-Oh!,German,Synchron Extreme Structure Deck,,SDSE,,,,,,,,43,ygoprodeck
Yu-Gi-Oh!,German,THANK YOU PACK,,TYP1,,,,,,,,12,ygoprodeck
Yu-Gi-Oh!,German,THE CHRONICLES DECK: Spirit Charmers (All-Foil Edition),,CH02,,,,,,,,40,ygoprodeck
Yu-Gi-Oh!,German,THE CHRONICLES DECK: The Fallen & The Virtuous (All-Foil Edition),,CH01,,,,,,,,35,ygoprodeck
Yu-Gi-Oh!,German,Tactical Evolution,,TAEV,,,,,,,,93,ygoprodeck
Yu-Gi-Oh!,German,Tactical Masters,,TAMA,,,,,,,,59,ygoprodeck
Yu-Gi-Oh!,German,The Dark Emperor Structure Deck,,SDDE,,,,,,,,36,ygoprodeck
Yu-Gi-Oh!,German,The Dark Illusion,,TDIL,,,,,,,,105,ygoprodeck
Yu-Gi-Oh!,German,The Duelist Genesis,,TDGS,,,,,,,,103,ygoprodeck
Yu-Gi-Oh!,German,The Grand Creators,,GRCR,,,,,,,,60,ygoprodeck
Yu-Gi-Oh!,German,The Infinity Chasers,,INCH,,,,,,,,60,ygoprodeck
Yu-Gi-Oh!,German,The Lost Art Promotion (series),,LART,,,,,,,,74,ygoprodeck
Yu-Gi-Oh!,German,The Lost Millennium,,TLM,,,,,,,,64,ygoprodeck
Yu-Gi-Oh!,German,The Lost Millennium Sneak Peek Participation Card,,SP1,,,,,,,,4,ygoprodeck
Yu-Gi-Oh!,German,The New Challengers,,NECH,,,,,,,,115,ygoprodeck
Yu-Gi-Oh!,German,The Pot Collection,,TBC1,,,,,,,,15,ygoprodeck
Yu-Gi-Oh!,German,The Secret Forces,,THSF,,,,,,,,60,ygoprodeck
Yu-Gi-Oh!,German,The Shining Darkness,,TSHD,,,,,,,,101,ygoprodeck
Yu-Gi-Oh!,German,Toon Chaos,,TOCH,,,,,,,,60,ygoprodeck
Yu-Gi-Oh!,German,Tournament Pack 4,,TP4,,,,,,,,20,ygoprodeck
Yu-Gi-Oh!,German,Tournament Pack 5,,TP5,,,,,,,,20,ygoprodeck
Yu-Gi-Oh!,German,Tournament Pack 6,,TP6,,,,,,,,20,ygoprodeck
Yu-Gi-Oh!,German,Tournament Pack 7,,TP7,,,,,,,,20,ygoprodeck
Yu-Gi-Oh!,German,Tournament Pack 8,,TP8,,,,,,,,20,ygoprodeck
Yu-Gi-Oh!,German,Tournament Pack: 1st Season,,TP1,,,,,,,,60,ygoprodeck
Yu-Gi-Oh!,German,Tournament Pack: 2nd Season,,TP2,,,,,,,,30,ygoprodeck
Yu-Gi-Oh!,German,Tournament Pack: 3rd Season,,TP3,,,,,,,,20,ygoprodeck
Yu-Gi-Oh!,German,Trials of the Pharaoh - Speed Duel: Battle City Box promotional card,,OPTP,,,,,,,,3,ygoprodeck
Yu-Gi-Oh!,German,Turbo Pack: Booster Eight,,TU08,,,,,,,,21,ygoprodeck
Yu-Gi-Oh!,German,Turbo Pack: Booster Five,,TU05,,,,,,,,21,ygoprodeck
Yu-Gi-Oh!,German,Turbo Pack: Booster Four,,TU04,,,,,,,,21,ygoprodeck
Yu-Gi-Oh!,German,Turbo Pack: Booster One,,TU01,,,,,,,,21,ygoprodeck
Yu-Gi-Oh!,German,Turbo Pack: Booster Seven,,TU07,,,,,,,,21,ygoprodeck
Yu-Gi-Oh!,German,Turbo Pack: Booster Six,,TU06,,,,,,,,21,ygoprodeck
Yu-Gi-Oh!,German,Turbo Pack: Booster Three,,TU03,,,,,,,,21,ygoprodeck
Yu-Gi-Oh!,German,Turbo Pack: Booster Two,,TU02,,,,,,,,21,ygoprodeck
Yu-Gi-Oh!,German,Twilight Edition,,TWED,,,,,,,,1,ygoprodeck
Yu-Gi-Oh!,German,Ultimate Edition 2,,UE02,,,,,,,,1,ygoprodeck
Yu-Gi-Oh!,German,Ultimate Tournament Pack 1,,UP01,,,,,,,,42,ygoprodeck
Yu-Gi-Oh!,German,Valiant Smashers,,VASM,,,,,,,,28,ygoprodeck
Yu-Gi-Oh!,German,WSJ Jump Pack Fall 2018 promotional card,,JMPS,,,,,,,,8,ygoprodeck
Yu-Gi-Oh!,German,War of the Giants Reinforcements,,WGRT,,,,,,,,104,ygoprodeck
Yu-Gi-Oh!,German,War of the Giants: Round 2,,BPW2,,,,,,,,103,ygoprodeck
Yu-Gi-Oh!,German,Warriors' Strike Structure Deck,,SDWS,,,,,,,,38,ygoprodeck
Yu-Gi-Oh!,German,Wild Survivors,,WISU,,,,,,,,29,ygoprodeck
Yu-Gi-Oh!,German,Wing Raiders,,WIRA,,,,,,,,60,ygoprodeck
Yu-Gi-Oh!,German,Winner's Pack 2026-2027,,WI26,,,,,,,,20,ygoprodeck
Yu-Gi-Oh!,German,World Championship 2010 Card Pack,,WCPP,,,,,,,,20,ygoprodeck
Yu-Gi-Oh!,German,World Championship 2011 Card Pack,,WP11,,,,,,,,20,ygoprodeck
Yu-Gi-Oh!,German,World Superstars,,WSUP,,,,,,,,50,ygoprodeck
Yu-Gi-Oh!,German,X-Saber Power-Up,,XSPU,,,,,,,,1,ygoprodeck
Yu-Gi-Oh!,German,Yu-Gi-Oh! 3D Bonds Beyond Time DVD promotional card,,MOV2,,,,,,,,1,ygoprodeck
Yu-Gi-Oh!,German,Yu-Gi-Oh! 3D Bonds Beyond Time Movie Pack,,YMP1,,,,,,,,9,ygoprodeck
Yu-Gi-Oh!,German,Yu-Gi-Oh! 5D's Duel Transer promotional cards,,YDT1,,,,,,,,3,ygoprodeck
Yu-Gi-Oh!,German,Yu-Gi-Oh! 5D's Tag Force 4 promotional cards,,TF04,,,,,,,,3,ygoprodeck
Yu-Gi-Oh!,German,Yu-Gi-Oh! 5D's Tag Force 5 promotional cards,,TF05,,,,,,,,3,ygoprodeck
Yu-Gi-Oh!,German,Yu-Gi-Oh! 5D's Volume 1 promotional card,,YF01,,,,,,,,1,ygoprodeck
Yu-Gi-Oh!,German,Yu-Gi-Oh! 5D's Volume 2 promotional card,,YF02,,,,,,,,1,ygoprodeck
Yu-Gi-Oh!,German,Yu-Gi-Oh! 5D's Volume 3 promotional card,,YF03,,,,,,,,1,ygoprodeck
Yu-Gi-Oh!,German,Yu-Gi-Oh! 5D's Volume 4 promotional card,,YF04,,,,,,,,1,ygoprodeck
Yu-Gi-Oh!,German,Yu-Gi-Oh! 5D's Volume 5 promotional card,,YF05,,,,,,,,1,ygoprodeck
Yu-Gi-Oh!,German,Yu-Gi-Oh! 5D's Volume 6 promotional card,,YF06,,,,,,,,1,ygoprodeck
Yu-Gi-Oh!,German,Yu-Gi-Oh! 5D's Volume 7 promotional card,,YF07,,,,,,,,1,ygoprodeck
Yu-Gi-Oh!,German,Yu-Gi-Oh! 5D's Volume 9 promotional card,,YF09,,,,,,,,1,ygoprodeck
Yu-Gi-Oh!,German,Yu-Gi-Oh! 5D's Wheelie Breakers Promotional Cards,,WB01,,,,,,,,3,ygoprodeck
Yu-Gi-Oh!,German,Yu-Gi-Oh! 5D's World Championship 2009: Stardust Accelerator promotional cards,,WC09,,,,,,,,3,ygoprodeck
Yu-Gi-Oh!,German,Yu-Gi-Oh! 5D's World Championship 2010: Reverse of Arcadia promotional cards,,WC10,,,,,,,,3,ygoprodeck
Yu-Gi-Oh!,German,Yu-Gi-Oh! 5D's World Championship 2011: Over the Nexus promotional cards,,WC11,,,,,,,,3,ygoprodeck
Yu-Gi-Oh!,German,Yu-Gi-Oh! 5D's volume 8 promotional card,,YF08,,,,,,,,1,ygoprodeck
Yu-Gi-Oh!,German,Yu-Gi-Oh! 7 Trials to Glory: World Championship Tournament 2005 promotional cards,,WC5,,,,,,,,3,ygoprodeck
Yu-Gi-Oh!,German,Yu-Gi-Oh! ARC-V Volume 1 promotional card,,YA01,,,,,,,,1,ygoprodeck
Yu-Gi-Oh!,German,Yu-Gi-Oh! ARC-V Volume 2 promotional card,,YA02,,,,,,,,1,ygoprodeck
Yu-Gi-Oh!,German,Yu-Gi-Oh! ARC-V Volume 3 promotional card,,YA03,,,,,,,,1,ygoprodeck
Yu-Gi-Oh!,German,Yu-Gi-Oh! ARC-V Volume 4 promotional card,,YA04,,,,,,,,1,ygoprodeck
Yu-Gi-Oh!,German,Yu-Gi-Oh! ARC-V Volume 7 promotional card,,YA07,,,,,,,,1,ygoprodeck
Yu-Gi-Oh!,German,Yu-Gi-Oh! Advent Calendar (2018),,AC18,,,,,,,,24,ygoprodeck
Yu-Gi-Oh!,German,Yu-Gi-Oh! Advent Calendar (2019),,AC19,,,,,,,,24,ygoprodeck
Yu-Gi-Oh!,German,Yu-Gi-Oh! Capsule Monster Coliseum promotional cards,,CMC,,,,,,,,3,ygoprodeck
Yu-Gi-Oh!,German,Yu-Gi-Oh! Championship Series 2014 Prize Card,,YCSW,,,,,,,,10,ygoprodeck
Yu-Gi-Oh!,German,Yu-Gi-Oh! Championship Series 2025 prize cards,,25YC,,,,,,,,12,ygoprodeck
Yu-Gi-Oh!,German,Yu-Gi-Oh! Dark Duel Stories promotional cards,,DDS,,,,,,,,6,ygoprodeck
Yu-Gi-Oh!,German,Yu-Gi-Oh! Destiny Board Traveler promotional cards,,DBT,,,,,,,,3,ygoprodeck
Yu-Gi-Oh!,German,Yu-Gi-Oh! Double Pack promotional cards,,ROD,,,,,,,,3,ygoprodeck
Yu-Gi-Oh!,German,Yu-Gi-Oh! Elemental Hero Collection 1,,EHC1,,,,,,,,4,ygoprodeck
Yu-Gi-Oh!,German,Yu-Gi-Oh! Elemental Hero Collection 2,,EHC2,,,,,,,,4,ygoprodeck
Yu-Gi-Oh!,German,Yu-Gi-Oh! Forbidden Memories promotional cards,,FMR,,,,,,,,3,ygoprodeck
Yu-Gi-Oh!,German,Yu-Gi-Oh! GX Card Almanac promotional cards,,YDB1,,,,,,,,3,ygoprodeck
Yu-Gi-Oh!,German,Yu-Gi-Oh! GX Duel Academy promotional cards,,GX1,,,,,,,,3,ygoprodeck
Yu-Gi-Oh!,German,Yu-Gi-Oh! GX Special Edition,,GSE,,,,,,,,1,ygoprodeck
Yu-Gi-Oh!,German,Yu-Gi-Oh! GX Spirit Caller promotional cards,,GX03,,,,,,,,3,ygoprodeck
Yu-Gi-Oh!,German,Yu-Gi-Oh! GX Tag Force 2 promotional cards,,GX04,,,,,,,,3,ygoprodeck
Yu-Gi-Oh!,German,Yu-Gi-Oh! GX Tag Force 3 promotional cards,,GX06,,,,,,,,3,ygoprodeck
Yu-Gi-Oh!,German,Yu-Gi-Oh! GX Tag Force Evolution promotional cards,,GX05,,,,,,,,3,ygoprodeck
Yu-Gi-Oh!,German,Yu-Gi-Oh! GX Tag Force promotional cards,,GX02,,,,,,,,3,ygoprodeck
Yu-Gi-Oh!,German,Yu-Gi-Oh! GX Ultimate Beginner's Pack,,UBP1,,,,,,,,5,ygoprodeck
Yu-Gi-Oh!,German,Yu-Gi-Oh! GX Volume 1 promotional card,,YG01,,,,,,,,1,ygoprodeck
Yu-Gi-Oh!,German,Yu-Gi-Oh! GX Volume 2 promotional card,,YG02,,,,,,,,1,ygoprodeck
Yu-Gi-Oh!,German,Yu-Gi-Oh! GX Volume 3 promotional card,,YG03,,,,,,,,1,ygoprodeck
Yu-Gi-Oh!,German,Yu-Gi-Oh! GX Volume 4 promotional card,,YG04,,,,,,,,1,ygoprodeck
Yu-Gi-Oh!,German,Yu-Gi-Oh! GX Volume 5 promotional card,,YG05,,,,,,,,1,ygoprodeck
Yu-Gi-Oh!,German,Yu-Gi-Oh! GX Volume 6 promotional card,,YG06,,,,,,,,1,ygoprodeck
Yu-Gi-Oh!,German,Yu-Gi-Oh! GX Volume 7 promotional card,,YG07,,,,,,,,1,ygoprodeck
Yu-Gi-Oh!,German,Yu-Gi-Oh! GX Volume 8 promotional card,,YG08,,,,,,,,1,ygoprodeck
Yu-Gi-Oh!,German,Yu-Gi-Oh! GX Volume 9 promotional card,,YG09,,,,,,,,1,ygoprodeck
Yu-Gi-Oh!,German,Yu-Gi-Oh! Legacy of the Duelist: Link Evolution promotional cards,,LOD2,,,,,,,,3,ygoprodeck
Yu-Gi-Oh!,German,Yu-Gi-Oh! Nightmare Troubadour promotional cards,,NTR,,,,,,,,3,ygoprodeck
Yu-Gi-Oh!,German,Yu-Gi-Oh! Power of Chaos: Joey the Passion promotional cards,,PCJ,,,,,,,,3,ygoprodeck
Yu-Gi-Oh!,German,Yu-Gi-Oh! Power of Chaos: Kaiba the Revenge promotional cards,,PCK,,,,,,,,6,ygoprodeck
Yu-Gi-Oh!,German,Yu-Gi-Oh! Power of Chaos: Yugi the Destiny promotional cards,,PCY,,,,,,,,10,ygoprodeck
Yu-Gi-Oh!,German,Yu-Gi-Oh! R Volume 3 promotional card,,YR01,,,,,,,,2,ygoprodeck
Yu-Gi-Oh!,German,Yu-Gi-Oh! R Volume 4 promotional card,,YR04,,,,,,,,1,ygoprodeck
Yu-Gi-Oh!,German,Yu-Gi-Oh! R Volume 5 promotional card,,YR05,,,,,,,,1,ygoprodeck
Yu-Gi-Oh!,German,Yu-Gi-Oh! The Dark Side of Dimensions Blu-ray & DVD promotional card,,MVPC,,,,,,,,1,ygoprodeck
Yu-Gi-Oh!,German,Yu-Gi-Oh! The Dark Side of Dimensions Movie Pack,,MVP1,,,,,,,,185,ygoprodeck
Yu-Gi-Oh!,German,Yu-Gi-Oh! The Dawn of Destiny promotional cards,,DOD,,,,,,,,5,ygoprodeck
Yu-Gi-Oh!,German,Yu-Gi-Oh! The Duelists of the Roses promotional cards,,DOR,,,,,,,,6,ygoprodeck
Yu-Gi-Oh!,German,Yu-Gi-Oh! The Eternal Duelist Soul promotional cards,,EDS,,,,,,,,3,ygoprodeck
Yu-Gi-Oh!,German,Yu-Gi-Oh! The Falsebound Kingdom promotional cards,,TFK,,,,,,,,6,ygoprodeck
Yu-Gi-Oh!,German,Yu-Gi-Oh! The Sacred Cards promotional cards,,TSC,,,,,,,,6,ygoprodeck
Yu-Gi-Oh!,German,Yu-Gi-Oh! Trading Card Game Tour 2004 promotional card,,EM1,,,,,,,,1,ygoprodeck
Yu-Gi-Oh!,German,Yu-Gi-Oh! Ultimate Masters: World Championship Tournament 2006 promotional cards,,WC6,,,,,,,,3,ygoprodeck
Yu-Gi-Oh!,German,Yu-Gi-Oh! World Championship 2005 prize cards,,WCS,,,,,,,,5,ygoprodeck
Yu-Gi-Oh!,German,Yu-Gi-Oh! World Championship 2007 prize cards,,WCPS,,,,,,,,4,ygoprodeck
Yu-Gi-Oh!,German,Yu-Gi-Oh! World Championship 2007 promotional cards,,WC07,,,,,,,,3,ygoprodeck
Yu-Gi-Oh!,German,Yu-Gi-Oh! World Championship 2008 promotional cards,,WC08,,,,,,,,3,ygoprodeck
Yu-Gi-Oh!,German,Yu-Gi-Oh! World Championship 2017 prize cards,,2017,,,,,,,,2,ygoprodeck
Yu-Gi-Oh!,German,Yu-Gi-Oh! World Championship Qualifier National Championships 2011 prize cards,,WQ11,,,,,,,,3,ygoprodeck
Yu-Gi-Oh!,German,Yu-Gi-Oh! World Championship Tournament 2004 promotional cards,,WC4,,,,,,,,6,ygoprodeck
Yu-Gi-Oh!,German,Yu-Gi-Oh! Worldwide Edition: Stairway to the Destined Duel promotional cards,,SDD,,,,,,,,6,ygoprodeck
Yu-Gi-Oh!,German,Yu-Gi-Oh! ZEXAL Volume 1 promotional card,,YZ01,,,,,,,,1,ygoprodeck
Yu-Gi-Oh!,German,Yu-Gi-Oh! ZEXAL Volume 2 promotional card,,YZ02,,,,,,,,1,ygoprodeck
Yu-Gi-Oh!,German,Yu-Gi-Oh! ZEXAL Volume 3 promotional card,,YZ03,,,,,,,,1,ygoprodeck
Yu-Gi-Oh!,German,Yu-Gi-Oh! ZEXAL Volume 4 promotional card,,YZ04,,,,,,,,1,ygoprodeck
Yu-Gi-Oh!,German,Yu-Gi-Oh! ZEXAL Volume 5 promotional card,,YZ05,,,,,,,,1,ygoprodeck
Yu-Gi-Oh!,German,Yu-Gi-Oh! ZEXAL Volume 6 promotional card,,YZ06,,,,,,,,1,ygoprodeck
Yu-Gi-Oh!,German,Yu-Gi-Oh! ZEXAL Volume 7 promotional card,,YZ07,,,,,,,,1,ygoprodeck
Yu-Gi-Oh!,German,Yu-Gi-Oh! ZEXAL Volume 8 promotional card,,YZ08,,,,,,,,1,ygoprodeck
Yu-Gi-Oh!,German,Yu-Gi-Oh! ZEXAL Volume 9 promotional card,,YZ09,,,,,,,,1,ygoprodeck
Yu-Gi-Oh!,German,Yu-Gi-Oh! ZEXAL World Duel Carnival promotional cards,,ZDC1,,,,,,,,3,ygoprodeck
Yu-Gi-Oh!,German,Yugi & Kaiba Collector Box,,KACB,,,,,,,,1,ygoprodeck
Yu-Gi-Oh!,German,Yugi's Legendary Decks,,YGLD,,,,,,,,125,ygoprodeck
Yu-Gi-Oh!,German,Zexal Collection Tin,,ZTIN,,,,,,,,24,ygoprodeck
Yu-Gi-Oh!,German,Zombie World Structure Deck,,SDZW,,,,,,,,37,ygoprodeck
Yu-Gi-Oh!,English,2-Player Starter Deck: Yuya & Declan,2-Player Starter Deck: Yuya & Declan,YS15,,,,,,,,99,ygoprodeck
Yu-Gi-Oh!,English,2-Player Starter Set,2-Player Starter Set,STAS,,,,,,,,88,"ygoprodeck,tcgcsv"
Yu-Gi-Oh!,English,2-Player Starter Set,2-Player Starter Set,STAX,,,,,,,,43,ygoprodeck
Yu-Gi-Oh!,English,2002 Collectors Tin,2002 Collectors Tin,BPT,,,,,,,,6,tcgcsv
Yu-Gi-Oh!,English,2009 Duelist Pack Collection Tin,2009 Duelist Pack Collection Tin,DPCT,,,,,,,,0,tcgcsv
Yu-Gi-Oh!,English,2011 Duelist Pack Tin,2011 Duelist Pack Tin,DPCT/DPC5,,,,,,,,4,tcgcsv
Yu-Gi-Oh!,English,2013 Collectible Tins Wave 1,2013 Collectible Tins Wave 1,CT10,,,,,,,,18,"ygoprodeck,tcgcsv"
Yu-Gi-Oh!,English,2014 Mega-Tin Mega Pack,2014 Mega-Tin Mega Pack,MP14,,,,,,,,247,"ygoprodeck,tcgcsv"
Yu-Gi-Oh!,English,2014 Mega-Tins,2014 Mega-Tins,CT11,,,,,,,,6,"ygoprodeck,tcgcsv"
Yu-Gi-Oh!,English,2015 Mega-Tin Mega Pack,2015 Mega-Tin Mega Pack,MP15,,,,,,,,247,"ygoprodeck,tcgcsv"
Yu-Gi-Oh!,English,2015 Mega-Tins,2015 Mega-Tins,CT12,,,,,,,,6,"ygoprodeck,tcgcsv"
Yu-Gi-Oh!,English,2016 Mega-Tin Mega Pack,2016 Mega-Tin Mega Pack,MP16,,,,,,,,239,"ygoprodeck,tcgcsv"
Yu-Gi-Oh!,English,2016 Mega-Tins,2016 Mega-Tins,CT13,,,,,,,,12,"ygoprodeck,tcgcsv"
Yu-Gi-Oh!,English,2017 Mega-Tin Mega Pack,2017 Mega-Tin Mega Pack,MP17,,,,,,,,239,"ygoprodeck,tcgcsv"
Yu-Gi-Oh!,English,2017 Mega-Tins,2017 Mega-Tins,CT14,,,,,,,,10,"ygoprodeck,tcgcsv"
Yu-Gi-Oh!,English,2018 Mega-Tin Mega Pack,2018 Mega-Tin Mega Pack,MP18,,,,,,,,233,"ygoprodeck,tcgcsv"
Yu-Gi-Oh!,English,2018 Mega-Tins,2018 Mega-Tins,CT15,,,,,,,,10,"ygoprodeck,tcgcsv"
Yu-Gi-Oh!,English,2019 Gold Sarcophagus Tin,2019 Gold Sarcophagus Tin,TN19,,,,,,,,14,"ygoprodeck,tcgcsv"
Yu-Gi-Oh!,English,2019 Gold Sarcophagus Tin Mega Pack,2019 Gold Sarcophagus Tin Mega Pack,MP19,,,,,,,,270,"ygoprodeck,tcgcsv"
Yu-Gi-Oh!,English,2020 Tin of Lost Memories Mega Pack,2020 Tin of Lost Memories Mega Pack,MP20,,,,,,,,249,"ygoprodeck,tcgcsv"
Yu-Gi-Oh!,English,2021 Tin of Ancient Battles,2021 Tin of Ancient Battles,MP21,,,,,,,,258,"ygoprodeck,tcgcsv"
Yu-Gi-Oh!,English,2022 Tin of the Pharaoh's Gods,2022 Tin of the Pharaoh's Gods,MP22,,,,,,,,275,"ygoprodeck,tcgcsv"
Yu-Gi-Oh!,English,2025 Mega-Pack Tin,2025 Mega-Pack Tin,MP25,,,,,,,,450,"ygoprodeck,tcgcsv"
Yu-Gi-Oh!,English,25th Anniversary Rarity Collection,25th Anniversary Rarity Collection,RA01,,,,,,,,79,"ygoprodeck,tcgcsv"
Yu-Gi-Oh!,English,25th Anniversary Rarity Collection II,25th Anniversary Rarity Collection II,RA02,,,,,,,,79,"ygoprodeck,tcgcsv"
Yu-Gi-Oh!,English,25th Anniversary Tin: Dueling Heroes,25th Anniversary Tin: Dueling Heroes,TN23,,,,,,,,16,"ygoprodeck,tcgcsv"
Yu-Gi-Oh!,English,25th Anniversary Tin: Dueling Heroes Mega Pack,25th Anniversary Tin: Dueling Heroes Mega Pack,MP23,,,,,,,,283,"ygoprodeck,tcgcsv"
Yu-Gi-Oh!,English,25th Anniversary Tin: Dueling Mirrors,25th Anniversary Tin: Dueling Mirrors,MP24,,,,,,,,400,"ygoprodeck,tcgcsv"
Yu-Gi-Oh!,English,25th Anniversary Ultimate Kaiba Set,25th Anniversary Ultimate Kaiba Set,KC01,,,,,,,,62,"ygoprodeck,tcgcsv"
Yu-Gi-Oh!,English,5D's 2008 Starter Deck,5D's 2008 Starter Deck,5DS1,,,,,,,,43,tcgcsv
Yu-Gi-Oh!,English,Absolute Powerforce,Absolute Powerforce,ABPF,,,,,,,,104,"ygoprodeck,tcgcsv"
Yu-Gi-Oh!,English,Absolute Powerforce: Special Edition,Absolute Powerforce: Special Edition,ABPF-ENSE,,,,,,,,0,tcgcsv
Yu-Gi-Oh!,English,Abyss Rising,Abyss Rising,ABYR,,,,,,,,103,"ygoprodeck,tcgcsv"
Yu-Gi-Oh!,English,Abyss Rising SE,Abyss Rising SE,ABYR-ENSE,,,,,,,,0,tcgcsv
Yu-Gi-Oh!,English,Advanced Demo Deck Extra Pack,Advanced Demo Deck Extra Pack,DEM4,,,,,,,,10,"ygoprodeck,tcgcsv"
Yu-Gi-Oh!,English,Advent Calendar 2011 (Adventskalender),Advent Calendar 2011 (Adventskalender),AC11,,,,,,,,24,tcgcsv
Yu-Gi-Oh!,English,Advent Calendar 2014 (Adventskalender ZEXAL-Edition),Advent Calendar 2014 (Adventskalender ZEXAL-Edition),AC14,,,,,,,,24,tcgcsv
Yu-Gi-Oh!,English,Age of Overlord,Age of Overlord,AGOV,,,,,,,,102,"ygoprodeck,tcgcsv"
Yu-Gi-Oh!,English,Alliance Insight,Alliance Insight,ALIN,,,,,,,,107,"ygoprodeck,tcgcsv"
Yu-Gi-Oh!,English,Amazing Defenders,Amazing Defenders,AMDE,,,,,,,,60,"ygoprodeck,tcgcsv"
Yu-Gi-Oh!,English,Ancient Guardians,Ancient Guardians,ANGU,,,,,,,,60,"ygoprodeck,tcgcsv"
Yu-Gi-Oh!,English,Ancient Prophecy,Ancient Prophecy,ANPR,,,,,,,,104,"ygoprodeck,tcgcsv"
Yu-Gi-Oh!,English,Ancient Prophecy SE,Ancient Prophecy SE,ANPR-ENSE,,,,,,,,2,tcgcsv
Yu-Gi-Oh!,English,Ancient Sanctuary,Ancient Sanctuary,AST,,,,,,,,112,"ygoprodeck,tcgcsv"
Yu-Gi-Oh!,English,Anniversary Pack,Anniversary Pack,YAP1,,,,,,,,8,"ygoprodeck,tcgcsv"
Yu-Gi-Oh!,English,Astral Pack Eight,Astral Pack Eight,AP08,,,,,,,,27,"ygoprodeck,tcgcsv"
Yu-Gi-Oh!,English,Astral Pack Five,Astral Pack Five,AP05,,,,,,,,26,"ygoprodeck,tcgcsv"
Yu-Gi-Oh!,English,Astral Pack Four,Astral Pack Four,AP04,,,,,,,,26,"ygoprodeck,tcgcsv"
Yu-Gi-Oh!,English,Astral Pack One,Astral Pack One,AP01,,,,,,,,25,"ygoprodeck,tcgcsv"
Yu-Gi-Oh!,English,Astral Pack Seven,Astral Pack Seven,AP07,,,,,,,,27,"ygoprodeck,tcgcsv"
Yu-Gi-Oh!,English,Astral Pack Six,Astral Pack Six,AP06,,,,,,,,28,"ygoprodeck,tcgcsv"
Yu-Gi-Oh!,English,Astral Pack Three,Astral Pack Three,AP03,,,,,,,,26,"ygoprodeck,tcgcsv"
Yu-Gi-Oh!,English,Astral Pack Two,Astral Pack Two,AP02,,,,,,,,25,"ygoprodeck,tcgcsv"
Yu-Gi-Oh!,English,Battle Pack 2: War of the Giants,Battle Pack 2: War of the Giants,BP02,,,,,,,,215,"ygoprodeck,tcgcsv"
Yu-Gi-Oh!,English,Battle Pack 3: Monster League,Battle Pack 3: Monster League,BP03,,,,,,,,237,"ygoprodeck,tcgcsv"
Yu-Gi-Oh!,English,Battle Pack Tournament Prize Cards,Battle Pack Tournament Prize Cards,BATT,,,,,,,,20,"ygoprodeck,tcgcsv"
Yu-Gi-Oh!,English,Battle Pack: Epic Dawn,Battle Pack: Epic Dawn,BP01,,,,,,,,220,"ygoprodeck,tcgcsv"
Yu-Gi-Oh!,English,Battle of Chaos,Battle of Chaos,BACH,,,,,,,,103,"ygoprodeck,tcgcsv"
Yu-Gi-Oh!,English,Battle of Chaos,Battle of Chaos,25TH,,,,,,,,1,ygoprodeck
Yu-Gi-Oh!,English,Battles of Legend: Armageddon,Battles of Legend: Armageddon,BLAR,,,,,,,,94,"ygoprodeck,tcgcsv"
Yu-Gi-Oh!,English,Battles of Legend: Chapter 1,Battles of Legend: Chapter 1,BLC1,,,,,,,,163,"ygoprodeck,tcgcsv"
Yu-Gi-Oh!,English,Battles of Legend: Crystal Revenge,Battles of Legend: Crystal Revenge,BLCR,,,,,,,,105,"ygoprodeck,tcgcsv"
Yu-Gi-Oh!,English,Battles of Legend: Glorious Gallery,Battles of Legend: Glorious Gallery,BLGG,,,,,,,,146,"ygoprodeck,tcgcsv"
Yu-Gi-Oh!,English,Battles of Legend: Hero's Revenge,Battles of Legend: Hero's Revenge,BLHR,,,,,,,,94,"ygoprodeck,tcgcsv"
Yu-Gi-Oh!,English,Battles of Legend: Light's Revenge,Battles of Legend: Light's Revenge,BLLR,,,,,,,,80,"ygoprodeck,tcgcsv"
Yu-Gi-Oh!,English,Battles of Legend: Monster Mayhem,Battles of Legend: Monster Mayhem,BLMM,,,,,,,,177,"ygoprodeck,tcgcsv"
Yu-Gi-Oh!,English,Battles of Legend: Monstrous Revenge,Battles of Legend: Monstrous Revenge,BLMR,,,,,,,,104,"ygoprodeck,tcgcsv"
Yu-Gi-Oh!,English,Battles of Legend: Relentless Revenge,Battles of Legend: Relentless Revenge,BLRR,,,,,,,,105,"ygoprodeck,tcgcsv"
Yu-Gi-Oh!,English,Battles of Legend: Terminal Revenge,Battles of Legend: Terminal Revenge,BLTR,,,,,,,,118,"ygoprodeck,tcgcsv"
Yu-Gi-Oh!,English,Blazing Dominion,Blazing Dominion,BLZD,,,,,,,,102,"ygoprodeck,tcgcsv"
Yu-Gi-Oh!,English,Blazing Vortex,Blazing Vortex,BLVO,,,,,,,,102,"ygoprodeck,tcgcsv"
Yu-Gi-Oh!,English,Blue-Eyes Alternative White Dragon Sweepstakes,Blue-Eyes Alternative White Dragon Sweepstakes,SBPR,,,,,,,,4,ygoprodeck
Yu-Gi-Oh!,English,Booster Pack Collectors Tins 2002,Booster Pack Collectors Tins 2002,BPT,,,,,,,,12,"ygoprodeck,tcgcsv"
Yu-Gi-Oh!,English,Breakers of Shadow,Breakers of Shadow,BOSH,,,,,,,,105,"ygoprodeck,tcgcsv"
Yu-Gi-Oh!,English,Breakers of Shadow: Special Edition,Breakers of Shadow: Special Edition,BOSH-SE,,,,,,,,0,tcgcsv
Yu-Gi-Oh!,English,Brothers of Legend,Brothers of Legend,BROL,,,,,,,,95,"ygoprodeck,tcgcsv"
Yu-Gi-Oh!,English,Burst Protocol,Burst Protocol,BPRO,,,,,,,,107,"ygoprodeck,tcgcsv"
Yu-Gi-Oh!,English,Burst of Destiny,Burst of Destiny,BODE,,,,,,,,102,"ygoprodeck,tcgcsv"
Yu-Gi-Oh!,English,Capsule Monster Coliseum,Capsule Monster Coliseum,,,,,,,,,0,tcgcsv
Yu-Gi-Oh!,English,Champion Pack: Game Eight,Champion Pack: Game Eight,CP08,,,,,,,,20,"ygoprodeck,tcgcsv"
Yu-Gi-Oh!,English,Champion Pack: Game Five,Champion Pack: Game Five,CP05,,,,,,,,20,"ygoprodeck,tcgcsv"
Yu-Gi-Oh!,English,Champion Pack: Game Four,Champion Pack: Game Four,CP04,,,,,,,,20,"ygoprodeck,tcgcsv"
Yu-Gi-Oh!,English,Champion Pack: Game One,Champion Pack: Game One,CP01,,,,,,,,20,"ygoprodeck,tcgcsv"
Yu-Gi-Oh!,English,Champion Pack: Game Seven,Champion Pack: Game Seven,CP07,,,,,,,,20,"ygoprodeck,tcgcsv"
Yu-Gi-Oh!,English,Champion Pack: Game Six,Champion Pack: Game Six,CP06,,,,,,,,20,"ygoprodeck,tcgcsv"
Yu-Gi-Oh!,English,Champion Pack: Game Three,Champion Pack: Game Three,CP03,,,,,,,,20,"ygoprodeck,tcgcsv"
Yu-Gi-Oh!,English,Champion Pack: Game Two,Champion Pack: Game Two,CP02,,,,,,,,20,"ygoprodeck,tcgcsv"
Yu-Gi-Oh!,English,Chaos Impact,Chaos Impact,CHIM,,,,,,,,105,"ygoprodeck,tcgcsv"
Yu-Gi-Oh!,English,Chaos Origins,Chaos Origins,CORI,,,,,,,,106,"ygoprodeck,tcgcsv"
Yu-Gi-Oh!,English,Circuit Break,Circuit Break,CIBR,,,,,,,,105,"ygoprodeck,tcgcsv"
Yu-Gi-Oh!,English,Clash of Rebellions,Clash of Rebellions,CORE,,,,,,,,105,"ygoprodeck,tcgcsv"
Yu-Gi-Oh!,English,Clash of Rebellions: Special Edition,Clash of Rebellions: Special Edition,CORE-SE,,,,,,,,0,tcgcsv
Yu-Gi-Oh!,English,Code of the Duelist,Code of the Duelist,COTD,,,,,,,,105,"ygoprodeck,tcgcsv"
Yu-Gi-Oh!,English,Collectible Tins 2004,Collectible Tins 2004,CT1,,,,,,,,6,"ygoprodeck,tcgcsv"
Yu-Gi-Oh!,English,Collectible Tins 2005,Collectible Tins 2005,CT2,,,,,,,,6,"ygoprodeck,tcgcsv"
Yu-Gi-Oh!,English,Collectible Tins 2006 Wave 1,Collectible Tins 2006 Wave 1,CT03,,,,,,,,6,"ygoprodeck,tcgcsv"
Yu-Gi-Oh!,English,Collectible Tins 2007 Wave 1,Collectible Tins 2007 Wave 1,CT04,,,,,,,,6,"ygoprodeck,tcgcsv"
Yu-Gi-Oh!,English,Collectible Tins 2008 Wave 2,Collectible Tins 2008 Wave 2,CT05,,,,,,,,7,"ygoprodeck,tcgcsv"
Yu-Gi-Oh!,English,Collectible Tins 2009 Wave 1,Collectible Tins 2009 Wave 1,CT06,,,,,,,,8,"ygoprodeck,tcgcsv"
Yu-Gi-Oh!,English,Collectible Tins 2010 Wave 1,Collectible Tins 2010 Wave 1,CT07,,,,,,,,25,"ygoprodeck,tcgcsv"
Yu-Gi-Oh!,English,Collectible Tins 2011 Wave 1,Collectible Tins 2011 Wave 1,CT08,,,,,,,,18,"ygoprodeck,tcgcsv"
Yu-Gi-Oh!,English,Collectible Tins 2012 Wave 1,Collectible Tins 2012 Wave 1,CT09,,,,,,,,23,"ygoprodeck,tcgcsv"
Yu-Gi-Oh!,English,Collector's Boxes,Collector's Boxes,SEALED,,,,,,,,2,tcgcsv
Yu-Gi-Oh!,English,Cosmo Blazer,Cosmo Blazer,CBLZ,,,,,,,,103,"ygoprodeck,tcgcsv"
Yu-Gi-Oh!,English,Cosmo Blazer SE,Cosmo Blazer SE,CBLZ-ENSE,,,,,,,,2,tcgcsv
Yu-Gi-Oh!,English,Crimson Crisis,Crimson Crisis,CRMS,,,,,,,,103,"ygoprodeck,tcgcsv"
Yu-Gi-Oh!,English,Crossed Souls,Crossed Souls,CROS,,,,,,,,105,"ygoprodeck,tcgcsv"
Yu-Gi-Oh!,English,Crossed Souls: Advanced Edition,Crossed Souls: Advanced Edition,CROS-AE,,,,,,,,4,tcgcsv
Yu-Gi-Oh!,English,Crossover Breakers,Crossover Breakers,CRBR,,,,,,,,60,"ygoprodeck,tcgcsv"
Yu-Gi-Oh!,English,Crossroads of Chaos,Crossroads of Chaos,CSOC,,,,,,,,103,"ygoprodeck,tcgcsv"
Yu-Gi-Oh!,English,Cyber Dragon Revolution Structure Deck,Cyber Dragon Revolution Structure Deck,SDCR,,,,,,,,38,"ygoprodeck,tcgcsv"
Yu-Gi-Oh!,English,Cyberdark Impact,Cyberdark Impact,CDIP,,,,,,,,60,"ygoprodeck,tcgcsv"
Yu-Gi-Oh!,English,Cybernetic Horizon,Cybernetic Horizon,CYHO,,,,,,,,105,"ygoprodeck,tcgcsv"
Yu-Gi-Oh!,English,Cybernetic Revolution,Cybernetic Revolution,CRV,,,,,,,,60,"ygoprodeck,tcgcsv"
Yu-Gi-Oh!,English,Cyberstorm Access,Cyberstorm Access,CYAC,,,,,,,,102,"ygoprodeck,tcgcsv"
Yu-Gi-Oh!,English,Dark Beginning 1,Dark Beginning 1,DB1,,,,,,,,250,"ygoprodeck,tcgcsv"
Yu-Gi-Oh!,English,Dark Beginning 1,Dark Beginning 1,DARK-BEGINNING-1,,,,,,,,12,ygoprodeck
Yu-Gi-Oh!,English,Dark Beginning 2,Dark Beginning 2,DB,,,,,,,,14,ygoprodeck
Yu-Gi-Oh!,English,Dark Beginning 2,Dark Beginning 2,DB2,,,,,,,,250,"ygoprodeck,tcgcsv"
Yu-Gi-Oh!,English,Dark Crisis,Dark Crisis,DCR,,,,,,,,212,"ygoprodeck,tcgcsv"
Yu-Gi-Oh!,English,Dark Crisis (25th Anniversary Edition),Dark Crisis (25th Anniversary Edition),DCR-EN,,,,,,,,106,tcgcsv
Yu-Gi-Oh!,English,Dark Crisis (Worldwide English),Dark Crisis (Worldwide English),DCR-EN,,,,,,,,106,tcgcsv
Yu-Gi-Oh!,English,Dark Duel Stories,Dark Duel Stories,,,,,,,,,0,tcgcsv
Yu-Gi-Oh!,English,Dark Legends,Dark Legends,DLG1,,,,,,,,113,"ygoprodeck,tcgcsv"
Yu-Gi-Oh!,English,Dark Legends Promo Card,Dark Legends Promo Card,DLG1,,,,,,,,0,tcgcsv
Yu-Gi-Oh!,English,Dark Neostorm,Dark Neostorm,DANE,,,,,,,,105,"ygoprodeck,tcgcsv"
Yu-Gi-Oh!,English,Dark Revelation Volume 1,Dark Revelation Volume 1,DR1,,,,,,,,267,"ygoprodeck,tcgcsv"
Yu-Gi-Oh!,English,Dark Revelation Volume 2,Dark Revelation Volume 2,DR2,,,,,,,,228,"ygoprodeck,tcgcsv"
Yu-Gi-Oh!,English,Dark Revelation Volume 3,Dark Revelation Volume 3,DR3,,,,,,,,240,"ygoprodeck,tcgcsv"
Yu-Gi-Oh!,English,Dark Revelation Volume 4,Dark Revelation Volume 4,DR04,,,,,,,,245,"ygoprodeck,tcgcsv"
Yu-Gi-Oh!,English,Dark Saviors,Dark Saviors,DASA,,,,,,,,60,"ygoprodeck,tcgcsv"
Yu-Gi-Oh!,English,Darkwing Blast,Darkwing Blast,DABL,,,,,,,,102,"ygoprodeck,tcgcsv"
Yu-Gi-Oh!,English,Dawn of Majesty,Dawn of Majesty,DAMA,,,,,,,,102,"ygoprodeck,tcgcsv"
Yu-Gi-Oh!,English,Demo Deck 2015,Demo Deck 2015,DEM2,,,,,,,,20,"ygoprodeck,tcgcsv"
Yu-Gi-Oh!,English,Demo Deck 2016,Demo Deck 2016,DEM3,,,,,,,,20,"ygoprodeck,tcgcsv"
Yu-Gi-Oh!,English,Demo Pack,Demo Pack,DEM1,,,,,,,,20,"ygoprodeck,tcgcsv"
Yu-Gi-Oh!,English,Destiny Soldiers,Destiny Soldiers,DESO,,,,,,,,60,"ygoprodeck,tcgcsv"
Yu-Gi-Oh!,English,Dimension Force,Dimension Force,DIFO,,,,,,,,102,"ygoprodeck,tcgcsv"
Yu-Gi-Oh!,English,Dimension of Chaos,Dimension of Chaos,DOCS,,,,,,,,105,"ygoprodeck,tcgcsv"
Yu-Gi-Oh!,English,Dinosmasher's Fury Structure Deck,Dinosmasher's Fury Structure Deck,SR04,,,,,,,,40,"ygoprodeck,tcgcsv"
Yu-Gi-Oh!,English,Doom of Dimensions,Doom of Dimensions,DOOD,,,,,,,,107,"ygoprodeck,tcgcsv"
Yu-Gi-Oh!,English,Dragons Collide Structure Deck,Dragons Collide Structure Deck,SDDC,,,,,,,,40,"ygoprodeck,tcgcsv"
Yu-Gi-Oh!,English,Dragons of Legend,Dragons of Legend,DRLG,,,,,,,,51,"ygoprodeck,tcgcsv"
Yu-Gi-Oh!,English,Dragons of Legend 2,Dragons of Legend 2,DRL2,,,,,,,,45,"ygoprodeck,tcgcsv"
Yu-Gi-Oh!,English,Dragons of Legend: The Complete Series,Dragons of Legend: The Complete Series,DLCS,,,,,,,,149,"ygoprodeck,tcgcsv"
Yu-Gi-Oh!,English,Dragons of Legend: Unleashed,Dragons of Legend: Unleashed,DRL3,,,,,,,,73,"ygoprodeck,tcgcsv"
Yu-Gi-Oh!,English,Dragunity Legion Structure Deck,Dragunity Legion Structure Deck,SDDL,,,,,,,,39,"ygoprodeck,tcgcsv"
Yu-Gi-Oh!,English,Duel Devastator,Duel Devastator,DUDE,,,,,,,,56,"ygoprodeck,tcgcsv"
Yu-Gi-Oh!,English,Duel Disk - Yusei Version,Duel Disk - Yusei Version,DDY1,,,,,,,,1,"ygoprodeck,tcgcsv"
Yu-Gi-Oh!,English,Duel Master's Guide promotional cards,Duel Master's Guide promotional cards,DMG,,,,,,,,1,"ygoprodeck,tcgcsv"
Yu-Gi-Oh!,English,Duel Overload,Duel Overload,DUOV,,,,,,,,100,"ygoprodeck,tcgcsv"
Yu-Gi-Oh!,English,Duel Power,Duel Power,DUPO,,,,,,,,106,"ygoprodeck,tcgcsv"
Yu-Gi-Oh!,English,Duel Terminal,Duel Terminal,,,,,,,,,0,tcgcsv
Yu-Gi-Oh!,English,Duel Terminal - Preview Wave 2,Duel Terminal - Preview Wave 2,DTP1,,,,,,,,31,"ygoprodeck,tcgcsv"
Yu-Gi-Oh!,English,Duel Terminal 1,Duel Terminal 1,DT01,,,,,,,,100,"ygoprodeck,tcgcsv"
Yu-Gi-Oh!,English,Duel Terminal 2,Duel Terminal 2,DT02,,,,,,,,100,"ygoprodeck,tcgcsv"
Yu-Gi-Oh!,English,Duel Terminal 3,Duel Terminal 3,DT03,,,,,,,,100,"ygoprodeck,tcgcsv"
Yu-Gi-Oh!,English,Duel Terminal 4,Duel Terminal 4,DT04,,,,,,,,100,"ygoprodeck,tcgcsv"
Yu-Gi-Oh!,English,Duel Terminal 5b,Duel Terminal 5b,DT05,,,,,,,,100,"ygoprodeck,tcgcsv"
Yu-Gi-Oh!,English,Duel Terminal 6b,Duel Terminal 6b,DT06,,,,,,,,100,"ygoprodeck,tcgcsv"
Yu-Gi-Oh!,English,Duel Terminal 7a,Duel Terminal 7a,DT07,,,,,,,,100,"ygoprodeck,tcgcsv"
Yu-Gi-Oh!,English,Duelist Alliance,Duelist Alliance,DUEA,,,,,,,,108,"ygoprodeck,tcgcsv"
Yu-Gi-Oh!,English,Duelist Alliance: Deluxe Edition,Duelist Alliance: Deluxe Edition,DUEA-DE,,,,,,,,7,tcgcsv
Yu-Gi-Oh!,English,Duelist Genesis,Duelist Genesis,,,,,,,,,0,tcgcsv
Yu-Gi-Oh!,English,Duelist League 13 participation cards,Duelist League 13 participation cards,DL13,,,,,,,,20,ygoprodeck
Yu-Gi-Oh!,English,Duelist League 14 participation cards,Duelist League 14 participation cards,DL14,,,,,,,,20,ygoprodeck
Yu-Gi-Oh!,English,Duelist League 15 participation cards,Duelist League 15 participation cards,DL15,,,,,,,,20,ygoprodeck
Yu-Gi-Oh!,English,Duelist League 16 participation cards,Duelist League 16 participation cards,DL16,,,,,,,,20,ygoprodeck
Yu-Gi-Oh!,English,Duelist League 17 participation cards,Duelist League 17 participation cards,DL17,,,,,,,,20,ygoprodeck
Yu-Gi-Oh!,English,Duelist League 18 participation cards,Duelist League 18 participation cards,DL18,,,,,,,,20,ygoprodeck
Yu-Gi-Oh!,English,Duelist League 2 participation cards,Duelist League 2 participation cards,DL11,,,,,,,,20,ygoprodeck
Yu-Gi-Oh!,English,Duelist League 2010 participation cards,Duelist League 2010 participation cards,DL09,,,,,,,,20,ygoprodeck
Yu-Gi-Oh!,English,Duelist League 3 participation cards,Duelist League 3 participation cards,DL12,,,,,,,,20,ygoprodeck
Yu-Gi-Oh!,English,Duelist League Demo 2010,Duelist League Demo 2010,DLDI,,,,,,,,5,"ygoprodeck,tcgcsv"
Yu-Gi-Oh!,English,Duelist League Promo,Duelist League Promo,DL,,,,,,,,192,tcgcsv
Yu-Gi-Oh!,English,Duelist League Series 1 participation cards,Duelist League Series 1 participation cards,DL1,,,,,,,,4,ygoprodeck
Yu-Gi-Oh!,English,Duelist League Series 10 participation card,Duelist League Series 10 participation card,DL10,,,,,,,,1,ygoprodeck
Yu-Gi-Oh!,English,Duelist League Series 2 participation cards,Duelist League Series 2 participation cards,DL2,,,,,,,,4,ygoprodeck
Yu-Gi-Oh!,English,Duelist League Series 3 participation card,Duelist League Series 3 participation card,DL3,,,,,,,,1,ygoprodeck
Yu-Gi-Oh!,English,Duelist League Series 4 participation card,Duelist League Series 4 participation card,DL4,,,,,,,,1,ygoprodeck
Yu-Gi-Oh!,English,Duelist League Series 5 participation card,Duelist League Series 5 participation card,DL5,,,,,,,,1,ygoprodeck
Yu-Gi-Oh!,English,Duelist League Series 6 participation card,Duelist League Series 6 participation card,DL6,,,,,,,,1,ygoprodeck
Yu-Gi-Oh!,English,Duelist League Series 7 participation card,Duelist League Series 7 participation card,DL7,,,,,,,,1,ygoprodeck
Yu-Gi-Oh!,English,Duelist League Series 8 participation card,Duelist League Series 8 participation card,DL8,,,,,,,,1,ygoprodeck
Yu-Gi-Oh!,English,Duelist League Series 9 participation card,Duelist League Series 9 participation card,DL9,,,,,,,,1,ygoprodeck
Yu-Gi-Oh!,English,Duelist Nexus,Duelist Nexus,DUNE,,,,,,,,101,"ygoprodeck,tcgcsv"
Yu-Gi-Oh!,English,Duelist Pack 7,Duelist Pack 7,DP07,,,,,,,,0,tcgcsv
Yu-Gi-Oh!,English,Duelist Pack Collection Tin,Duelist Pack Collection Tin,DPCT,,,,,,,,9,tcgcsv
Yu-Gi-Oh!,English,Duelist Pack Collection Tin 2010,Duelist Pack Collection Tin 2010,DPCT,,,,,,,,14,"ygoprodeck,tcgcsv"
Yu-Gi-Oh!,English,Duelist Pack Collection Tin 2011,Duelist Pack Collection Tin 2011,DPC5,,,,,,,,3,ygoprodeck
Yu-Gi-Oh!,English,Duelist Pack: Aster Phoenix,Duelist Pack: Aster Phoenix,DP05,,,,,,,,30,"ygoprodeck,tcgcsv"
Yu-Gi-Oh!,English,Duelist Pack: Battle City,Duelist Pack: Battle City,DPBC,,,,,,,,47,"ygoprodeck,tcgcsv"
Yu-Gi-Oh!,English,Duelist Pack: Chazz Princeton,Duelist Pack: Chazz Princeton,DP2,,,,,,,,30,"ygoprodeck,tcgcsv"
Yu-Gi-Oh!,English,Duelist Pack: Crow,Duelist Pack: Crow,DP11,,,,,,,,30,"ygoprodeck,tcgcsv"
Yu-Gi-Oh!,English,Duelist Pack: Dimensional Guardians,Duelist Pack: Dimensional Guardians,DPDG,,,,,,,,45,"ygoprodeck,tcgcsv"
Yu-Gi-Oh!,English,Duelist Pack: Jaden Yuki,Duelist Pack: Jaden Yuki,DP1,,,,,,,,30,"ygoprodeck,tcgcsv"
Yu-Gi-Oh!,English,Duelist Pack: Jaden Yuki 2,Duelist Pack: Jaden Yuki 2,DP03,,,,,,,,30,"ygoprodeck,tcgcsv"
Yu-Gi-Oh!,English,Duelist Pack: Jaden Yuki 3,Duelist Pack: Jaden Yuki 3,DP06,,,,,,,,25,"ygoprodeck,tcgcsv"
Yu-Gi-Oh!,English,Duelist Pack: Jesse Anderson,Duelist Pack: Jesse Anderson,DP07,,,,,,,,25,"ygoprodeck,tcgcsv"
Yu-Gi-Oh!,English,Duelist Pack: Kaiba,Duelist Pack: Kaiba,DPKB,,,,,,,,40,"ygoprodeck,tcgcsv"
Yu-Gi-Oh!,English,Duelist Pack: Rivals of the Pharaoh,Duelist Pack: Rivals of the Pharaoh,DPRP,,,,,,,,46,"ygoprodeck,tcgcsv"
Yu-Gi-Oh!,English,Duelist Pack: Special Edition,Duelist Pack: Special Edition,DPK,,,,,,,,3,"ygoprodeck,tcgcsv"
Yu-Gi-Oh!,English,Duelist Pack: Yugi,Duelist Pack: Yugi,DPYG,,,,,,,,30,"ygoprodeck,tcgcsv"
Yu-Gi-Oh!,English,Duelist Pack: Yusei,Duelist Pack: Yusei,DP08,,,,,,,,30,"ygoprodeck,tcgcsv"
Yu-Gi-Oh!,English,Duelist Pack: Yusei 2,Duelist Pack: Yusei 2,DP09,,,,,,,,30,"ygoprodeck,tcgcsv"
Yu-Gi-Oh!,English,Duelist Pack: Yusei 3,Duelist Pack: Yusei 3,DP10,,,,,,,,30,"ygoprodeck,tcgcsv"
Yu-Gi-Oh!,English,Duelist Pack: Zane Truesdale,Duelist Pack: Zane Truesdale,DP04,,,,,,,,30,"ygoprodeck,tcgcsv"
Yu-Gi-Oh!,English,Duelist Revolution,Duelist Revolution,DREV,,,,,,,,103,"ygoprodeck,tcgcsv"
Yu-Gi-Oh!,English,Duelist Revolution SE,Duelist Revolution SE,DREV-ENSE,,,,,,,,0,tcgcsv
Yu-Gi-Oh!,English,Duelist Saga,Duelist Saga,DUSA,,,,,,,,100,"ygoprodeck,tcgcsv"
Yu-Gi-Oh!,English,Duelist's Advance,Duelist's Advance,DUAD,,,,,,,,107,"ygoprodeck,tcgcsv"
Yu-Gi-Oh!,English,EFootball collaboration cards,EFootball collaboration cards,EFC1,,,,,,,,2,"ygoprodeck,tcgcsv"
Yu-Gi-Oh!,English,Early Days Collection Promotional Cards,Early Days Collection Promotional Cards,EDC1,,,,,,,,1,tcgcsv
Yu-Gi-Oh!,English,Egyptian God Deck: Obelisk the Tormentor,Egyptian God Deck: Obelisk the Tormentor,EGO1,,,,,,,,35,"ygoprodeck,tcgcsv"
Yu-Gi-Oh!,English,Egyptian God Deck: Slifer the Sky Dragon,Egyptian God Deck: Slifer the Sky Dragon,EGS1,,,,,,,,38,"ygoprodeck,tcgcsv"
Yu-Gi-Oh!,English,Elemental Energy,Elemental Energy,EEN,,,,,,,,65,"ygoprodeck,tcgcsv"
Yu-Gi-Oh!,English,Emperor of Darkness Structure Deck,Emperor of Darkness Structure Deck,SR01,,,,,,,,42,"ygoprodeck,tcgcsv"
Yu-Gi-Oh!,English,Enemy of Justice,Enemy of Justice,EOJ,,,,,,,,60,"ygoprodeck,tcgcsv"
Yu-Gi-Oh!,English,Eternity Code,Eternity Code,ETCO,,,,,,,,102,"ygoprodeck,tcgcsv"
Yu-Gi-Oh!,English,Exclusive Pack,Exclusive Pack,EP1,,,,,,,,9,"ygoprodeck,tcgcsv"
Yu-Gi-Oh!,English,Exclusive Tin 2009,Exclusive Tin 2009,,,,,,,,,0,tcgcsv
Yu-Gi-Oh!,English,Extreme Force,Extreme Force,EXFO,,,,,,,,105,"ygoprodeck,tcgcsv"
Yu-Gi-Oh!,English,Extreme Victory,Extreme Victory,EXVC,,,,,,,,101,"ygoprodeck,tcgcsv"
Yu-Gi-Oh!,English,Fire Fists: Special Edition,Fire Fists: Special Edition,FFSE,,,,,,,,1,"ygoprodeck,tcgcsv"
Yu-Gi-Oh!,English,Fists of the Gadgets,Fists of the Gadgets,FIGA,,,,,,,,60,"ygoprodeck,tcgcsv"
Yu-Gi-Oh!,English,Flames of Destruction,Flames of Destruction,FLOD,,,,,,,,105,"ygoprodeck,tcgcsv"
Yu-Gi-Oh!,English,Flaming Eternity,Flaming Eternity,FET,,,,,,,,60,"ygoprodeck,tcgcsv"
Yu-Gi-Oh!,English,Forbidden Legacy,Forbidden Legacy,FL1,,,,,,,,3,"ygoprodeck,tcgcsv"
Yu-Gi-Oh!,English,Forbidden Legacy 1,Forbidden Legacy 1,,,,,,,,,0,tcgcsv
Yu-Gi-Oh!,English,Forbidden Memories,Forbidden Memories,,,,,,,,,0,tcgcsv
Yu-Gi-Oh!,English,Force of the Breaker,Force of the Breaker,FOTB,,,,,,,,72,"ygoprodeck,tcgcsv"
Yu-Gi-Oh!,English,Fusion Enforcers,Fusion Enforcers,FUEN,,,,,,,,60,"ygoprodeck,tcgcsv"
Yu-Gi-Oh!,English,GX Next Generation,GX Next Generation,GXNG,,,,,,,,1,"ygoprodeck,tcgcsv"
Yu-Gi-Oh!,English,Galactic Overlord,Galactic Overlord,GAOV,,,,,,,,101,"ygoprodeck,tcgcsv"
Yu-Gi-Oh!,English,Gates of the Underworld Structure Deck,Gates of the Underworld Structure Deck,SDGU,,,,,,,,39,"ygoprodeck,tcgcsv"
Yu-Gi-Oh!,English,Geargia Rampage Structure Deck,Geargia Rampage Structure Deck,SDGR,,,,,,,,35,"ygoprodeck,tcgcsv"
Yu-Gi-Oh!,English,Generation Force,Generation Force,GENF,,,,,,,,103,"ygoprodeck,tcgcsv"
Yu-Gi-Oh!,English,Generation Force SE,Generation Force SE,GENF-ENSE,,,,,,,,0,tcgcsv
Yu-Gi-Oh!,English,Genesis Impact,Genesis Impact,GEIM,,,,,,,,60,"ygoprodeck,tcgcsv"
Yu-Gi-Oh!,English,Ghosts From the Past,Ghosts From the Past,GFTP,,,,,,,,132,"ygoprodeck,tcgcsv"
Yu-Gi-Oh!,English,Ghosts From the Past: The 2nd Haunting,Ghosts From the Past: The 2nd Haunting,GFP2,,,,,,,,183,"ygoprodeck,tcgcsv"
Yu-Gi-Oh!,English,Ghosts From the Past: The 2nd Haunting,Ghosts From the Past: The 2nd Haunting,GTP2,,,,,,,,3,ygoprodeck
Yu-Gi-Oh!,English,Gladiator's Assault,Gladiator's Assault,GLAS,,,,,,,,98,"ygoprodeck,tcgcsv"
Yu-Gi-Oh!,English,Gladiator's Assault SE,Gladiator's Assault SE,GLAS-ENSE,,,,,,,,2,tcgcsv
Yu-Gi-Oh!,English,Gold Series,Gold Series,GLD1,,,,,,,,45,"ygoprodeck,tcgcsv"
Yu-Gi-Oh!,English,Gold Series 2009,Gold Series 2009,GLD2,,,,,,,,50,"ygoprodeck,tcgcsv"
Yu-Gi-Oh!,English,Gold Series 2009,Gold Series 2009,GLD2,,,,,,,,50,tcgcsv
Yu-Gi-Oh!,English,Gold Series 3,Gold Series 3,GLD3,,,,,,,,50,"ygoprodeck,tcgcsv"
Yu-Gi-Oh!,English,Gold Series 4: Pyramids Edition,Gold Series 4: Pyramids Edition,GLD4,,,,,,,,50,"ygoprodeck,tcgcsv"
Yu-Gi-Oh!,English,Gold Series: Haunted Mine,Gold Series: Haunted Mine,GLD5,,,,,,,,55,"ygoprodeck,tcgcsv"
Yu-Gi-Oh!,English,HERO Strike Structure Deck,HERO Strike Structure Deck,SDHS,,,,,,,,45,"ygoprodeck,tcgcsv"
Yu-Gi-Oh!,English,Hidden Arsenal,Hidden Arsenal,HA01,,,,,,,,30,"ygoprodeck,tcgcsv"
Yu-Gi-Oh!,English,Hidden Arsenal 2,Hidden Arsenal 2,HA02,,,,,,,,60,"ygoprodeck,tcgcsv"
Yu-Gi-Oh!,English,Hidden Arsenal 3,Hidden Arsenal 3,HA03,,,,,,,,60,"ygoprodeck,tcgcsv"
Yu-Gi-Oh!,English,Hidden Arsenal 4: Trishula's Triumph,Hidden Arsenal 4: Trishula's Triumph,HA04,,,,,,,,62,"ygoprodeck,tcgcsv"
Yu-Gi-Oh!,English,Hidden Arsenal 5: Steelswarm Invasion,Hidden Arsenal 5: Steelswarm Invasion,HA05,,,,,,,,62,"ygoprodeck,tcgcsv"
Yu-Gi-Oh!,English,Hidden Arsenal 5: Steelswarm Invasion SE,Hidden Arsenal 5: Steelswarm Invasion SE,HA05-ENSE,,,,,,,,0,tcgcsv
Yu-Gi-Oh!,English,Hidden Arsenal 5: Steelswarm Invasion: Special Edition,Hidden Arsenal 5: Steelswarm Invasion: Special Edition,H5SE,,,,,,,,2,ygoprodeck
Yu-Gi-Oh!,English,Hidden Arsenal 6: Omega Xyz,Hidden Arsenal 6: Omega Xyz,HA06,,,,,,,,60,"ygoprodeck,tcgcsv"
Yu-Gi-Oh!,English,Hidden Arsenal 7: Knight of Stars,Hidden Arsenal 7: Knight of Stars,HA07,,,,,,,,70,"ygoprodeck,tcgcsv"
Yu-Gi-Oh!,English,Hidden Arsenal: Chapter 1,Hidden Arsenal: Chapter 1,HAC1,,,,,,,,178,"ygoprodeck,tcgcsv"
Yu-Gi-Oh!,English,Hidden Arsenal: Special Edition,Hidden Arsenal: Special Edition,HASE,,,,,,,,2,"ygoprodeck,tcgcsv"
Yu-Gi-Oh!,English,Hidden Summoners,Hidden Summoners,HISU,,,,,,,,60,"ygoprodeck,tcgcsv"
Yu-Gi-Oh!,English,High-Speed Riders,High-Speed Riders,HSRD,,,,,,,,60,"ygoprodeck,tcgcsv"
Yu-Gi-Oh!,English,Hobby League 1 participation cards B,Hobby League 1 participation cards B,HL1,,,,,,,,6,"ygoprodeck,tcgcsv"
Yu-Gi-Oh!,English,Hobby League 2 participation card A,Hobby League 2 participation card A,HL2,,,,,,,,6,"ygoprodeck,tcgcsv"
Yu-Gi-Oh!,English,Hobby League 3 participation card B,Hobby League 3 participation card B,HL03,,,,,,,,7,"ygoprodeck,tcgcsv"
Yu-Gi-Oh!,English,Hobby League 4 participation card C,Hobby League 4 participation card C,HL04,,,,,,,,6,"ygoprodeck,tcgcsv"
Yu-Gi-Oh!,English,Hobby League 5 participation card C,Hobby League 5 participation card C,HL05,,,,,,,,6,"ygoprodeck,tcgcsv"
Yu-Gi-Oh!,English,Hobby League 6 participation card E,Hobby League 6 participation card E,HL06,,,,,,,,6,"ygoprodeck,tcgcsv"
Yu-Gi-Oh!,English,Hobby League 7 participation card E,Hobby League 7 participation card E,HL07,,,,,,,,6,"ygoprodeck,tcgcsv"
Yu-Gi-Oh!,English,Ignition Assault,Ignition Assault,IGAS,,,,,,,,105,"ygoprodeck,tcgcsv"
Yu-Gi-Oh!,English,Invasion of Chaos,Invasion of Chaos,IOC,,,,,,,,228,"ygoprodeck,tcgcsv"
Yu-Gi-Oh!,English,Invasion of Chaos (25th Anniversary Edition),Invasion of Chaos (25th Anniversary Edition),IOC-EN,,,,,,,,112,tcgcsv
Yu-Gi-Oh!,English,Invasion of Chaos (Worldwide English),Invasion of Chaos (Worldwide English),IOC-EN,,,,,,,,112,tcgcsv
Yu-Gi-Oh!,English,Invasion: Vengeance,Invasion: Vengeance,INOV,,,,,,,,105,"ygoprodeck,tcgcsv"
Yu-Gi-Oh!,English,Invasion: Vengeance: Special Edition,Invasion: Vengeance: Special Edition,INOV-SE,,,,,,,,0,tcgcsv
Yu-Gi-Oh!,English,Judge Promotional Cards,Judge Promotional Cards,JPRC,,,,,,,,11,tcgcsv
Yu-Gi-Oh!,English,Judgment of the Light,Judgment of the Light,JOTL,,,,,,,,105,"ygoprodeck,tcgcsv"
Yu-Gi-Oh!,English,Judgment of the Light: Deluxe Edition,Judgment of the Light: Deluxe Edition,JOTL-DE,,,,,,,,0,tcgcsv
Yu-Gi-Oh!,English,Jump Award,Jump Award,,,,,,,,,0,tcgcsv
Yu-Gi-Oh!,English,Justice Hunters,Justice Hunters,JUSH,,,,,,,,60,"ygoprodeck,tcgcsv"
Yu-Gi-Oh!,English,KC Grand Tournament 2021 prize card,KC Grand Tournament 2021 prize card,2021,,,,,,,,1,ygoprodeck
Yu-Gi-Oh!,English,KC Grand Tournament prize card,KC Grand Tournament prize card,2020,,,,,,,,1,ygoprodeck
Yu-Gi-Oh!,English,King of Games: Yugi's Legendary Decks,King of Games: Yugi's Legendary Decks,YGLD,,,,,,,,131,tcgcsv
Yu-Gi-Oh!,English,King's Court,King's Court,KICO,,,,,,,,65,"ygoprodeck,tcgcsv"
Yu-Gi-Oh!,English,Labyrinth of Nightmare,Labyrinth of Nightmare,LON,,,,,,,,315,"ygoprodeck,tcgcsv"
Yu-Gi-Oh!,English,Labyrinth of Nightmare (Worldwide English),Labyrinth of Nightmare (Worldwide English),LON-EN,,,,,,,,105,tcgcsv
Yu-Gi-Oh!,English,Labyrinth_of_Nightmare,Labyrinth_of_Nightmare,,,,,,,,,0,tcgcsv
Yu-Gi-Oh!,English,Legacy of Darkness,Legacy of Darkness,LOD,,,,,,,,202,"ygoprodeck,tcgcsv"
Yu-Gi-Oh!,English,Legacy of Darkness (Worldwide English),Legacy of Darkness (Worldwide English),LOD-EN,,,,,,,,101,tcgcsv
Yu-Gi-Oh!,English,Legacy of Destruction,Legacy of Destruction,LEDE,,,,,,,,107,"ygoprodeck,tcgcsv"
Yu-Gi-Oh!,English,Legacy of the Valiant,Legacy of the Valiant,LVAL,,,,,,,,105,"ygoprodeck,tcgcsv"
Yu-Gi-Oh!,English,Legend of Blue Eyes White Dragon,Legend of Blue Eyes White Dragon,LOB,,,,,,,,355,"ygoprodeck,tcgcsv"
Yu-Gi-Oh!,English,Legend of Blue Eyes White Dragon (25th Anniversary Edition),Legend of Blue Eyes White Dragon (25th Anniversary Edition),LOB-EN,,,,,,,,126,tcgcsv
Yu-Gi-Oh!,English,Legend of Blue Eyes White Dragon (Worldwide English),Legend of Blue Eyes White Dragon (Worldwide English),LOB-EN,,,,,,,,126,tcgcsv
Yu-Gi-Oh!,English,Legendary 5D&apos;s Decks,Legendary 5D&apos;s Decks,L5DD,,,,,,,,114,"ygoprodeck,tcgcsv"
Yu-Gi-Oh!,English,Legendary Arc-V Decks,Legendary Arc-V Decks,LAVD,,,,,,,,115,"ygoprodeck,tcgcsv"
Yu-Gi-Oh!,English,Legendary Collection,Legendary Collection,LC01,,,,,,,,6,"ygoprodeck,tcgcsv"
Yu-Gi-Oh!,English,Legendary Collection 1,Legendary Collection 1,LC01,,,,,,,,6,tcgcsv
Yu-Gi-Oh!,English,Legendary Collection 2: The Duel Academy Years,Legendary Collection 2: The Duel Academy Years,LC02,,,,,,,,279,"ygoprodeck,tcgcsv"
Yu-Gi-Oh!,English,Legendary Collection 2: The Duel Academy Years Mega Pack,Legendary Collection 2: The Duel Academy Years Mega Pack,LCGX,,,,,,,,266,ygoprodeck
Yu-Gi-Oh!,English,Legendary Collection 3: Yugi's World,Legendary Collection 3: Yugi's World,LC03,,,,,,,,313,"ygoprodeck,tcgcsv"
Yu-Gi-Oh!,English,Legendary Collection 3: Yugi's World Mega Pack,Legendary Collection 3: Yugi's World Mega Pack,LCYW,,,,,,,,306,ygoprodeck
Yu-Gi-Oh!,English,Legendary Collection 4: Joey's World,Legendary Collection 4: Joey's World,LC04,,,,,,,,307,"ygoprodeck,tcgcsv"
Yu-Gi-Oh!,English,Legendary Collection 4: Joey's World Mega Pack,Legendary Collection 4: Joey's World Mega Pack,LCJW,,,,,,,,298,ygoprodeck
Yu-Gi-Oh!,English,Legendary Collection 5D's,Legendary Collection 5D's,LC05,,,,,,,,261,"ygoprodeck,tcgcsv"
Yu-Gi-Oh!,English,Legendary Collection 5D's Mega Pack,Legendary Collection 5D's Mega Pack,LC5D,,,,,,,,256,ygoprodeck
Yu-Gi-Oh!,English,Legendary Collection Kaiba,Legendary Collection Kaiba,LC06,,,,,,,,115,"ygoprodeck,tcgcsv"
Yu-Gi-Oh!,English,Legendary Collection Kaiba Mega Pack,Legendary Collection Kaiba Mega Pack,LCKC,,,,,,,,115,"ygoprodeck,tcgcsv"
Yu-Gi-Oh!,English,Legendary Decks II,Legendary Decks II,LDK2,,,,,,,,133,"ygoprodeck,tcgcsv"
Yu-Gi-Oh!,English,Legendary Decks II,Legendary Decks II,LDK2,,,,,,,,133,tcgcsv
Yu-Gi-Oh!,English,Legendary Dragon Decks,Legendary Dragon Decks,LEDD,,,,,,,,111,"ygoprodeck,tcgcsv"
Yu-Gi-Oh!,English,Legendary Dragon Decks (2020 Date Reprint),Legendary Dragon Decks (2020 Date Reprint),LEDD,,,,,,,,111,tcgcsv
Yu-Gi-Oh!,English,Legendary Duelists,Legendary Duelists,LEDU,,,,,,,,52,"ygoprodeck,tcgcsv"
Yu-Gi-Oh!,English,Legendary Duelists: Ancient Millennium,Legendary Duelists: Ancient Millennium,LED2,,,,,,,,53,"ygoprodeck,tcgcsv"
Yu-Gi-Oh!,English,Legendary Duelists: Duels From the Deep,Legendary Duelists: Duels From the Deep,LED9,,,,,,,,57,"ygoprodeck,tcgcsv"
Yu-Gi-Oh!,English,Legendary Duelists: Immortal Destiny,Legendary Duelists: Immortal Destiny,LED5,,,,,,,,58,"ygoprodeck,tcgcsv"
Yu-Gi-Oh!,English,Legendary Duelists: Magical Hero,Legendary Duelists: Magical Hero,LED6,,,,,,,,56,"ygoprodeck,tcgcsv"
Yu-Gi-Oh!,English,Legendary Duelists: Rage of Ra,Legendary Duelists: Rage of Ra,LED7,,,,,,,,57,"ygoprodeck,tcgcsv"
Yu-Gi-Oh!,English,Legendary Duelists: Season 1,Legendary Duelists: Season 1,LDS1,,,,,,,,122,"ygoprodeck,tcgcsv"
Yu-Gi-Oh!,English,Legendary Duelists: Season 2,Legendary Duelists: Season 2,LDS2,,,,,,,,131,"ygoprodeck,tcgcsv"
Yu-Gi-Oh!,English,Legendary Duelists: Season 3,Legendary Duelists: Season 3,LDS3,,,,,,,,138,"ygoprodeck,tcgcsv"
Yu-Gi-Oh!,English,Legendary Duelists: Sisters of the Rose,Legendary Duelists: Sisters of the Rose,LED4,,,,,,,,56,"ygoprodeck,tcgcsv"
Yu-Gi-Oh!,English,Legendary Duelists: Soulburning Volcano,Legendary Duelists: Soulburning Volcano,LD10,,,,,,,,62,"ygoprodeck,tcgcsv"
Yu-Gi-Oh!,English,Legendary Duelists: Synchro Storm,Legendary Duelists: Synchro Storm,LED8,,,,,,,,56,"ygoprodeck,tcgcsv"
Yu-Gi-Oh!,English,Legendary Duelists: White Dragon Abyss,Legendary Duelists: White Dragon Abyss,LED3,,,,,,,,56,"ygoprodeck,tcgcsv"
Yu-Gi-Oh!,English,Legendary Hero Decks,Legendary Hero Decks,LEHD,,,,,,,,117,"ygoprodeck,tcgcsv"
Yu-Gi-Oh!,English,Legendary Modern Decks 2026,Legendary Modern Decks 2026,L26D,,,,,,,,111,"ygoprodeck,tcgcsv"
Yu-Gi-Oh!,English,Light and Darkness Power Pack,Light and Darkness Power Pack,LDPP,,,,,,,,1,"ygoprodeck,tcgcsv"
Yu-Gi-Oh!,English,Light of Destruction,Light of Destruction,LODT,,,,,,,,103,"ygoprodeck,tcgcsv"
Yu-Gi-Oh!,English,Light of Destruction,Light of Destruction,LODT,,,,,,,,103,tcgcsv
Yu-Gi-Oh!,English,Lightning Overdrive,Lightning Overdrive,LIOV,,,,,,,,102,"ygoprodeck,tcgcsv"
Yu-Gi-Oh!,English,Limited Pack World Championship 2025,Limited Pack World Championship 2025,25LP,,,,,,,,21,"ygoprodeck,tcgcsv"
Yu-Gi-Oh!,English,Limited Pack World Championship 2026,Limited Pack World Championship 2026,26LP,,,,,,,,0,tcgcsv
Yu-Gi-Oh!,English,Lord of the Tachyon Galaxy,Lord of the Tachyon Galaxy,LTGY,,,,,,,,101,"ygoprodeck,tcgcsv"
Yu-Gi-Oh!,English,Lost Millennium SE,Lost Millennium SE,,,,,,,,,0,tcgcsv
Yu-Gi-Oh!,English,Lost Sanctuary Structure Deck,Lost Sanctuary Structure Deck,SDLS,,,,,,,,38,"ygoprodeck,tcgcsv"
Yu-Gi-Oh!,English,Machina Mayhem Structure Deck,Machina Mayhem Structure Deck,SDMM,,,,,,,,37,"ygoprodeck,tcgcsv"
Yu-Gi-Oh!,English,Machine Reactor Structure Deck,Machine Reactor Structure Deck,SR03,,,,,,,,40,"ygoprodeck,tcgcsv"
Yu-Gi-Oh!,English,Magic Ruler,Magic Ruler,MRL,,,,,,,,235,"ygoprodeck,tcgcsv"
Yu-Gi-Oh!,English,Magician's Force,Magician's Force,MFC,,,,,,,,108,"ygoprodeck,tcgcsv"
Yu-Gi-Oh!,English,Magnificent Maestros,Magnificent Maestros,MAMS,,,,,,,,24,"ygoprodeck,tcgcsv"
Yu-Gi-Oh!,English,Magnificent Mavens,Magnificent Mavens,MAMA,,,,,,,,115,"ygoprodeck,tcgcsv"
Yu-Gi-Oh!,English,Magnificent Monsters,Magnificent Monsters,MAMO,,,,,,,,18,"ygoprodeck,tcgcsv"
Yu-Gi-Oh!,English,Make-A-Wish Foundation promotional card,Make-A-Wish Foundation promotional card,TYL,,,,,,,,1,ygoprodeck
Yu-Gi-Oh!,English,Master Collection Volume 1,Master Collection Volume 1,MC1,,,,,,,,6,"ygoprodeck,tcgcsv"
Yu-Gi-Oh!,English,Master Collection Volume 2,Master Collection Volume 2,MC2,,,,,,,,6,"ygoprodeck,tcgcsv"
Yu-Gi-Oh!,English,Master of Pendulum Structure Deck,Master of Pendulum Structure Deck,SDMP,,,,,,,,43,"ygoprodeck,tcgcsv"
Yu-Gi-Oh!,English,Mattel Action Figure promotional cards: Series 1,Mattel Action Figure promotional cards: Series 1,MF01,,,,,,,,1,"ygoprodeck,tcgcsv"
Yu-Gi-Oh!,English,Mattel Action Figure promotional cards: Series 2,Mattel Action Figure promotional cards: Series 2,MF02,,,,,,,,4,"ygoprodeck,tcgcsv"
Yu-Gi-Oh!,English,Mattel Action Figure promotional cards: Series 3,Mattel Action Figure promotional cards: Series 3,MF03,,,,,,,,11,"ygoprodeck,tcgcsv"
Yu-Gi-Oh!,English,Maximum Crisis,Maximum Crisis,MACR,,,,,,,,105,"ygoprodeck,tcgcsv"
Yu-Gi-Oh!,English,Maximum Gold,Maximum Gold,MAGO,,,,,,,,162,"ygoprodeck,tcgcsv"
Yu-Gi-Oh!,English,Maximum Gold: El Dorado,Maximum Gold: El Dorado,MGED,,,,,,,,152,"ygoprodeck,tcgcsv"
Yu-Gi-Oh!,English,Maze of Memories,Maze of Memories,MAZE,,,,,,,,67,"ygoprodeck,tcgcsv"
Yu-Gi-Oh!,English,Maze of Millennia,Maze of Millennia,MZMI,,,,,,,,85,"ygoprodeck,tcgcsv"
Yu-Gi-Oh!,English,Maze of Muertos,Maze of Muertos,MZMU,,,,,,,,127,"ygoprodeck,tcgcsv"
Yu-Gi-Oh!,English,Maze of the Master,Maze of the Master,MZTM,,,,,,,,111,"ygoprodeck,tcgcsv"
Yu-Gi-Oh!,English,McDonald's Promotional Cards,McDonald's Promotional Cards,MP1,,,,,,,,15,"ygoprodeck,tcgcsv"
Yu-Gi-Oh!,English,McDonald's Promotional Cards 2,McDonald's Promotional Cards 2,MDP2,,,,,,,,20,"ygoprodeck,tcgcsv"
Yu-Gi-Oh!,English,Metal Raiders,Metal Raiders,MRD,,,,,,,,432,"ygoprodeck,tcgcsv"
Yu-Gi-Oh!,English,Metal Raiders (25th Anniversary Edition),Metal Raiders (25th Anniversary Edition),MRD-EN,,,,,,,,144,tcgcsv
Yu-Gi-Oh!,English,Metal Raiders (Worldwide English),Metal Raiders (Worldwide English),MRD-EN,,,,,,,,144,tcgcsv
Yu-Gi-Oh!,English,Millennium Pack,Millennium Pack,MIL1,,,,,,,,48,"ygoprodeck,tcgcsv"
Yu-Gi-Oh!,English,Miscellaneous Promotional Cards,Miscellaneous Promotional Cards,MISC,,,,,,,,20,tcgcsv
Yu-Gi-Oh!,English,Movie Pack,Movie Pack,MOV,,,,,,,,4,"ygoprodeck,tcgcsv"
Yu-Gi-Oh!,English,Mystic Fighters,Mystic Fighters,MYFI,,,,,,,,60,"ygoprodeck,tcgcsv"
Yu-Gi-Oh!,English,Nike collaboration cards,Nike collaboration cards,NKC1,,,,,,,,2,ygoprodeck
Yu-Gi-Oh!,English,Noble Knights of the Round Table Box Set,Noble Knights of the Round Table Box Set,NKRT,,,,,,,,44,"ygoprodeck,tcgcsv"
Yu-Gi-Oh!,English,Number Hunters,Number Hunters,NUMH,,,,,,,,60,"ygoprodeck,tcgcsv"
Yu-Gi-Oh!,English,OTS Tournament Pack 1,OTS Tournament Pack 1,OP01,,,,,,,,27,"ygoprodeck,tcgcsv"
Yu-Gi-Oh!,English,OTS Tournament Pack 10 (POR),OTS Tournament Pack 10 (POR),OP10,,,,,,,,61,"ygoprodeck,tcgcsv"
Yu-Gi-Oh!,English,OTS Tournament Pack 11,OTS Tournament Pack 11,OP11,,,,,,,,56,"ygoprodeck,tcgcsv"
Yu-Gi-Oh!,English,OTS Tournament Pack 12,OTS Tournament Pack 12,OP12,,,,,,,,61,"ygoprodeck,tcgcsv"
Yu-Gi-Oh!,English,OTS Tournament Pack 13,OTS Tournament Pack 13,OP13,,,,,,,,60,"ygoprodeck,tcgcsv"
Yu-Gi-Oh!,English,OTS Tournament Pack 14,OTS Tournament Pack 14,OP14,,,,,,,,61,"ygoprodeck,tcgcsv"
Yu-Gi-Oh!,English,OTS Tournament Pack 15,OTS Tournament Pack 15,OP15,,,,,,,,62,"ygoprodeck,tcgcsv"
Yu-Gi-Oh!,English,OTS Tournament Pack 16,OTS Tournament Pack 16,OP16,,,,,,,,62,"ygoprodeck,tcgcsv"
Yu-Gi-Oh!,English,OTS Tournament Pack 17,OTS Tournament Pack 17,OP17,,,,,,,,61,"ygoprodeck,tcgcsv"
Yu-Gi-Oh!,English,OTS Tournament Pack 18,OTS Tournament Pack 18,OP18,,,,,,,,61,"ygoprodeck,tcgcsv"
Yu-Gi-Oh!,English,OTS Tournament Pack 19,OTS Tournament Pack 19,OP19,,,,,,,,68,"ygoprodeck,tcgcsv"
Yu-Gi-Oh!,English,OTS Tournament Pack 2,OTS Tournament Pack 2,OP02,,,,,,,,27,"ygoprodeck,tcgcsv"
Yu-Gi-Oh!,English,OTS Tournament Pack 20,OTS Tournament Pack 20,OP20,,,,,,,,27,"ygoprodeck,tcgcsv"
Yu-Gi-Oh!,English,OTS Tournament Pack 21,OTS Tournament Pack 21,OP21,,,,,,,,27,"ygoprodeck,tcgcsv"
Yu-Gi-Oh!,English,OTS Tournament Pack 22,OTS Tournament Pack 22,OP22,,,,,,,,27,"ygoprodeck,tcgcsv"
Yu-Gi-Oh!,English,OTS Tournament Pack 23,OTS Tournament Pack 23,OP23,,,,,,,,27,"ygoprodeck,tcgcsv"
Yu-Gi-Oh!,English,OTS Tournament Pack 24,OTS Tournament Pack 24,OP24,,,,,,,,27,"ygoprodeck,tcgcsv"
Yu-Gi-Oh!,English,OTS Tournament Pack 25,OTS Tournament Pack 25,OP25,,,,,,,,27,"ygoprodeck,tcgcsv"
Yu-Gi-Oh!,English,OTS Tournament Pack 26,OTS Tournament Pack 26,OP26,,,,,,,,30,"ygoprodeck,tcgcsv"
Yu-Gi-Oh!,English,OTS Tournament Pack 27,OTS Tournament Pack 27,OP27,,,,,,,,27,"ygoprodeck,tcgcsv"
Yu-Gi-Oh!,English,OTS Tournament Pack 28,OTS Tournament Pack 28,OP28,,,,,,,,27,"ygoprodeck,tcgcsv"
Yu-Gi-Oh!,English,OTS Tournament Pack 29,OTS Tournament Pack 29,OP29,,,,,,,,27,"ygoprodeck,tcgcsv"
Yu-Gi-Oh!,English,OTS Tournament Pack 3,OTS Tournament Pack 3,OP03,,,,,,,,27,"ygoprodeck,tcgcsv"
Yu-Gi-Oh!,English,OTS Tournament Pack 30,OTS Tournament Pack 30,OP30,,,,,,,,27,"ygoprodeck,tcgcsv"
Yu-Gi-Oh!,English,OTS Tournament Pack 4,OTS Tournament Pack 4,OP04,,,,,,,,27,"ygoprodeck,tcgcsv"
Yu-Gi-Oh!,English,OTS Tournament Pack 5,OTS Tournament Pack 5,OP05,,,,,,,,27,ygoprodeck
Yu-Gi-Oh!,English,OTS Tournament Pack 6,OTS Tournament Pack 6,OP06,,,,,,,,26,"ygoprodeck,tcgcsv"
Yu-Gi-Oh!,English,OTS Tournament Pack 7,OTS Tournament Pack 7,OP07,,,,,,,,60,"ygoprodeck,tcgcsv"
Yu-Gi-Oh!,English,OTS Tournament Pack 8,OTS Tournament Pack 8,OP08,,,,,,,,62,"ygoprodeck,tcgcsv"
Yu-Gi-Oh!,English,OTS Tournament Pack 9,OTS Tournament Pack 9,OP09,,,,,,,,62,"ygoprodeck,tcgcsv"
Yu-Gi-Oh!,English,Onslaught of the Fire Kings Structure Deck,Onslaught of the Fire Kings Structure Deck,SDOK,,,,,,,,39,"ygoprodeck,tcgcsv"
Yu-Gi-Oh!,English,Order of Chaos,Order of Chaos,ORCS,,,,,,,,103,"ygoprodeck,tcgcsv"
Yu-Gi-Oh!,English,Order of Chaos SE,Order of Chaos SE,ORCS-ENSE,,,,,,,,0,tcgcsv
Yu-Gi-Oh!,English,Pendulum Domination Structure Deck,Pendulum Domination Structure Deck,SDPD,,,,,,,,43,"ygoprodeck,tcgcsv"
Yu-Gi-Oh!,English,Pendulum Evolution,Pendulum Evolution,PEVO,,,,,,,,60,"ygoprodeck,tcgcsv"
Yu-Gi-Oh!,English,Phantom Darkness,Phantom Darkness,PTDN,,,,,,,,103,"ygoprodeck,tcgcsv"
Yu-Gi-Oh!,English,Phantom Nightmare,Phantom Nightmare,PHNI,,,,,,,,102,"ygoprodeck,tcgcsv"
Yu-Gi-Oh!,English,Phantom Rage,Phantom Rage,PHRA,,,,,,,,102,"ygoprodeck,tcgcsv"
Yu-Gi-Oh!,English,Phantom Revenge,Phantom Revenge,PHRE,,,,,,,,60,"ygoprodeck,tcgcsv"
Yu-Gi-Oh!,English,Pharaoh Tour 2005 promotional cards,Pharaoh Tour 2005 promotional cards,PT1,,,,,,,,2,ygoprodeck
Yu-Gi-Oh!,English,Pharaoh Tour 2006 promotional cards,Pharaoh Tour 2006 promotional cards,PT02,,,,,,,,2,ygoprodeck
Yu-Gi-Oh!,English,Pharaoh Tour 2007 promotional cards,Pharaoh Tour 2007 promotional cards,PT03,,,,,,,,2,ygoprodeck
Yu-Gi-Oh!,English,Pharaoh Tour Promos,Pharaoh Tour Promos,PTP-EU,,,,,,,,6,tcgcsv
Yu-Gi-Oh!,English,Pharaoh's Servant,Pharaoh's Servant,PSV,,,,,,,,315,"ygoprodeck,tcgcsv"
Yu-Gi-Oh!,English,Pharaoh's Servant (25th Anniversary Edition),Pharaoh's Servant (25th Anniversary Edition),PSV-EN,,,,,,,,105,tcgcsv
Yu-Gi-Oh!,English,Pharaoh's Servant (Worldwide English),Pharaoh's Servant (Worldwide English),PSV-EN,,,,,,,,105,tcgcsv
Yu-Gi-Oh!,English,Pharaonic Guardian,Pharaonic Guardian,PGD,,,,,,,,108,"ygoprodeck,tcgcsv"
Yu-Gi-Oh!,English,Photon Hypernova,Photon Hypernova,PHHY,,,,,,,,102,"ygoprodeck,tcgcsv"
Yu-Gi-Oh!,English,Photon Shockwave,Photon Shockwave,PHSW,,,,,,,,101,"ygoprodeck,tcgcsv"
Yu-Gi-Oh!,English,Power of Chaos: Kaiba the Revenge,Power of Chaos: Kaiba the Revenge,,,,,,,,,0,tcgcsv
Yu-Gi-Oh!,English,Power of the Duelist,Power of the Duelist,POTD,,,,,,,,60,"ygoprodeck,tcgcsv"
Yu-Gi-Oh!,English,Power of the Duelist Sneak Peek Participation Card,Power of the Duelist Sneak Peek Participation Card,SP02,,,,,,,,2,ygoprodeck
Yu-Gi-Oh!,English,Power of the Elements,Power of the Elements,POTE,,,,,,,,102,"ygoprodeck,tcgcsv"
Yu-Gi-Oh!,English,Premium Collection Tin,Premium Collection Tin,PRC1,,,,,,,,25,"ygoprodeck,tcgcsv"
Yu-Gi-Oh!,English,Premium Gold,Premium Gold,PGLD,,,,,,,,90,"ygoprodeck,tcgcsv"
Yu-Gi-Oh!,English,Premium Gold: Infinite Gold,Premium Gold: Infinite Gold,PGL3,,,,,,,,100,"ygoprodeck,tcgcsv"
Yu-Gi-Oh!,English,Premium Gold: Return of the Bling,Premium Gold: Return of the Bling,PGL2,,,,,,,,91,"ygoprodeck,tcgcsv"
Yu-Gi-Oh!,English,Premium Pack (TCG),Premium Pack (TCG),PP01,,,,,,,,15,"ygoprodeck,tcgcsv"
Yu-Gi-Oh!,English,Premium Pack 2 (TCG),Premium Pack 2 (TCG),PP02,,,,,,,,20,"ygoprodeck,tcgcsv"
Yu-Gi-Oh!,English,Primal Origin,Primal Origin,PRIO,,,,,,,,106,"ygoprodeck,tcgcsv"
Yu-Gi-Oh!,English,Quarter Century Bonanza,Quarter Century Bonanza,RA03,,,,,,,,276,"ygoprodeck,tcgcsv"
Yu-Gi-Oh!,English,Quarter Century Stampede,Quarter Century Stampede,RA04,,,,,,,,296,"ygoprodeck,tcgcsv"
Yu-Gi-Oh!,English,Ra Yellow Mega Pack,Ra Yellow Mega Pack,RYMP,,,,,,,,114,"ygoprodeck,tcgcsv"
Yu-Gi-Oh!,English,Ra Yellow Mega Pack SE,Ra Yellow Mega Pack SE,RYMP-SE,,,,,,,,0,tcgcsv
Yu-Gi-Oh!,English,Rage of the Abyss,Rage of the Abyss,ROTA,,,,,,,,108,"ygoprodeck,tcgcsv"
Yu-Gi-Oh!,English,Raging Battle,Raging Battle,RGBT,,,,,,,,109,"ygoprodeck,tcgcsv"
Yu-Gi-Oh!,English,Raging Battle SE,Raging Battle SE,RGBT-ENSE,,,,,,,,3,tcgcsv
Yu-Gi-Oh!,English,Raging Tempest,Raging Tempest,RATE,,,,,,,,105,"ygoprodeck,tcgcsv"
Yu-Gi-Oh!,English,Raging Tempest: Special Edition,Raging Tempest: Special Edition,RATE-SE,,,,,,,,0,tcgcsv
Yu-Gi-Oh!,English,Rarity Collection 5,Rarity Collection 5,RA05,,,,,,,,150,"ygoprodeck,tcgcsv"
Yu-Gi-Oh!,English,Realm of Light Structure Deck,Realm of Light Structure Deck,SDLI,,,,,,,,36,"ygoprodeck,tcgcsv"
Yu-Gi-Oh!,English,Realm of the Sea Emperor Structure Deck,Realm of the Sea Emperor Structure Deck,SDRE,,,,,,,,39,"ygoprodeck,tcgcsv"
Yu-Gi-Oh!,English,Redemption Replacement,Redemption Replacement,RR,,,,,,,,9,tcgcsv
Yu-Gi-Oh!,English,Retro Pack,Retro Pack,RP01,,,,,,,,101,"ygoprodeck,tcgcsv"
Yu-Gi-Oh!,English,Retro Pack,Retro Pack,RP01,,,,,,,,101,tcgcsv
Yu-Gi-Oh!,English,Retro Pack 2,Retro Pack 2,RP02,,,,,,,,101,"ygoprodeck,tcgcsv"
Yu-Gi-Oh!,English,Retro Pack 2,Retro Pack 2,RP02,,,,,,,,101,tcgcsv
Yu-Gi-Oh!,English,Return of the Duelist,Return of the Duelist,REDU,,,,,,,,103,"ygoprodeck,tcgcsv"
Yu-Gi-Oh!,English,Return of the Duelist SE,Return of the Duelist SE,REDU-ENSE,,,,,,,,2,tcgcsv
Yu-Gi-Oh!,English,Rise of Destiny,Rise of Destiny,RDS,,,,,,,,64,"ygoprodeck,tcgcsv"
Yu-Gi-Oh!,English,Rise of Destiny,Rise of Destiny,RDS,,,,,,,,60,tcgcsv
Yu-Gi-Oh!,English,Rise of the Dragon Lords Structure Deck,Rise of the Dragon Lords Structure Deck,SDRL,,,,,,,,37,"ygoprodeck,tcgcsv"
Yu-Gi-Oh!,English,Rise of the Duelist,Rise of the Duelist,ROTD,,,,,,,,102,"ygoprodeck,tcgcsv"
Yu-Gi-Oh!,English,Rise of the True Dragons Structure Deck,Rise of the True Dragons Structure Deck,SR02,,,,,,,,42,"ygoprodeck,tcgcsv"
Yu-Gi-Oh!,English,Rising Rampage,Rising Rampage,RIRA,,,,,,,,105,"ygoprodeck,tcgcsv"
Yu-Gi-Oh!,English,Saga of Blue-Eyes White Dragon Structure Deck,Saga of Blue-Eyes White Dragon Structure Deck,SDBE,,,,,,,,40,"ygoprodeck,tcgcsv"
Yu-Gi-Oh!,English,Samurai Assault,Samurai Assault,SAAS,,,,,,,,1,"ygoprodeck,tcgcsv"
Yu-Gi-Oh!,English,Samurai Warlords Structure Deck,Samurai Warlords Structure Deck,SDWA,,,,,,,,41,"ygoprodeck,tcgcsv"
Yu-Gi-Oh!,English,San Diego Comic-Con promotional cards,San Diego Comic-Con promotional cards,TKN1,,,,,,,,4,ygoprodeck
Yu-Gi-Oh!,English,Savage Strike,Savage Strike,SAST,,,,,,,,105,"ygoprodeck,tcgcsv"
Yu-Gi-Oh!,English,Secret Slayers,Secret Slayers,SESL,,,,,,,,60,"ygoprodeck,tcgcsv"
Yu-Gi-Oh!,English,Secrets of Eternity,Secrets of Eternity,SECE,,,,,,,,115,"ygoprodeck,tcgcsv"
Yu-Gi-Oh!,English,Shadow Specters,Shadow Specters,SHSP,,,,,,,,103,"ygoprodeck,tcgcsv"
Yu-Gi-Oh!,English,Shadow of Infinity Sneak Peek Participation Card,Shadow of Infinity Sneak Peek Participation Card,SP2,,,,,,,,2,ygoprodeck
Yu-Gi-Oh!,English,Shadow of Infinity: Special Edition,Shadow of Infinity: Special Edition,SOI,,,,,,,,64,"ygoprodeck,tcgcsv"
Yu-Gi-Oh!,English,Shadows in Valhalla,Shadows in Valhalla,SHVA,,,,,,,,60,"ygoprodeck,tcgcsv"
Yu-Gi-Oh!,English,Shining Victories,Shining Victories,SHVI,,,,,,,,105,"ygoprodeck,tcgcsv"
Yu-Gi-Oh!,English,Shining Victories: Special Edition,Shining Victories: Special Edition,SHVI-SE,,,,,,,,0,tcgcsv
Yu-Gi-Oh!,English,Shonen Jump Championship 2004 Prize Card,Shonen Jump Championship 2004 Prize Card,SJC,,,,,,,,3,ygoprodeck
Yu-Gi-Oh!,English,Shonen Jump Championship 2007 Prize Card A,Shonen Jump Championship 2007 Prize Card A,SJCS,,,,,,,,4,"ygoprodeck,tcgcsv"
Yu-Gi-Oh!,English,Shonen Jump Championship Series Promos,Shonen Jump Championship Series Promos,,,,,,,,,5,tcgcsv
Yu-Gi-Oh!,English,Shonen Jump Magazine Promos,Shonen Jump Magazine Promos,SJMP,,,,,,,,99,tcgcsv
Yu-Gi-Oh!,English,"Shonen Jump Vol. 3, Issue 1 promotional card","Shonen Jump Vol. 3, Issue 1 promotional card",JMP,,,,,,,,6,ygoprodeck
Yu-Gi-Oh!,English,Silver Dragon Value Box,Silver Dragon Value Box,,,,,,,,,0,tcgcsv
Yu-Gi-Oh!,English,Sneak Preview Series 2,Sneak Preview Series 2,,,,,,,,,4,tcgcsv
Yu-Gi-Oh!,English,Sneak Preview Series 3,Sneak Preview Series 3,,,,,,,,,4,tcgcsv
Yu-Gi-Oh!,English,Sneak Preview Series 4,Sneak Preview Series 4,CRMS-ENSP,,,,,,,,1,tcgcsv
Yu-Gi-Oh!,English,Sneak Preview Series 5,Sneak Preview Series 5,STBL-ENSP,,,,,,,,1,tcgcsv
Yu-Gi-Oh!,English,Soul Fusion,Soul Fusion,SOFU,,,,,,,,105,"ygoprodeck,tcgcsv"
Yu-Gi-Oh!,English,Soul of the Duelist,Soul of the Duelist,SOD,,,,,,,,60,"ygoprodeck,tcgcsv"
Yu-Gi-Oh!,English,Speed Duel Demo Deck,Speed Duel Demo Deck,DEM5,,,,,,,,11,"ygoprodeck,tcgcsv"
Yu-Gi-Oh!,English,Speed Duel Demo Deck 2020,Speed Duel Demo Deck 2020,DEM6,,,,,,,,21,"ygoprodeck,tcgcsv"
Yu-Gi-Oh!,English,Speed Duel GX: Duel Academy Box,Speed Duel GX: Duel Academy Box,SGX1,,,,,,,,218,"ygoprodeck,tcgcsv"
Yu-Gi-Oh!,English,Speed Duel GX: Duelists of Shadows,Speed Duel GX: Duelists of Shadows,SGX3,,,,,,,,221,"ygoprodeck,tcgcsv"
Yu-Gi-Oh!,English,Speed Duel GX: Midterm Destruction,Speed Duel GX: Midterm Destruction,SGX4,,,,,,,,112,tcgcsv
Yu-Gi-Oh!,English,Speed Duel GX: Midterm Paradox,Speed Duel GX: Midterm Paradox,SGX2,,,,,,,,110,"ygoprodeck,tcgcsv"
Yu-Gi-Oh!,English,Speed Duel Starter Decks: Destiny Masters,Speed Duel Starter Decks: Destiny Masters,SS01,,,,,,,,64,"ygoprodeck,tcgcsv"
Yu-Gi-Oh!,English,Speed Duel Starter Decks: Duelists of Tomorrow,Speed Duel Starter Decks: Duelists of Tomorrow,SS02,,,,,,,,69,"ygoprodeck,tcgcsv"
Yu-Gi-Oh!,English,Speed Duel Starter Decks: Match of the Millennium,Speed Duel Starter Decks: Match of the Millennium,SS04,,,,,,,,67,"ygoprodeck,tcgcsv"
Yu-Gi-Oh!,English,Speed Duel Starter Decks: Twisted Nightmares,Speed Duel Starter Decks: Twisted Nightmares,SS05,,,,,,,,66,"ygoprodeck,tcgcsv"
Yu-Gi-Oh!,English,Speed Duel Starter Decks: Ultimate Predators,Speed Duel Starter Decks: Ultimate Predators,SS03,,,,,,,,63,"ygoprodeck,tcgcsv"
Yu-Gi-Oh!,English,Speed Duel Tournament Pack 1,Speed Duel Tournament Pack 1,STP1,,,,,,,,18,"ygoprodeck,tcgcsv"
Yu-Gi-Oh!,English,Speed Duel Tournament Pack 2,Speed Duel Tournament Pack 2,STP2,,,,,,,,18,"ygoprodeck,tcgcsv"
Yu-Gi-Oh!,English,Speed Duel Tournament Pack 3,Speed Duel Tournament Pack 3,STP3,,,,,,,,35,"ygoprodeck,tcgcsv"
Yu-Gi-Oh!,English,Speed Duel Tournament Pack 4,Speed Duel Tournament Pack 4,STP4,,,,,,,,35,"ygoprodeck,tcgcsv"
Yu-Gi-Oh!,English,Speed Duel Tournament Pack 5,Speed Duel Tournament Pack 5,STP5,,,,,,,,35,"ygoprodeck,tcgcsv"
Yu-Gi-Oh!,English,Speed Duel Tournament Pack 6,Speed Duel Tournament Pack 6,STP6,,,,,,,,35,"ygoprodeck,tcgcsv"
Yu-Gi-Oh!,English,Speed Duel: Arena of Lost Souls,Speed Duel: Arena of Lost Souls,SBLS,,,,,,,,50,"ygoprodeck,tcgcsv"
Yu-Gi-Oh!,English,Speed Duel: Attack from the Deep,Speed Duel: Attack from the Deep,SBAD,,,,,,,,50,"ygoprodeck,tcgcsv"
Yu-Gi-Oh!,English,Speed Duel: Battle City Box,Speed Duel: Battle City Box,SBCB,,,,,,,,223,"ygoprodeck,tcgcsv"
Yu-Gi-Oh!,English,Speed Duel: Battle City Finals,Speed Duel: Battle City Finals,SBC2,,,,,,,,220,tcgcsv
Yu-Gi-Oh!,English,Speed Duel: Scars of Battle,Speed Duel: Scars of Battle,SBSC,,,,,,,,50,"ygoprodeck,tcgcsv"
Yu-Gi-Oh!,English,Speed Duel: Scars of Battle Launch Event participation card,Speed Duel: Scars of Battle Launch Event participation card,EVSD,,,,,,,,7,"ygoprodeck,tcgcsv"
Yu-Gi-Oh!,English,Speed Duel: Streets of Battle City,Speed Duel: Streets of Battle City,SBC1,,,,,,,,215,"ygoprodeck,tcgcsv"
Yu-Gi-Oh!,English,Speed Duel: Tournament Pack 7,Speed Duel: Tournament Pack 7,STP7,,,,,,,,35,tcgcsv
Yu-Gi-Oh!,English,Speed Duel: Trials of the Kingdom,Speed Duel: Trials of the Kingdom,SBTK,,,,,,,,61,"ygoprodeck,tcgcsv"
Yu-Gi-Oh!,English,Spell Ruler,Spell Ruler,SRL,,,,,,,,208,"ygoprodeck,tcgcsv"
Yu-Gi-Oh!,English,Spell Ruler (25th Anniversary Edition),Spell Ruler (25th Anniversary Edition),SRL-EN,,,,,,,,104,tcgcsv
Yu-Gi-Oh!,English,Spell Ruler (Worldwide English),Spell Ruler (Worldwide English),SRL-EN,,,,,,,,104,tcgcsv
Yu-Gi-Oh!,English,Spellcaster's Command Structure Deck,Spellcaster's Command Structure Deck,SDSC,,,,,,,,39,"ygoprodeck,tcgcsv"
Yu-Gi-Oh!,English,Spirit Warriors,Spirit Warriors,SPWA,,,,,,,,60,"ygoprodeck,tcgcsv"
Yu-Gi-Oh!,English,Star Pack 2013,Star Pack 2013,SP13,,,,,,,,50,"ygoprodeck,tcgcsv"
Yu-Gi-Oh!,English,Star Pack 2014,Star Pack 2014,SP14,,,,,,,,50,"ygoprodeck,tcgcsv"
Yu-Gi-Oh!,English,Star Pack ARC-V,Star Pack ARC-V,SP15,,,,,,,,50,"ygoprodeck,tcgcsv"
Yu-Gi-Oh!,English,Star Pack Battle Royal,Star Pack Battle Royal,SP17,,,,,,,,50,"ygoprodeck,tcgcsv"
Yu-Gi-Oh!,English,Star Pack VRAINS,Star Pack VRAINS,SP18,,,,,,,,50,"ygoprodeck,tcgcsv"
Yu-Gi-Oh!,English,Stardust Overdrive,Stardust Overdrive,SOVR,,,,,,,,105,"ygoprodeck,tcgcsv"
Yu-Gi-Oh!,English,Starstrike Blast,Starstrike Blast,STBL,,,,,,,,101,"ygoprodeck,tcgcsv"
Yu-Gi-Oh!,English,Starter Deck 2006,Starter Deck 2006,YSD,,,,,,,,41,"ygoprodeck,tcgcsv"
Yu-Gi-Oh!,English,Starter Deck: Codebreaker,Starter Deck: Codebreaker,YS18,,,,,,,,45,"ygoprodeck,tcgcsv"
Yu-Gi-Oh!,English,Starter Deck: Dark Legion,Starter Deck: Dark Legion,YS15-ENL,,,,,,,,29,tcgcsv
Yu-Gi-Oh!,English,Starter Deck: Dawn of the Xyz,Starter Deck: Dawn of the Xyz,YS11,,,,,,,,43,"ygoprodeck,tcgcsv"
Yu-Gi-Oh!,English,Starter Deck: Duelist Toolbox,Starter Deck: Duelist Toolbox,5DS3,,,,,,,,42,"ygoprodeck,tcgcsv"
Yu-Gi-Oh!,English,Starter Deck: Jaden Yuki,Starter Deck: Jaden Yuki,YSDJ,,,,,,,,41,"ygoprodeck,tcgcsv"
Yu-Gi-Oh!,English,Starter Deck: Joey,Starter Deck: Joey,SDJ,,,,,,,,50,"ygoprodeck,tcgcsv"
Yu-Gi-Oh!,English,Starter Deck: Kaiba,Starter Deck: Kaiba,SDK,,,,,,,,96,"ygoprodeck,tcgcsv"
Yu-Gi-Oh!,English,Starter Deck: Kaiba Evolution,Starter Deck: Kaiba Evolution,SKE,,,,,,,,50,"ygoprodeck,tcgcsv"
Yu-Gi-Oh!,English,Starter Deck: Kaiba Reloaded,Starter Deck: Kaiba Reloaded,YSKR,,,,,,,,48,"ygoprodeck,tcgcsv"
Yu-Gi-Oh!,English,Starter Deck: Link Strike,Starter Deck: Link Strike,YS17,,,,,,,,43,"ygoprodeck,tcgcsv"
Yu-Gi-Oh!,English,Starter Deck: Pegasus,Starter Deck: Pegasus,SDP,,,,,,,,50,"ygoprodeck,tcgcsv"
Yu-Gi-Oh!,English,Starter Deck: Saber Force,Starter Deck: Saber Force,YS15-ENF,,,,,,,,28,tcgcsv
Yu-Gi-Oh!,English,Starter Deck: Syrus Truesdale,Starter Deck: Syrus Truesdale,YSDS,,,,,,,,41,"ygoprodeck,tcgcsv"
Yu-Gi-Oh!,English,Starter Deck: Xyz Symphony,Starter Deck: Xyz Symphony,YS12,,,,,,,,43,"ygoprodeck,tcgcsv"
Yu-Gi-Oh!,English,Starter Deck: Yu-Gi-Oh! 5D's,Starter Deck: Yu-Gi-Oh! 5D's,5DS1,,,,,,,,43,"ygoprodeck,tcgcsv"
Yu-Gi-Oh!,English,Starter Deck: Yu-Gi-Oh! 5D's 2009,Starter Deck: Yu-Gi-Oh! 5D's 2009,5DS2,,,,,,,,43,"ygoprodeck,tcgcsv"
Yu-Gi-Oh!,English,Starter Deck: Yugi,Starter Deck: Yugi,SDY,,,,,,,,96,"ygoprodeck,tcgcsv"
Yu-Gi-Oh!,English,Starter Deck: Yugi Evolution,Starter Deck: Yugi Evolution,SYE,,,,,,,,50,"ygoprodeck,tcgcsv"
Yu-Gi-Oh!,English,Starter Deck: Yugi Reloaded,Starter Deck: Yugi Reloaded,YSYR,,,,,,,,46,"ygoprodeck,tcgcsv"
Yu-Gi-Oh!,English,Starter Deck: Yuya,Starter Deck: Yuya,YS16,,,,,,,,43,"ygoprodeck,tcgcsv"
Yu-Gi-Oh!,English,Storm of Ragnarok,Storm of Ragnarok,STOR,,,,,,,,103,"ygoprodeck,tcgcsv"
Yu-Gi-Oh!,English,Storm of Ragnarok SE,Storm of Ragnarok SE,,,,,,,,,0,tcgcsv
Yu-Gi-Oh!,English,Strike of Neos,Strike of Neos,STON,,,,,,,,72,"ygoprodeck,tcgcsv"
Yu-Gi-Oh!,English,Structure Deck: Albaz Strike,Structure Deck: Albaz Strike,SDAZ,,,,,,,,51,"ygoprodeck,tcgcsv"
Yu-Gi-Oh!,English,Structure Deck: Beware of Traptrix,Structure Deck: Beware of Traptrix,SDBT,,,,,,,,46,"ygoprodeck,tcgcsv"
Yu-Gi-Oh!,English,Structure Deck: Blaze of Destruction,Structure Deck: Blaze of Destruction,SD3,,,,,,,,31,"ygoprodeck,tcgcsv"
Yu-Gi-Oh!,English,Structure Deck: Blue-Eyes White Destiny,Structure Deck: Blue-Eyes White Destiny,SDWD,,,,,,,,43,"ygoprodeck,tcgcsv"
Yu-Gi-Oh!,English,Structure Deck: Cyber Strike,Structure Deck: Cyber Strike,SDCS,,,,,,,,48,"ygoprodeck,tcgcsv"
Yu-Gi-Oh!,English,Structure Deck: Cyberse Link,Structure Deck: Cyberse Link,SDCL,,,,,,,,43,"ygoprodeck,tcgcsv"
Yu-Gi-Oh!,English,Structure Deck: Dark World,Structure Deck: Dark World,SR13,,,,,,,,45,"ygoprodeck,tcgcsv"
Yu-Gi-Oh!,English,Structure Deck: Deluxe Edition,Structure Deck: Deluxe Edition,,,,,,,,,2,tcgcsv
Yu-Gi-Oh!,English,Structure Deck: Dinosaur's Rage,Structure Deck: Dinosaur's Rage,SD09,,,,,,,,37,"ygoprodeck,tcgcsv"
Yu-Gi-Oh!,English,Structure Deck: Dragon's Roar,Structure Deck: Dragon's Roar,SD1,,,,,,,,29,"ygoprodeck,tcgcsv"
Yu-Gi-Oh!,English,Structure Deck: Fire Kings,Structure Deck: Fire Kings,SR14,,,,,,,,48,"ygoprodeck,tcgcsv"
Yu-Gi-Oh!,English,Structure Deck: Freezing Chains,Structure Deck: Freezing Chains,SDFC,,,,,,,,46,"ygoprodeck,tcgcsv"
Yu-Gi-Oh!,English,Structure Deck: Fury from the Deep,Structure Deck: Fury from the Deep,SD4,,,,,,,,32,"ygoprodeck,tcgcsv"
Yu-Gi-Oh!,English,Structure Deck: Invincible Fortress,Structure Deck: Invincible Fortress,SD7,,,,,,,,32,"ygoprodeck,tcgcsv"
Yu-Gi-Oh!,English,Structure Deck: Lair of Darkness,Structure Deck: Lair of Darkness,SR06,,,,,,,,42,"ygoprodeck,tcgcsv"
Yu-Gi-Oh!,English,Structure Deck: Legend of the Crystal Beasts,Structure Deck: Legend of the Crystal Beasts,SDCB,,,,,,,,49,"ygoprodeck,tcgcsv"
Yu-Gi-Oh!,English,Structure Deck: Lord of the Storm,Structure Deck: Lord of the Storm,SD8,,,,,,,,36,"ygoprodeck,tcgcsv"
Yu-Gi-Oh!,English,Structure Deck: Machine Re-Volt,Structure Deck: Machine Re-Volt,SD10,,,,,,,,37,"ygoprodeck,tcgcsv"
Yu-Gi-Oh!,English,Structure Deck: Marik (TCG),Structure Deck: Marik (TCG),SDMA,,,,,,,,38,"ygoprodeck,tcgcsv"
Yu-Gi-Oh!,English,Structure Deck: Mechanized Madness,Structure Deck: Mechanized Madness,SR10,,,,,,,,41,"ygoprodeck,tcgcsv"
Yu-Gi-Oh!,English,Structure Deck: Order of the Spellcasters,Structure Deck: Order of the Spellcasters,SR08,,,,,,,,41,"ygoprodeck,tcgcsv"
Yu-Gi-Oh!,English,Structure Deck: Powercode Link,Structure Deck: Powercode Link,SDPL,,,,,,,,42,"ygoprodeck,tcgcsv"
Yu-Gi-Oh!,English,Structure Deck: Realm of Light,Structure Deck: Realm of Light,SDLI,,,,,,,,36,tcgcsv
Yu-Gi-Oh!,English,Structure Deck: Realm of the Sea Emperor,Structure Deck: Realm of the Sea Emperor,SDRE,,,,,,,,39,tcgcsv
Yu-Gi-Oh!,English,Structure Deck: Rokket Revolt,Structure Deck: Rokket Revolt,SDRR,,,,,,,,46,"ygoprodeck,tcgcsv"
Yu-Gi-Oh!,English,Structure Deck: Sacred Beasts,Structure Deck: Sacred Beasts,SDSA,,,,,,,,48,"ygoprodeck,tcgcsv"
Yu-Gi-Oh!,English,Structure Deck: Saga of Blue-Eyes White Dragon,Structure Deck: Saga of Blue-Eyes White Dragon,SDBE,,,,,,,,40,tcgcsv
Yu-Gi-Oh!,English,Structure Deck: Samurai Warlords,Structure Deck: Samurai Warlords,SDWA,,,,,,,,41,tcgcsv
Yu-Gi-Oh!,English,Structure Deck: Seto Kaiba,Structure Deck: Seto Kaiba,SDKS,,,,,,,,44,"ygoprodeck,tcgcsv"
Yu-Gi-Oh!,English,Structure Deck: Shaddoll Showdown,Structure Deck: Shaddoll Showdown,SDSH,,,,,,,,49,"ygoprodeck,tcgcsv"
Yu-Gi-Oh!,English,Structure Deck: Soulburner,Structure Deck: Soulburner,SDSB,,,,,,,,45,"ygoprodeck,tcgcsv"
Yu-Gi-Oh!,English,Structure Deck: Spellcaster's Judgment,Structure Deck: Spellcaster's Judgment,SD6,,,,,,,,36,"ygoprodeck,tcgcsv"
Yu-Gi-Oh!,English,Structure Deck: Spirit Charmers,Structure Deck: Spirit Charmers,SDCH,,,,,,,,46,"ygoprodeck,tcgcsv"
Yu-Gi-Oh!,English,Structure Deck: The Crimson King,Structure Deck: The Crimson King,SDCK,,,,,,,,50,"ygoprodeck,tcgcsv"
Yu-Gi-Oh!,English,Structure Deck: Warrior's Triumph,Structure Deck: Warrior's Triumph,SD5,,,,,,,,36,"ygoprodeck,tcgcsv"
Yu-Gi-Oh!,English,Structure Deck: Wave of Light,Structure Deck: Wave of Light,SR05,,,,,,,,42,"ygoprodeck,tcgcsv"
Yu-Gi-Oh!,English,Structure Deck: Yugi Muto,Structure Deck: Yugi Muto,SDMY,,,,,,,,45,"ygoprodeck,tcgcsv"
Yu-Gi-Oh!,English,Structure Deck: Zombie Horde,Structure Deck: Zombie Horde,SR07,,,,,,,,42,"ygoprodeck,tcgcsv"
Yu-Gi-Oh!,English,Structure Deck: Zombie Madness,Structure Deck: Zombie Madness,SD2,,,,,,,,29,"ygoprodeck,tcgcsv"
Yu-Gi-Oh!,English,Super Starter: Space-Time Showdown,Super Starter: Space-Time Showdown,YS14,,,,,,,,55,"ygoprodeck,tcgcsv"
Yu-Gi-Oh!,English,Super Starter: Space-Time Showdown Power-Up Pack,Super Starter: Space-Time Showdown Power-Up Pack,YS14-A,,,,,,,,15,tcgcsv
Yu-Gi-Oh!,English,Super Starter: V for Victory,Super Starter: V for Victory,YS13,,,,,,,,57,"ygoprodeck,tcgcsv"
Yu-Gi-Oh!,English,Super Starter: V for Victory Power-Up Pack,Super Starter: V for Victory Power-Up Pack,YS13,,,,,,,,15,tcgcsv
Yu-Gi-Oh!,English,Supreme Darkness,Supreme Darkness,SUDA,,,,,,,,107,"ygoprodeck,tcgcsv"
Yu-Gi-Oh!,English,Synchron Extreme Structure Deck,Synchron Extreme Structure Deck,SDSE,,,,,,,,43,"ygoprodeck,tcgcsv"
Yu-Gi-Oh!,English,THANK YOU PACK,THANK YOU PACK,TYP1,,,,,,,,12,ygoprodeck
Yu-Gi-Oh!,English,THE CHRONICLES DECK: Spirit Charmers (All-Foil Edition),THE CHRONICLES DECK: Spirit Charmers (All-Foil Edition),CH02,,,,,,,,50,"ygoprodeck,tcgcsv"
Yu-Gi-Oh!,English,THE CHRONICLES DECK: The Fallen & The Virtuous (All-Foil Edition),THE CHRONICLES DECK: The Fallen & The Virtuous (All-Foil Edition),CH01,,,,,,,,50,"ygoprodeck,tcgcsv"
Yu-Gi-Oh!,English,Tactical Evolution,Tactical Evolution,TAEV,,,,,,,,93,"ygoprodeck,tcgcsv"
Yu-Gi-Oh!,English,Tactical Evolution: Special Edition,Tactical Evolution: Special Edition,TAEV-ENSE,,,,,,,,2,tcgcsv
Yu-Gi-Oh!,English,Tactical Masters,Tactical Masters,TAMA,,,,,,,,60,"ygoprodeck,tcgcsv"
Yu-Gi-Oh!,English,The Dark Emperor Structure Deck,The Dark Emperor Structure Deck,SDDE,,,,,,,,36,"ygoprodeck,tcgcsv"
Yu-Gi-Oh!,English,The Dark Illusion,The Dark Illusion,TDIL,,,,,,,,105,"ygoprodeck,tcgcsv"
Yu-Gi-Oh!,English,The Dark Illusion: Special Edition (EU),The Dark Illusion: Special Edition (EU),TDIL-SE-EU,,,,,,,,0,tcgcsv
Yu-Gi-Oh!,English,The Dark Side of Dimensions Movie Pack: Gold Edition,The Dark Side of Dimensions Movie Pack: Gold Edition,MVP1-ENG,,,,,,,,62,tcgcsv
Yu-Gi-Oh!,English,The Dark Side of Dimensions Movie Pack: Secret Edition,The Dark Side of Dimensions Movie Pack: Secret Edition,MVP1-ENS,,,,,,,,63,tcgcsv
Yu-Gi-Oh!,English,The Dark Side of Dimensions Movie Pack: Special Edition,The Dark Side of Dimensions Movie Pack: Special Edition,MVP1-SE,,,,,,,,4,tcgcsv
Yu-Gi-Oh!,English,The Duelist Genesis,The Duelist Genesis,TDGS,,,,,,,,103,"ygoprodeck,tcgcsv"
Yu-Gi-Oh!,English,The Grand Creators,The Grand Creators,GRCR,,,,,,,,60,"ygoprodeck,tcgcsv"
Yu-Gi-Oh!,English,The Infinite Forbidden,The Infinite Forbidden,INFO,,,,,,,,106,"ygoprodeck,tcgcsv"
Yu-Gi-Oh!,English,The Infinity Chasers,The Infinity Chasers,INCH,,,,,,,,60,"ygoprodeck,tcgcsv"
Yu-Gi-Oh!,English,The Lost Art Promotion (series),The Lost Art Promotion (series),LART,,,,,,,,80,"ygoprodeck,tcgcsv"
Yu-Gi-Oh!,English,The Lost Millennium,The Lost Millennium,TLM,,,,,,,,64,"ygoprodeck,tcgcsv"
Yu-Gi-Oh!,English,The Lost Millennium Sneak Peek Participation Card,The Lost Millennium Sneak Peek Participation Card,SP1,,,,,,,,4,"ygoprodeck,tcgcsv"
Yu-Gi-Oh!,English,The New Challengers,The New Challengers,NECH,,,,,,,,115,"ygoprodeck,tcgcsv"
Yu-Gi-Oh!,English,The New Challengers: Super Edition,The New Challengers: Super Edition,NECH-SE,,,,,,,,0,tcgcsv
Yu-Gi-Oh!,English,The Pot Collection,The Pot Collection,TBC1,,,,,,,,15,"ygoprodeck,tcgcsv"
Yu-Gi-Oh!,English,The Sacred Cards,The Sacred Cards,,,,,,,,,0,tcgcsv
Yu-Gi-Oh!,English,The Secret Forces,The Secret Forces,THSF,,,,,,,,60,"ygoprodeck,tcgcsv"
Yu-Gi-Oh!,English,The Shining Darkness,The Shining Darkness,TSHD,,,,,,,,101,"ygoprodeck,tcgcsv"
Yu-Gi-Oh!,English,The Valuable Book Volume 5,The Valuable Book Volume 5,VB5,,,,,,,,1,tcgcsv
Yu-Gi-Oh!,English,Toon Chaos,Toon Chaos,TOCH,,,,,,,,60,"ygoprodeck,tcgcsv"
Yu-Gi-Oh!,English,Tournament Pack 4,Tournament Pack 4,TP4,,,,,,,,20,"ygoprodeck,tcgcsv"
Yu-Gi-Oh!,English,Tournament Pack 5,Tournament Pack 5,TP5,,,,,,,,20,"ygoprodeck,tcgcsv"
Yu-Gi-Oh!,English,Tournament Pack 6,Tournament Pack 6,TP6,,,,,,,,20,"ygoprodeck,tcgcsv"
Yu-Gi-Oh!,English,Tournament Pack 7,Tournament Pack 7,TP7,,,,,,,,20,"ygoprodeck,tcgcsv"
Yu-Gi-Oh!,English,Tournament Pack 8,Tournament Pack 8,TP8,,,,,,,,20,"ygoprodeck,tcgcsv"
Yu-Gi-Oh!,English,Tournament Pack: 1st Season,Tournament Pack: 1st Season,TP1,,,,,,,,60,"ygoprodeck,tcgcsv"
Yu-Gi-Oh!,English,Tournament Pack: 2nd Season,Tournament Pack: 2nd Season,TP2,,,,,,,,30,"ygoprodeck,tcgcsv"
Yu-Gi-Oh!,English,Tournament Pack: 3rd Season,Tournament Pack: 3rd Season,TP3,,,,,,,,20,"ygoprodeck,tcgcsv"
Yu-Gi-Oh!,English,"Toys ""R"" Us Throwdown Promo","Toys ""R"" Us Throwdown Promo",TKN2,,,,,,,,3,tcgcsv
Yu-Gi-Oh!,English,Trials of the Pharaoh - Speed Duel: Battle City Box promotional card,Trials of the Pharaoh - Speed Duel: Battle City Box promotional card,OPTP,,,,,,,,3,ygoprodeck
Yu-Gi-Oh!,English,Turbo Pack: Booster Eight,Turbo Pack: Booster Eight,TU08,,,,,,,,21,"ygoprodeck,tcgcsv"
Yu-Gi-Oh!,English,Turbo Pack: Booster Five,Turbo Pack: Booster Five,TU05,,,,,,,,21,"ygoprodeck,tcgcsv"
Yu-Gi-Oh!,English,Turbo Pack: Booster Four,Turbo Pack: Booster Four,TU04,,,,,,,,21,"ygoprodeck,tcgcsv"
Yu-Gi-Oh!,English,Turbo Pack: Booster One,Turbo Pack: Booster One,TU01,,,,,,,,21,"ygoprodeck,tcgcsv"
Yu-Gi-Oh!,English,Turbo Pack: Booster Seven,Turbo Pack: Booster Seven,TU07,,,,,,,,21,"ygoprodeck,tcgcsv"
Yu-Gi-Oh!,English,Turbo Pack: Booster Six,Turbo Pack: Booster Six,TU06,,,,,,,,21,"ygoprodeck,tcgcsv"
Yu-Gi-Oh!,English,Turbo Pack: Booster Three,Turbo Pack: Booster Three,TU03,,,,,,,,21,"ygoprodeck,tcgcsv"
Yu-Gi-Oh!,English,Turbo Pack: Booster Two,Turbo Pack: Booster Two,TU02,,,,,,,,21,"ygoprodeck,tcgcsv"
Yu-Gi-Oh!,English,Twilight Edition,Twilight Edition,TWED,,,,,,,,1,"ygoprodeck,tcgcsv"
Yu-Gi-Oh!,English,Ultimate Edition 2,Ultimate Edition 2,UE02,,,,,,,,1,"ygoprodeck,tcgcsv"
Yu-Gi-Oh!,English,Ultimate Tournament Pack 1,Ultimate Tournament Pack 1,UP01,,,,,,,,50,"ygoprodeck,tcgcsv"
Yu-Gi-Oh!,English,Ultimate Tournament Pack 2,Ultimate Tournament Pack 2,UP02,,,,,,,,0,tcgcsv
Yu-Gi-Oh!,English,Valiant Smashers,Valiant Smashers,VASM,,,,,,,,60,"ygoprodeck,tcgcsv"
Yu-Gi-Oh!,English,WSJ Jump Pack Fall 2018 promotional card,WSJ Jump Pack Fall 2018 promotional card,JMPS,,,,,,,,9,ygoprodeck
Yu-Gi-Oh!,English,War of the Giants Reinforcements,War of the Giants Reinforcements,WGRT,,,,,,,,104,ygoprodeck
Yu-Gi-Oh!,English,War of the Giants: Round 2,War of the Giants: Round 2,BPW2,,,,,,,,103,"ygoprodeck,tcgcsv"
Yu-Gi-Oh!,English,Warriors' Strike Structure Deck,Warriors' Strike Structure Deck,SDWS,,,,,,,,38,"ygoprodeck,tcgcsv"
Yu-Gi-Oh!,English,Weekly Shonen Jump April 2017 membership promotional card,Weekly Shonen Jump April 2017 membership promotional card,JUMP,,,,,,,,85,ygoprodeck
Yu-Gi-Oh!,English,Wild Survivors,Wild Survivors,WISU,,,,,,,,60,"ygoprodeck,tcgcsv"
Yu-Gi-Oh!,English,Wing Raiders,Wing Raiders,WIRA,,,,,,,,60,"ygoprodeck,tcgcsv"
Yu-Gi-Oh!,English,Winner's Pack 2026-2027,Winner's Pack 2026-2027,WI26,,,,,,,,40,"ygoprodeck,tcgcsv"
Yu-Gi-Oh!,English,World Championship 2010 Card Pack,World Championship 2010 Card Pack,WCPP,,,,,,,,20,"ygoprodeck,tcgcsv"
Yu-Gi-Oh!,English,World Championship 2011 Card Pack,World Championship 2011 Card Pack,WP11,,,,,,,,20,"ygoprodeck,tcgcsv"
Yu-Gi-Oh!,English,World Championship JPP Cards,World Championship JPP Cards,WCJPP,,,,,,,,7,tcgcsv
Yu-Gi-Oh!,English,World Championship Series,World Championship Series,,,,,,,,,8,tcgcsv
Yu-Gi-Oh!,English,World Superstars,World Superstars,WSUP,,,,,,,,52,"ygoprodeck,tcgcsv"
Yu-Gi-Oh!,English,X-Saber Power-Up,X-Saber Power-Up,XSPU,,,,,,,,1,"ygoprodeck,tcgcsv"
Yu-Gi-Oh!,English,Yu-Gi-Oh! 3D Bonds Beyond Time DVD promotional card,Yu-Gi-Oh! 3D Bonds Beyond Time DVD promotional card,MOV2,,,,,,,,1,ygoprodeck
Yu-Gi-Oh!,English,Yu-Gi-Oh! 3D Bonds Beyond Time Movie Pack,Yu-Gi-Oh! 3D Bonds Beyond Time Movie Pack,YMP1,,,,,,,,10,"ygoprodeck,tcgcsv"
Yu-Gi-Oh!,English,Yu-Gi-Oh! 5D's Duel Transer promotional cards,Yu-Gi-Oh! 5D's Duel Transer promotional cards,YDT1,,,,,,,,3,"ygoprodeck,tcgcsv"
Yu-Gi-Oh!,English,Yu-Gi-Oh! 5D's Manga Promotional Cards,Yu-Gi-Oh! 5D's Manga Promotional Cards,,,,,,,,,9,tcgcsv
Yu-Gi-Oh!,English,Yu-Gi-Oh! 5D's Tag Force 4 Promo,Yu-Gi-Oh! 5D's Tag Force 4 Promo,,,,,,,,,0,tcgcsv
Yu-Gi-Oh!,English,Yu-Gi-Oh! 5D's Tag Force 4 promotional cards,Yu-Gi-Oh! 5D's Tag Force 4 promotional cards,TF04,,,,,,,,3,ygoprodeck
Yu-Gi-Oh!,English,Yu-Gi-Oh! 5D's Tag Force 5 promotional cards,Yu-Gi-Oh! 5D's Tag Force 5 promotional cards,TF05,,,,,,,,3,"ygoprodeck,tcgcsv"
Yu-Gi-Oh!,English,Yu-Gi-Oh! 5D's Volume 1 promotional card,Yu-Gi-Oh! 5D's Volume 1 promotional card,YF01,,,,,,,,1,ygoprodeck
Yu-Gi-Oh!,English,Yu-Gi-Oh! 5D's Volume 2 promotional card,Yu-Gi-Oh! 5D's Volume 2 promotional card,YF02,,,,,,,,1,ygoprodeck
Yu-Gi-Oh!,English,Yu-Gi-Oh! 5D's Volume 3 promotional card,Yu-Gi-Oh! 5D's Volume 3 promotional card,YF03,,,,,,,,1,ygoprodeck
Yu-Gi-Oh!,English,Yu-Gi-Oh! 5D's Volume 4 promotional card,Yu-Gi-Oh! 5D's Volume 4 promotional card,YF04,,,,,,,,1,ygoprodeck
Yu-Gi-Oh!,English,Yu-Gi-Oh! 5D's Volume 5 promotional card,Yu-Gi-Oh! 5D's Volume 5 promotional card,YF05,,,,,,,,1,ygoprodeck
Yu-Gi-Oh!,English,Yu-Gi-Oh! 5D's Volume 6 promotional card,Yu-Gi-Oh! 5D's Volume 6 promotional card,YF06,,,,,,,,1,ygoprodeck
Yu-Gi-Oh!,English,Yu-Gi-Oh! 5D's Volume 7 promotional card,Yu-Gi-Oh! 5D's Volume 7 promotional card,YF07,,,,,,,,1,ygoprodeck
Yu-Gi-Oh!,English,Yu-Gi-Oh! 5D's Volume 9 promotional card,Yu-Gi-Oh! 5D's Volume 9 promotional card,YF09,,,,,,,,1,ygoprodeck
Yu-Gi-Oh!,English,Yu-Gi-Oh! 5D's Wheelie Breakers Promotional Cards,Yu-Gi-Oh! 5D's Wheelie Breakers Promotional Cards,WB01,,,,,,,,3,"ygoprodeck,tcgcsv"
Yu-Gi-Oh!,English,Yu-Gi-Oh! 5D's World Championship 2009: Stardust Accelerator promotional cards,Yu-Gi-Oh! 5D's World Championship 2009: Stardust Accelerator promotional cards,WC09,,,,,,,,3,"ygoprodeck,tcgcsv"
Yu-Gi-Oh!,English,Yu-Gi-Oh! 5D's World Championship 2010: Reverse of Arcadia promotional cards,Yu-Gi-Oh! 5D's World Championship 2010: Reverse of Arcadia promotional cards,WC10,,,,,,,,3,ygoprodeck
Yu-Gi-Oh!,English,Yu-Gi-Oh! 5D's World Championship 2011: Over the Nexus promotional cards,Yu-Gi-Oh! 5D's World Championship 2011: Over the Nexus promotional cards,WC11,,,,,,,,3,"ygoprodeck,tcgcsv"
Yu-Gi-Oh!,English,Yu-Gi-Oh! 5D's volume 8 promotional card,Yu-Gi-Oh! 5D's volume 8 promotional card,YF08,,,,,,,,1,ygoprodeck
Yu-Gi-Oh!,English,Yu-Gi-Oh! 7 Trials to Glory: World Championship Tournament 2005 promotional cards,Yu-Gi-Oh! 7 Trials to Glory: World Championship Tournament 2005 promotional cards,WC5,,,,,,,,3,"ygoprodeck,tcgcsv"
Yu-Gi-Oh!,English,Yu-Gi-Oh! ARC-V Volume 1 promotional card,Yu-Gi-Oh! ARC-V Volume 1 promotional card,YA01,,,,,,,,7,"ygoprodeck,tcgcsv"
Yu-Gi-Oh!,English,Yu-Gi-Oh! ARC-V Volume 2 promotional card,Yu-Gi-Oh! ARC-V Volume 2 promotional card,YA02,,,,,,,,1,ygoprodeck
Yu-Gi-Oh!,English,Yu-Gi-Oh! ARC-V Volume 3 promotional card,Yu-Gi-Oh! ARC-V Volume 3 promotional card,YA03,,,,,,,,1,ygoprodeck
Yu-Gi-Oh!,English,Yu-Gi-Oh! ARC-V Volume 4 promotional card,Yu-Gi-Oh! ARC-V Volume 4 promotional card,YA04,,,,,,,,1,ygoprodeck
Yu-Gi-Oh!,English,Yu-Gi-Oh! ARC-V Volume 5 promotional card,Yu-Gi-Oh! ARC-V Volume 5 promotional card,YA05,,,,,,,,1,ygoprodeck
Yu-Gi-Oh!,English,Yu-Gi-Oh! ARC-V Volume 6 promotional card,Yu-Gi-Oh! ARC-V Volume 6 promotional card,YA06,,,,,,,,1,ygoprodeck
Yu-Gi-Oh!,English,Yu-Gi-Oh! ARC-V Volume 7 promotional card,Yu-Gi-Oh! ARC-V Volume 7 promotional card,YA07,,,,,,,,1,ygoprodeck
Yu-Gi-Oh!,English,Yu-Gi-Oh! Advent Calendar (2018),Yu-Gi-Oh! Advent Calendar (2018),AC18,,,,,,,,24,"ygoprodeck,tcgcsv"
Yu-Gi-Oh!,English,Yu-Gi-Oh! Advent Calendar (2019),Yu-Gi-Oh! Advent Calendar (2019),AC19,,,,,,,,24,"ygoprodeck,tcgcsv"
Yu-Gi-Oh!,English,Yu-Gi-Oh! Capsule Monster Coliseum promotional cards,Yu-Gi-Oh! Capsule Monster Coliseum promotional cards,CMC,,,,,,,,3,ygoprodeck
Yu-Gi-Oh!,English,Yu-Gi-Oh! Championship Series 2022 prize card,Yu-Gi-Oh! Championship Series 2022 prize card,YCSW,,,,,,,,15,"ygoprodeck,tcgcsv"
Yu-Gi-Oh!,English,Yu-Gi-Oh! Championship Series 2025 prize cards,Yu-Gi-Oh! Championship Series 2025 prize cards,25YC,,,,,,,,13,"ygoprodeck,tcgcsv"
Yu-Gi-Oh!,English,Yu-Gi-Oh! Dark Duel Stories promotional cards,Yu-Gi-Oh! Dark Duel Stories promotional cards,DDS,,,,,,,,6,ygoprodeck
Yu-Gi-Oh!,English,Yu-Gi-Oh! Day April 2019 promotional card,Yu-Gi-Oh! Day April 2019 promotional card,YDPR,,,,,,,,1,"ygoprodeck,tcgcsv"
Yu-Gi-Oh!,English,Yu-Gi-Oh! Destiny Board Traveler promotional cards,Yu-Gi-Oh! Destiny Board Traveler promotional cards,DBT,,,,,,,,3,"ygoprodeck,tcgcsv"
Yu-Gi-Oh!,English,Yu-Gi-Oh! Double Pack promotional cards,Yu-Gi-Oh! Double Pack promotional cards,ROD,,,,,,,,3,"ygoprodeck,tcgcsv"
Yu-Gi-Oh!,English,Yu-Gi-Oh! Duel Monsters International: Worldwide Edition,Yu-Gi-Oh! Duel Monsters International: Worldwide Edition,GBI,,,,,,,,3,tcgcsv
Yu-Gi-Oh!,English,Yu-Gi-Oh! Elemental Hero Collection 1,Yu-Gi-Oh! Elemental Hero Collection 1,EHC1,,,,,,,,4,"ygoprodeck,tcgcsv"
Yu-Gi-Oh!,English,Yu-Gi-Oh! Elemental Hero Collection 2,Yu-Gi-Oh! Elemental Hero Collection 2,EHC2,,,,,,,,4,"ygoprodeck,tcgcsv"
Yu-Gi-Oh!,English,Yu-Gi-Oh! Forbidden Memories promotional cards,Yu-Gi-Oh! Forbidden Memories promotional cards,FMR,,,,,,,,3,ygoprodeck
Yu-Gi-Oh!,English,Yu-Gi-Oh! GX Card Almanac promotional cards,Yu-Gi-Oh! GX Card Almanac promotional cards,YDB1,,,,,,,,3,ygoprodeck
Yu-Gi-Oh!,English,Yu-Gi-Oh! GX Duel Academy promotional cards,Yu-Gi-Oh! GX Duel Academy promotional cards,GX1,,,,,,,,3,"ygoprodeck,tcgcsv"
Yu-Gi-Oh!,English,Yu-Gi-Oh! GX Manga Promotional Cards,Yu-Gi-Oh! GX Manga Promotional Cards,,,,,,,,,8,tcgcsv
Yu-Gi-Oh!,English,Yu-Gi-Oh! GX Special Edition,Yu-Gi-Oh! GX Special Edition,GSE,,,,,,,,1,ygoprodeck
Yu-Gi-Oh!,English,Yu-Gi-Oh! GX Spirit Caller promotional cards,Yu-Gi-Oh! GX Spirit Caller promotional cards,GX03,,,,,,,,3,"ygoprodeck,tcgcsv"
Yu-Gi-Oh!,English,Yu-Gi-Oh! GX Tag Force 2 promotional cards,Yu-Gi-Oh! GX Tag Force 2 promotional cards,GX04,,,,,,,,3,"ygoprodeck,tcgcsv"
Yu-Gi-Oh!,English,Yu-Gi-Oh! GX Tag Force 3 promotional cards,Yu-Gi-Oh! GX Tag Force 3 promotional cards,GX06,,,,,,,,3,ygoprodeck
Yu-Gi-Oh!,English,Yu-Gi-Oh! GX Tag Force Evolution Promo,Yu-Gi-Oh! GX Tag Force Evolution Promo,,,,,,,,,2,tcgcsv
Yu-Gi-Oh!,English,Yu-Gi-Oh! GX Tag Force Evolution promotional cards,Yu-Gi-Oh! GX Tag Force Evolution promotional cards,GX05,,,,,,,,3,"ygoprodeck,tcgcsv"
Yu-Gi-Oh!,English,Yu-Gi-Oh! GX Tag Force Promotional Cards,Yu-Gi-Oh! GX Tag Force Promotional Cards,,,,,,,,,3,tcgcsv
Yu-Gi-Oh!,English,Yu-Gi-Oh! GX Tag Force promotional cards,Yu-Gi-Oh! GX Tag Force promotional cards,GX02,,,,,,,,3,"ygoprodeck,tcgcsv"
Yu-Gi-Oh!,English,Yu-Gi-Oh! GX Ultimate Beginner's Pack,Yu-Gi-Oh! GX Ultimate Beginner's Pack,UBP1,,,,,,,,5,"ygoprodeck,tcgcsv"
Yu-Gi-Oh!,English,Yu-Gi-Oh! GX Volume 1 promotional card,Yu-Gi-Oh! GX Volume 1 promotional card,YG01,,,,,,,,1,ygoprodeck
Yu-Gi-Oh!,English,Yu-Gi-Oh! GX Volume 2 promotional card,Yu-Gi-Oh! GX Volume 2 promotional card,YG02,,,,,,,,1,ygoprodeck
Yu-Gi-Oh!,English,Yu-Gi-Oh! GX Volume 3 promotional card,Yu-Gi-Oh! GX Volume 3 promotional card,YG03,,,,,,,,1,ygoprodeck
Yu-Gi-Oh!,English,Yu-Gi-Oh! GX Volume 4 promotional card,Yu-Gi-Oh! GX Volume 4 promotional card,YG04,,,,,,,,1,ygoprodeck
Yu-Gi-Oh!,English,Yu-Gi-Oh! GX Volume 5 promotional card,Yu-Gi-Oh! GX Volume 5 promotional card,YG05,,,,,,,,1,ygoprodeck
Yu-Gi-Oh!,English,Yu-Gi-Oh! GX Volume 6 promotional card,Yu-Gi-Oh! GX Volume 6 promotional card,YG06,,,,,,,,1,ygoprodeck
Yu-Gi-Oh!,English,Yu-Gi-Oh! GX Volume 7 promotional card,Yu-Gi-Oh! GX Volume 7 promotional card,YG07,,,,,,,,1,ygoprodeck
Yu-Gi-Oh!,English,Yu-Gi-Oh! GX Volume 8 promotional card,Yu-Gi-Oh! GX Volume 8 promotional card,YG08,,,,,,,,1,ygoprodeck
Yu-Gi-Oh!,English,Yu-Gi-Oh! GX Volume 9 promotional card,Yu-Gi-Oh! GX Volume 9 promotional card,YG09,,,,,,,,1,ygoprodeck
Yu-Gi-Oh!,English,Yu-Gi-Oh! Legacy of the Duelist: Link Evolution promotional cards,Yu-Gi-Oh! Legacy of the Duelist: Link Evolution promotional cards,LOD2,,,,,,,,3,ygoprodeck
Yu-Gi-Oh!,English,Yu-Gi-Oh! Nightmare Troubadour promotional cards,Yu-Gi-Oh! Nightmare Troubadour promotional cards,NTR,,,,,,,,3,"ygoprodeck,tcgcsv"
Yu-Gi-Oh!,English,Yu-Gi-Oh! Power of Chaos: Joey the Passion promotional cards,Yu-Gi-Oh! Power of Chaos: Joey the Passion promotional cards,PCJ,,,,,,,,3,"ygoprodeck,tcgcsv"
Yu-Gi-Oh!,English,Yu-Gi-Oh! Power of Chaos: Kaiba the Revenge promotional cards,Yu-Gi-Oh! Power of Chaos: Kaiba the Revenge promotional cards,PCK,,,,,,,,6,ygoprodeck
Yu-Gi-Oh!,English,Yu-Gi-Oh! Power of Chaos: Yugi the Destiny promotional cards,Yu-Gi-Oh! Power of Chaos: Yugi the Destiny promotional cards,PCY,,,,,,,,10,"ygoprodeck,tcgcsv"
Yu-Gi-Oh!,English,Yu-Gi-Oh! R Manga Promo,Yu-Gi-Oh! R Manga Promo,,,,,,,,,4,tcgcsv
Yu-Gi-Oh!,English,Yu-Gi-Oh! R Volume 3 promotional card,Yu-Gi-Oh! R Volume 3 promotional card,YR01,,,,,,,,2,ygoprodeck
Yu-Gi-Oh!,English,Yu-Gi-Oh! R Volume 4 promotional card,Yu-Gi-Oh! R Volume 4 promotional card,YR04,,,,,,,,1,ygoprodeck
Yu-Gi-Oh!,English,Yu-Gi-Oh! R Volume 5 promotional card,Yu-Gi-Oh! R Volume 5 promotional card,YR05,,,,,,,,1,ygoprodeck
Yu-Gi-Oh!,English,Yu-Gi-Oh! TCG Remote Duel Extravaganza participation card,Yu-Gi-Oh! TCG Remote Duel Extravaganza participation card,21CC,,,,,,,,1,ygoprodeck
Yu-Gi-Oh!,English,Yu-Gi-Oh! The Dark Side of Dimensions Blu-ray & DVD promotional card,Yu-Gi-Oh! The Dark Side of Dimensions Blu-ray & DVD promotional card,MVPC,,,,,,,,1,ygoprodeck
Yu-Gi-Oh!,English,Yu-Gi-Oh! The Dark Side of Dimensions Movie Pack,Yu-Gi-Oh! The Dark Side of Dimensions Movie Pack,MVP1,,,,,,,,185,"ygoprodeck,tcgcsv"
Yu-Gi-Oh!,English,Yu-Gi-Oh! The Dawn of Destiny promotional cards,Yu-Gi-Oh! The Dawn of Destiny promotional cards,DOD,,,,,,,,6,"ygoprodeck,tcgcsv"
Yu-Gi-Oh!,English,Yu-Gi-Oh! The Duelists of the Roses promotional cards,Yu-Gi-Oh! The Duelists of the Roses promotional cards,DOR,,,,,,,,6,"ygoprodeck,tcgcsv"
Yu-Gi-Oh!,English,Yu-Gi-Oh! The Eternal Duelist Soul promotional cards,Yu-Gi-Oh! The Eternal Duelist Soul promotional cards,EDS,,,,,,,,3,"ygoprodeck,tcgcsv"
Yu-Gi-Oh!,English,Yu-Gi-Oh! The Falsebound Kingdom promotional cards,Yu-Gi-Oh! The Falsebound Kingdom promotional cards,TFK,,,,,,,,8,"ygoprodeck,tcgcsv"
Yu-Gi-Oh!,English,Yu-Gi-Oh! The Movie Ani-Manga Promo,Yu-Gi-Oh! The Movie Ani-Manga Promo,YMA,,,,,,,,1,tcgcsv
Yu-Gi-Oh!,English,Yu-Gi-Oh! The Sacred Cards promotional cards,Yu-Gi-Oh! The Sacred Cards promotional cards,TSC,,,,,,,,6,ygoprodeck
Yu-Gi-Oh!,English,Yu-Gi-Oh! Tokens,Yu-Gi-Oh! Tokens,TKN,,,,,,,,39,tcgcsv
Yu-Gi-Oh!,English,Yu-Gi-Oh! Trading Card Game Tour 2004 promotional card,Yu-Gi-Oh! Trading Card Game Tour 2004 promotional card,EM1,,,,,,,,1,ygoprodeck
Yu-Gi-Oh!,English,Yu-Gi-Oh! Ultimate Masters: World Championship Tournament 2006 promotional cards,Yu-Gi-Oh! Ultimate Masters: World Championship Tournament 2006 promotional cards,WC6,,,,,,,,3,"ygoprodeck,tcgcsv"
Yu-Gi-Oh!,English,Yu-Gi-Oh! Value Boxes,Yu-Gi-Oh! Value Boxes,VBX,,,,,,,,4,tcgcsv
Yu-Gi-Oh!,English,Yu-Gi-Oh! Video Game Promotional Cards,Yu-Gi-Oh! Video Game Promotional Cards,VDP,,,,,,,,38,tcgcsv
Yu-Gi-Oh!,English,Yu-Gi-Oh! World Championship 2005 prize cards,Yu-Gi-Oh! World Championship 2005 prize cards,WCS,,,,,,,,5,ygoprodeck
Yu-Gi-Oh!,English,Yu-Gi-Oh! World Championship 2007 prize cards,Yu-Gi-Oh! World Championship 2007 prize cards,WCPS,,,,,,,,4,ygoprodeck
Yu-Gi-Oh!,English,Yu-Gi-Oh! World Championship 2007 promotional cards,Yu-Gi-Oh! World Championship 2007 promotional cards,WC07,,,,,,,,3,"ygoprodeck,tcgcsv"
Yu-Gi-Oh!,English,Yu-Gi-Oh! World Championship 2008 promotional cards,Yu-Gi-Oh! World Championship 2008 promotional cards,WC08,,,,,,,,3,"ygoprodeck,tcgcsv"
Yu-Gi-Oh!,English,Yu-Gi-Oh! World Championship 2017 prize cards,Yu-Gi-Oh! World Championship 2017 prize cards,2017,,,,,,,,2,ygoprodeck
Yu-Gi-Oh!,English,Yu-Gi-Oh! World Championship 2018 prize cards,Yu-Gi-Oh! World Championship 2018 prize cards,2018,,,,,,,,2,ygoprodeck
Yu-Gi-Oh!,English,Yu-Gi-Oh! World Championship 2019 Japanese National Qualifiers prize cards,Yu-Gi-Oh! World Championship 2019 Japanese National Qualifiers prize cards,2019,,,,,,,,29,"ygoprodeck,tcgcsv"
Yu-Gi-Oh!,English,Yu-Gi-Oh! World Championship Qualifier National Championships 2011 prize cards,Yu-Gi-Oh! World Championship Qualifier National Championships 2011 prize cards,WQ11,,,,,,,,3,ygoprodeck
Yu-Gi-Oh!,English,Yu-Gi-Oh! World Championship Tournament 2004 promotional cards,Yu-Gi-Oh! World Championship Tournament 2004 promotional cards,WC4,,,,,,,,6,"ygoprodeck,tcgcsv"
Yu-Gi-Oh!,English,Yu-Gi-Oh! Worldwide Edition: Stairway to the Destined Duel promotional cards,Yu-Gi-Oh! Worldwide Edition: Stairway to the Destined Duel promotional cards,SDD,,,,,,,,6,"ygoprodeck,tcgcsv"
Yu-Gi-Oh!,English,Yu-Gi-Oh! ZEXAL Manga Promotional Cards,Yu-Gi-Oh! ZEXAL Manga Promotional Cards,YZ0#,,,,,,,,9,tcgcsv
Yu-Gi-Oh!,English,Yu-Gi-Oh! ZEXAL Volume 1 promotional card,Yu-Gi-Oh! ZEXAL Volume 1 promotional card,YZ01,,,,,,,,1,ygoprodeck
Yu-Gi-Oh!,English,Yu-Gi-Oh! ZEXAL Volume 2 promotional card,Yu-Gi-Oh! ZEXAL Volume 2 promotional card,YZ02,,,,,,,,1,ygoprodeck
Yu-Gi-Oh!,English,Yu-Gi-Oh! ZEXAL Volume 3 promotional card,Yu-Gi-Oh! ZEXAL Volume 3 promotional card,YZ03,,,,,,,,1,ygoprodeck
Yu-Gi-Oh!,English,Yu-Gi-Oh! ZEXAL Volume 4 promotional card,Yu-Gi-Oh! ZEXAL Volume 4 promotional card,YZ04,,,,,,,,1,ygoprodeck
Yu-Gi-Oh!,English,Yu-Gi-Oh! ZEXAL Volume 5 promotional card,Yu-Gi-Oh! ZEXAL Volume 5 promotional card,YZ05,,,,,,,,1,ygoprodeck
Yu-Gi-Oh!,English,Yu-Gi-Oh! ZEXAL Volume 6 promotional card,Yu-Gi-Oh! ZEXAL Volume 6 promotional card,YZ06,,,,,,,,1,ygoprodeck
Yu-Gi-Oh!,English,Yu-Gi-Oh! ZEXAL Volume 7 promotional card,Yu-Gi-Oh! ZEXAL Volume 7 promotional card,YZ07,,,,,,,,1,ygoprodeck
Yu-Gi-Oh!,English,Yu-Gi-Oh! ZEXAL Volume 8 promotional card,Yu-Gi-Oh! ZEXAL Volume 8 promotional card,YZ08,,,,,,,,1,ygoprodeck
Yu-Gi-Oh!,English,Yu-Gi-Oh! ZEXAL Volume 9 promotional card,Yu-Gi-Oh! ZEXAL Volume 9 promotional card,YZ09,,,,,,,,1,ygoprodeck
Yu-Gi-Oh!,English,Yu-Gi-Oh! ZEXAL World Duel Carnival Promos,Yu-Gi-Oh! ZEXAL World Duel Carnival Promos,ZEXEU,,,,,,,,3,tcgcsv
Yu-Gi-Oh!,English,Yu-Gi-Oh! ZEXAL World Duel Carnival promotional cards,Yu-Gi-Oh! ZEXAL World Duel Carnival promotional cards,ZDC1,,,,,,,,3,ygoprodeck
Yu-Gi-Oh!,English,Yugi & Kaiba Collector Box,Yugi & Kaiba Collector Box,KACB,,,,,,,,1,ygoprodeck
Yu-Gi-Oh!,English,Yugi's Legendary Decks,Yugi's Legendary Decks,YGLD,,,,,,,,131,"ygoprodeck,tcgcsv"
Yu-Gi-Oh!,English,Yugioh 5D's 2008 Starter Deck,Yugioh 5D's 2008 Starter Deck,5DS1,,,,,,,,0,tcgcsv
Yu-Gi-Oh!,English,Zexal Collection Tin,Zexal Collection Tin,ZTIN,,,,,,,,24,"ygoprodeck,tcgcsv"
Yu-Gi-Oh!,English,Zombie World Structure Deck,Zombie World Structure Deck,SDZW,,,,,,,,37,"ygoprodeck,tcgcsv"
Yu-Gi-Oh!,French,2-Player Starter Deck: Yuya & Declan,,YS15,,,,,,,,99,ygoprodeck
Yu-Gi-Oh!,French,2-Player Starter Set,,STAX,,,,,,,,42,ygoprodeck
Yu-Gi-Oh!,French,2-Player Starter Set,,STAS,,,,,,,,41,ygoprodeck
Yu-Gi-Oh!,French,2013 Collectible Tins Wave 1,,CT10,,,,,,,,18,ygoprodeck
Yu-Gi-Oh!,French,2014 Mega-Tin Mega Pack,,MP14,,,,,,,,247,ygoprodeck
Yu-Gi-Oh!,French,2014 Mega-Tins,,CT11,,,,,,,,6,ygoprodeck
Yu-Gi-Oh!,French,2015 Mega-Tin Mega Pack,,MP15,,,,,,,,247,ygoprodeck
Yu-Gi-Oh!,French,2015 Mega-Tins,,CT12,,,,,,,,6,ygoprodeck
Yu-Gi-Oh!,French,2016 Mega-Tin Mega Pack,,MP16,,,,,,,,239,ygoprodeck
Yu-Gi-Oh!,French,2016 Mega-Tins,,CT13,,,,,,,,12,ygoprodeck
Yu-Gi-Oh!,French,2017 Mega-Tin Mega Pack,,MP17,,,,,,,,239,ygoprodeck
Yu-Gi-Oh!,French,2017 Mega-Tins,,CT14,,,,,,,,8,ygoprodeck
Yu-Gi-Oh!,French,2018 Mega-Tin Mega Pack,,MP18,,,,,,,,233,ygoprodeck
Yu-Gi-Oh!,French,2018 Mega-Tins,,CT15,,,,,,,,10,ygoprodeck
Yu-Gi-Oh!,French,2019 Gold Sarcophagus Tin,,TN19,,,,,,,,14,ygoprodeck
Yu-Gi-Oh!,French,2019 Gold Sarcophagus Tin Mega Pack,,MP19,,,,,,,,270,ygoprodeck
Yu-Gi-Oh!,French,2020 Tin of Lost Memories Mega Pack,,MP20,,,,,,,,249,ygoprodeck
Yu-Gi-Oh!,French,2021 Tin of Ancient Battles,,MP21,,,,,,,,258,ygoprodeck
Yu-Gi-Oh!,French,2022 Tin of the Pharaoh's Gods,,MP22,,,,,,,,272,ygoprodeck
Yu-Gi-Oh!,French,2025 Mega-Pack Tin,,MP25,,,,,,,,75,ygoprodeck
Yu-Gi-Oh!,French,25th Anniversary Rarity Collection,,RA01,,,,,,,,79,ygoprodeck
Yu-Gi-Oh!,French,25th Anniversary Rarity Collection II,,RA02,,,,,,,,73,ygoprodeck
Yu-Gi-Oh!,French,25th Anniversary Tin: Dueling Heroes,,TN23,,,,,,,,8,ygoprodeck
Yu-Gi-Oh!,French,25th Anniversary Tin: Dueling Heroes Mega Pack,,MP23,,,,,,,,205,ygoprodeck
Yu-Gi-Oh!,French,25th Anniversary Tin: Dueling Mirrors,,MP24,,,,,,,,82,ygoprodeck
Yu-Gi-Oh!,French,25th Anniversary Ultimate Kaiba Set,,KC01,,,,,,,,59,ygoprodeck
Yu-Gi-Oh!,French,Absolute Powerforce,,ABPF,,,,,,,,103,ygoprodeck
Yu-Gi-Oh!,French,Abyss Rising,,ABYR,,,,,,,,103,ygoprodeck
Yu-Gi-Oh!,French,Advanced Demo Deck Extra Pack,,DEM4,,,,,,,,10,ygoprodeck
Yu-Gi-Oh!,French,Amazing Defenders,,AMDE,,,,,,,,24,ygoprodeck
Yu-Gi-Oh!,French,Ancient Guardians,,ANGU,,,,,,,,60,ygoprodeck
Yu-Gi-Oh!,French,Ancient Prophecy,,ANPR,,,,,,,,103,ygoprodeck
Yu-Gi-Oh!,French,Ancient Sanctuary,,AST,,,,,,,,112,ygoprodeck
Yu-Gi-Oh!,French,Anniversary Pack,,YAP1,,,,,,,,8,ygoprodeck
Yu-Gi-Oh!,French,Astral Pack Eight,,AP08,,,,,,,,27,ygoprodeck
Yu-Gi-Oh!,French,Astral Pack Five,,AP05,,,,,,,,26,ygoprodeck
Yu-Gi-Oh!,French,Astral Pack Four,,AP04,,,,,,,,26,ygoprodeck
Yu-Gi-Oh!,French,Astral Pack One,,AP01,,,,,,,,25,ygoprodeck
Yu-Gi-Oh!,French,Astral Pack Seven,,AP07,,,,,,,,27,ygoprodeck
Yu-Gi-Oh!,French,Astral Pack Six,,AP06,,,,,,,,28,ygoprodeck
Yu-Gi-Oh!,French,Astral Pack Three,,AP03,,,,,,,,26,ygoprodeck
Yu-Gi-Oh!,French,Astral Pack Two,,AP02,,,,,,,,25,ygoprodeck
Yu-Gi-Oh!,French,Battle Pack 2: War of the Giants,,BP02,,,,,,,,215,ygoprodeck
Yu-Gi-Oh!,French,Battle Pack 3: Monster League,,BP03,,,,,,,,237,ygoprodeck
Yu-Gi-Oh!,French,Battle Pack Tournament Prize Cards,,BATT,,,,,,,,20,ygoprodeck
Yu-Gi-Oh!,French,Battle Pack: Epic Dawn,,BP01,,,,,,,,220,ygoprodeck
Yu-Gi-Oh!,French,Battle of Chaos,,BACH,,,,,,,,101,ygoprodeck
Yu-Gi-Oh!,French,Battle of Chaos,,25TH,,,,,,,,1,ygoprodeck
Yu-Gi-Oh!,French,Battles of Legend: Armageddon,,BLAR,,,,,,,,94,ygoprodeck
Yu-Gi-Oh!,French,Battles of Legend: Chapter 1,,BLC1,,,,,,,,158,ygoprodeck
Yu-Gi-Oh!,French,Battles of Legend: Crystal Revenge,,BLCR,,,,,,,,58,ygoprodeck
Yu-Gi-Oh!,French,Battles of Legend: Glorious Gallery,,BLGG,,,,,,,,88,ygoprodeck
Yu-Gi-Oh!,French,Battles of Legend: Hero's Revenge,,BLHR,,,,,,,,94,ygoprodeck
Yu-Gi-Oh!,French,Battles of Legend: Light's Revenge,,BLLR,,,,,,,,80,ygoprodeck
Yu-Gi-Oh!,French,Battles of Legend: Monster Mayhem,,BLMM,,,,,,,,129,ygoprodeck
Yu-Gi-Oh!,French,Battles of Legend: Monstrous Revenge,,BLMR,,,,,,,,44,ygoprodeck
Yu-Gi-Oh!,French,Battles of Legend: Relentless Revenge,,BLRR,,,,,,,,105,ygoprodeck
Yu-Gi-Oh!,French,Battles of Legend: Terminal Revenge,,BLTR,,,,,,,,64,ygoprodeck
Yu-Gi-Oh!,French,Blazing Dominion,,BLZD,,,,,,,,1,ygoprodeck
Yu-Gi-Oh!,French,Blazing Vortex,,BLVO,,,,,,,,102,ygoprodeck
Yu-Gi-Oh!,French,Breakers of Shadow,,BOSH,,,,,,,,105,ygoprodeck
Yu-Gi-Oh!,French,Brothers of Legend,,BROL,,,,,,,,95,ygoprodeck
Yu-Gi-Oh!,French,Burst Protocol,,BPRO,,,,,,,,1,ygoprodeck
Yu-Gi-Oh!,French,Burst of Destiny,,BODE,,,,,,,,101,ygoprodeck
Yu-Gi-Oh!,French,Champion Pack: Game Eight,,CP08,,,,,,,,20,ygoprodeck
Yu-Gi-Oh!,French,Champion Pack: Game Five,,CP05,,,,,,,,20,ygoprodeck
Yu-Gi-Oh!,French,Champion Pack: Game Four,,CP04,,,,,,,,20,ygoprodeck
Yu-Gi-Oh!,French,Champion Pack: Game One,,CP01,,,,,,,,20,ygoprodeck
Yu-Gi-Oh!,French,Champion Pack: Game Seven,,CP07,,,,,,,,20,ygoprodeck
Yu-Gi-Oh!,French,Champion Pack: Game Six,,CP06,,,,,,,,20,ygoprodeck
Yu-Gi-Oh!,French,Champion Pack: Game Three,,CP03,,,,,,,,20,ygoprodeck
Yu-Gi-Oh!,French,Champion Pack: Game Two,,CP02,,,,,,,,20,ygoprodeck
Yu-Gi-Oh!,French,Chaos Impact,,CHIM,,,,,,,,105,ygoprodeck
Yu-Gi-Oh!,French,Circuit Break,,CIBR,,,,,,,,105,ygoprodeck
Yu-Gi-Oh!,French,Clash of Rebellions,,CORE,,,,,,,,105,ygoprodeck
Yu-Gi-Oh!,French,Code of the Duelist,,COTD,,,,,,,,105,ygoprodeck
Yu-Gi-Oh!,French,Collectible Tins 2003,,BPT,,,,,,,,12,ygoprodeck
Yu-Gi-Oh!,French,Collectible Tins 2004,,CT1,,,,,,,,6,ygoprodeck
Yu-Gi-Oh!,French,Collectible Tins 2005,,CT2,,,,,,,,6,ygoprodeck
Yu-Gi-Oh!,French,Collectible Tins 2006 Wave 1,,CT03,,,,,,,,6,ygoprodeck
Yu-Gi-Oh!,French,Collectible Tins 2007 Wave 2,,CT04,,,,,,,,6,ygoprodeck
Yu-Gi-Oh!,French,Collectible Tins 2010 Wave 1,,CT07,,,,,,,,25,ygoprodeck
Yu-Gi-Oh!,French,Collectible Tins 2011 Wave 2,,CT08,,,,,,,,18,ygoprodeck
Yu-Gi-Oh!,French,Collectible Tins 2012 Wave 2.5,,CT09,,,,,,,,23,ygoprodeck
Yu-Gi-Oh!,French,Collectible Tins Exclusive 2008,,CT05,,,,,,,,7,ygoprodeck
Yu-Gi-Oh!,French,Collectible Tins Exclusive 2009,,CT06,,,,,,,,8,ygoprodeck
Yu-Gi-Oh!,French,Cosmo Blazer,,CBLZ,,,,,,,,103,ygoprodeck
Yu-Gi-Oh!,French,Crimson Crisis,,CRMS,,,,,,,,100,ygoprodeck
Yu-Gi-Oh!,French,Crossed Souls,,CROS,,,,,,,,105,ygoprodeck
Yu-Gi-Oh!,French,Crossover Breakers,,CRBR,,,,,,,,30,ygoprodeck
Yu-Gi-Oh!,French,Crossroads of Chaos,,CSOC,,,,,,,,103,ygoprodeck
Yu-Gi-Oh!,French,Cyber Dragon Revolution Structure Deck,,SDCR,,,,,,,,38,ygoprodeck
Yu-Gi-Oh!,French,Cyberdark Impact,,CDIP,,,,,,,,60,ygoprodeck
Yu-Gi-Oh!,French,Cyberdark Impact Sneak Peek Participation Card,,SP02,,,,,,,,2,ygoprodeck
Yu-Gi-Oh!,French,Cybernetic Horizon,,CYHO,,,,,,,,105,ygoprodeck
Yu-Gi-Oh!,French,Cybernetic Revolution,,CRV,,,,,,,,60,ygoprodeck
Yu-Gi-Oh!,French,Cyberstorm Access,,CYAC,,,,,,,,1,ygoprodeck
Yu-Gi-Oh!,French,Dark Beginning 1,,DB1,,,,,,,,250,ygoprodeck
Yu-Gi-Oh!,French,Dark Beginning 1,,DARK-BEGINNING-1,,,,,,,,12,ygoprodeck
Yu-Gi-Oh!,French,Dark Beginning 2,,DB2,,,,,,,,250,ygoprodeck
Yu-Gi-Oh!,French,Dark Beginning 2,,DB,,,,,,,,14,ygoprodeck
Yu-Gi-Oh!,French,Dark Crisis,,DCR,,,,,,,,212,ygoprodeck
Yu-Gi-Oh!,French,Dark Legends,,DLG1,,,,,,,,113,ygoprodeck
Yu-Gi-Oh!,French,Dark Neostorm,,DANE,,,,,,,,105,ygoprodeck
Yu-Gi-Oh!,French,Dark Revelation Volume 1,,DR1,,,,,,,,267,ygoprodeck
Yu-Gi-Oh!,French,Dark Revelation Volume 2,,DR2,,,,,,,,228,ygoprodeck
Yu-Gi-Oh!,French,Dark Revelation Volume 3,,DR3,,,,,,,,240,ygoprodeck
Yu-Gi-Oh!,French,Dark Revelation Volume 4,,DR04,,,,,,,,245,ygoprodeck
Yu-Gi-Oh!,French,Dark Saviors,,DASA,,,,,,,,60,ygoprodeck
Yu-Gi-Oh!,French,Darkwing Blast,,DABL,,,,,,,,1,ygoprodeck
Yu-Gi-Oh!,French,Dawn of Majesty,,DAMA,,,,,,,,102,ygoprodeck
Yu-Gi-Oh!,French,Demo Deck 2015,,DEM2,,,,,,,,20,ygoprodeck
Yu-Gi-Oh!,French,Demo Deck 2016,,DEM3,,,,,,,,20,ygoprodeck
Yu-Gi-Oh!,French,Demo Pack,,DEM1,,,,,,,,20,ygoprodeck
Yu-Gi-Oh!,French,Destiny Soldiers,,DESO,,,,,,,,60,ygoprodeck
Yu-Gi-Oh!,French,Dimension Force,,DIFO,,,,,,,,101,ygoprodeck
Yu-Gi-Oh!,French,Dimension of Chaos,,DOCS,,,,,,,,105,ygoprodeck
Yu-Gi-Oh!,French,Dinosmasher's Fury Structure Deck,,SR04,,,,,,,,39,ygoprodeck
Yu-Gi-Oh!,French,Doom of Dimensions,,DOOD,,,,,,,,1,ygoprodeck
Yu-Gi-Oh!,French,Dragons Collide Structure Deck,,SDDC,,,,,,,,40,ygoprodeck
Yu-Gi-Oh!,French,Dragons of Legend,,DRLG,,,,,,,,51,ygoprodeck
Yu-Gi-Oh!,French,Dragons of Legend 2,,DRL2,,,,,,,,45,ygoprodeck
Yu-Gi-Oh!,French,Dragons of Legend: The Complete Series,,DLCS,,,,,,,,149,ygoprodeck
Yu-Gi-Oh!,French,Dragons of Legend: Unleashed,,DRL3,,,,,,,,73,ygoprodeck
Yu-Gi-Oh!,French,Dragunity Legion Structure Deck,,SDDL,,,,,,,,39,ygoprodeck
Yu-Gi-Oh!,French,Duel Devastator,,DUDE,,,,,,,,56,ygoprodeck
Yu-Gi-Oh!,French,Duel Disk - Yusei Version,,DDY1,,,,,,,,1,ygoprodeck
Yu-Gi-Oh!,French,Duel Master's Guide promotional cards,,DMG,,,,,,,,1,ygoprodeck
Yu-Gi-Oh!,French,Duel Overload,,DUOV,,,,,,,,100,ygoprodeck
Yu-Gi-Oh!,French,Duel Power,,DUPO,,,,,,,,106,ygoprodeck
Yu-Gi-Oh!,French,Duel Terminal - Preview Wave 1,,DTP1,,,,,,,,31,ygoprodeck
Yu-Gi-Oh!,French,Duel Terminal 1,,DT01,,,,,,,,100,ygoprodeck
Yu-Gi-Oh!,French,Duel Terminal 2,,DT02,,,,,,,,100,ygoprodeck
Yu-Gi-Oh!,French,Duel Terminal 3,,DT03,,,,,,,,100,ygoprodeck
Yu-Gi-Oh!,French,Duel Terminal 4,,DT04,,,,,,,,100,ygoprodeck
Yu-Gi-Oh!,French,Duel Terminal 5b,,DT05,,,,,,,,100,ygoprodeck
Yu-Gi-Oh!,French,Duel Terminal 6a,,DT06,,,,,,,,100,ygoprodeck
Yu-Gi-Oh!,French,Duel Terminal 7b,,DT07,,,,,,,,100,ygoprodeck
Yu-Gi-Oh!,French,Duelist Alliance,,DUEA,,,,,,,,108,ygoprodeck
Yu-Gi-Oh!,French,Duelist League 13 participation cards,,DL13,,,,,,,,20,ygoprodeck
Yu-Gi-Oh!,French,Duelist League 14 participation cards,,DL14,,,,,,,,20,ygoprodeck
Yu-Gi-Oh!,French,Duelist League 15 participation cards,,DL15,,,,,,,,20,ygoprodeck
Yu-Gi-Oh!,French,Duelist League 16 participation cards,,DL16,,,,,,,,20,ygoprodeck
Yu-Gi-Oh!,French,Duelist League 17 participation cards,,DL17,,,,,,,,20,ygoprodeck
Yu-Gi-Oh!,French,Duelist League 18 participation cards,,DL18,,,,,,,,20,ygoprodeck
Yu-Gi-Oh!,French,Duelist League 2 participation cards,,DL11,,,,,,,,20,ygoprodeck
Yu-Gi-Oh!,French,Duelist League 2010 participation cards,,DL09,,,,,,,,20,ygoprodeck
Yu-Gi-Oh!,French,Duelist League 3 participation cards,,DL12,,,,,,,,20,ygoprodeck
Yu-Gi-Oh!,French,Duelist League Demo 2010,,DLDI,,,,,,,,5,ygoprodeck
Yu-Gi-Oh!,French,Duelist League Series 1 participation cards,,DL1,,,,,,,,4,ygoprodeck
Yu-Gi-Oh!,French,Duelist League Series 10 participation card,,DL10,,,,,,,,1,ygoprodeck
Yu-Gi-Oh!,French,Duelist League Series 2 participation cards,,DL2,,,,,,,,4,ygoprodeck
Yu-Gi-Oh!,French,Duelist League Series 3 participation card,,DL3,,,,,,,,1,ygoprodeck
Yu-Gi-Oh!,French,Duelist League Series 4 participation card,,DL4,,,,,,,,1,ygoprodeck
Yu-Gi-Oh!,French,Duelist League Series 5 participation card,,DL5,,,,,,,,1,ygoprodeck
Yu-Gi-Oh!,French,Duelist League Series 6 participation card,,DL6,,,,,,,,1,ygoprodeck
Yu-Gi-Oh!,French,Duelist League Series 7 participation card,,DL7,,,,,,,,1,ygoprodeck
Yu-Gi-Oh!,French,Duelist League Series 8 participation card,,DL8,,,,,,,,1,ygoprodeck
Yu-Gi-Oh!,French,Duelist League Series 9 participation card,,DL9,,,,,,,,1,ygoprodeck
Yu-Gi-Oh!,French,Duelist Pack Collection Tin 2010,,DPCT,,,,,,,,14,ygoprodeck
Yu-Gi-Oh!,French,Duelist Pack Collection Tin 2011,,DPC5,,,,,,,,3,ygoprodeck
Yu-Gi-Oh!,French,Duelist Pack: Aster Phoenix,,DP05,,,,,,,,30,ygoprodeck
Yu-Gi-Oh!,French,Duelist Pack: Battle City,,DPBC,,,,,,,,47,ygoprodeck
Yu-Gi-Oh!,French,Duelist Pack: Chazz Princeton,,DP2,,,,,,,,30,ygoprodeck
Yu-Gi-Oh!,French,Duelist Pack: Crow,,DP11,,,,,,,,30,ygoprodeck
Yu-Gi-Oh!,French,Duelist Pack: Dimensional Guardians,,DPDG,,,,,,,,45,ygoprodeck
Yu-Gi-Oh!,French,Duelist Pack: Jaden Yuki,,DP1,,,,,,,,30,ygoprodeck
Yu-Gi-Oh!,French,Duelist Pack: Jaden Yuki 2,,DP03,,,,,,,,30,ygoprodeck
Yu-Gi-Oh!,French,Duelist Pack: Jaden Yuki 3,,DP06,,,,,,,,25,ygoprodeck
Yu-Gi-Oh!,French,Duelist Pack: Jesse Anderson,,DP07,,,,,,,,25,ygoprodeck
Yu-Gi-Oh!,French,Duelist Pack: Kaiba,,DPKB,,,,,,,,40,ygoprodeck
Yu-Gi-Oh!,French,Duelist Pack: Rivals of the Pharaoh,,DPRP,,,,,,,,46,ygoprodeck
Yu-Gi-Oh!,French,Duelist Pack: Special Edition,,DPK,,,,,,,,3,ygoprodeck
Yu-Gi-Oh!,French,Duelist Pack: Yugi,,DPYG,,,,,,,,30,ygoprodeck
Yu-Gi-Oh!,French,Duelist Pack: Yusei,,DP08,,,,,,,,30,ygoprodeck
Yu-Gi-Oh!,French,Duelist Pack: Yusei 2,,DP09,,,,,,,,30,ygoprodeck
Yu-Gi-Oh!,French,Duelist Pack: Yusei 3,,DP10,,,,,,,,30,ygoprodeck
Yu-Gi-Oh!,French,Duelist Pack: Zane Truesdale,,DP04,,,,,,,,30,ygoprodeck
Yu-Gi-Oh!,French,Duelist Revolution,,DREV,,,,,,,,103,ygoprodeck
Yu-Gi-Oh!,French,Duelist Saga,,DUSA,,,,,,,,100,ygoprodeck
Yu-Gi-Oh!,French,EFootball collaboration cards,,EFC1,,,,,,,,1,ygoprodeck
Yu-Gi-Oh!,French,Egyptian God Deck: Obelisk the Tormentor,,EGO1,,,,,,,,35,ygoprodeck
Yu-Gi-Oh!,French,Egyptian God Deck: Slifer the Sky Dragon,,EGS1,,,,,,,,38,ygoprodeck
Yu-Gi-Oh!,French,Elemental Energy,,EEN,,,,,,,,64,ygoprodeck
Yu-Gi-Oh!,French,Emperor of Darkness Structure Deck,,SR01,,,,,,,,41,ygoprodeck
Yu-Gi-Oh!,French,Enemy of Justice,,EOJ,,,,,,,,60,ygoprodeck
Yu-Gi-Oh!,French,Eternity Code,,ETCO,,,,,,,,102,ygoprodeck
Yu-Gi-Oh!,French,Exclusive Pack,,EP1,,,,,,,,9,ygoprodeck
Yu-Gi-Oh!,French,Extreme Force,,EXFO,,,,,,,,105,ygoprodeck
Yu-Gi-Oh!,French,Extreme Victory,,EXVC,,,,,,,,101,ygoprodeck
Yu-Gi-Oh!,French,Fire Fists: Special Edition,,FFSE,,,,,,,,1,ygoprodeck
Yu-Gi-Oh!,French,Fists of the Gadgets,,FIGA,,,,,,,,60,ygoprodeck
Yu-Gi-Oh!,French,Flames of Destruction Special Edition,,FLOD,,,,,,,,105,ygoprodeck
Yu-Gi-Oh!,French,Flaming Eternity,,FET,,,,,,,,60,ygoprodeck
Yu-Gi-Oh!,French,Forbidden Legacy,,FL1,,,,,,,,3,ygoprodeck
Yu-Gi-Oh!,French,Force of the Breaker,,FOTB,,,,,,,,72,ygoprodeck
Yu-Gi-Oh!,French,Fusion Enforcers,,FUEN,,,,,,,,60,ygoprodeck
Yu-Gi-Oh!,French,GX Next Generation,,GXNG,,,,,,,,1,ygoprodeck
Yu-Gi-Oh!,French,Galactic Overlord,,GAOV,,,,,,,,101,ygoprodeck
Yu-Gi-Oh!,French,Gates of the Underworld Structure Deck,,SDGU,,,,,,,,39,ygoprodeck
Yu-Gi-Oh!,French,Geargia Rampage Structure Deck,,SDGR,,,,,,,,35,ygoprodeck
Yu-Gi-Oh!,French,Generation Force,,GENF,,,,,,,,103,ygoprodeck
Yu-Gi-Oh!,French,Genesis Impact,,GEIM,,,,,,,,60,ygoprodeck
Yu-Gi-Oh!,French,Ghosts From the Past,,GFTP,,,,,,,,132,ygoprodeck
Yu-Gi-Oh!,French,Ghosts From the Past: The 2nd Haunting,,GFP2,,,,,,,,182,ygoprodeck
Yu-Gi-Oh!,French,Ghosts From the Past: The 2nd Haunting,,GTP2,,,,,,,,3,ygoprodeck
Yu-Gi-Oh!,French,Gladiator's Assault,,GLAS,,,,,,,,98,ygoprodeck
Yu-Gi-Oh!,French,Gold Series,,GLD1,,,,,,,,45,ygoprodeck
Yu-Gi-Oh!,French,Gold Series 2009,,GLD2,,,,,,,,50,ygoprodeck
Yu-Gi-Oh!,French,Gold Series 3,,GLD3,,,,,,,,50,ygoprodeck
Yu-Gi-Oh!,French,Gold Series 4: Pyramids Edition,,GLD4,,,,,,,,50,ygoprodeck
Yu-Gi-Oh!,French,Gold Series: Haunted Mine,,GLD5,,,,,,,,55,ygoprodeck
Yu-Gi-Oh!,French,HERO Strike Structure Deck,,SDHS,,,,,,,,45,ygoprodeck
Yu-Gi-Oh!,French,Hidden Arsenal,,HA01,,,,,,,,30,ygoprodeck
Yu-Gi-Oh!,French,Hidden Arsenal 2,,HA02,,,,,,,,60,ygoprodeck
Yu-Gi-Oh!,French,Hidden Arsenal 3,,HA03,,,,,,,,60,ygoprodeck
Yu-Gi-Oh!,French,Hidden Arsenal 4: Trishula's Triumph,,HA04,,,,,,,,60,ygoprodeck
Yu-Gi-Oh!,French,Hidden Arsenal 5: Steelswarm Invasion,,HA05,,,,,,,,60,ygoprodeck
Yu-Gi-Oh!,French,Hidden Arsenal 5: Steelswarm Invasion: Special Edition,,H5SE,,,,,,,,2,ygoprodeck
Yu-Gi-Oh!,French,Hidden Arsenal 6: Omega Xyz,,HA06,,,,,,,,60,ygoprodeck
Yu-Gi-Oh!,French,Hidden Arsenal 7: Knight of Stars,,HA07,,,,,,,,70,ygoprodeck
Yu-Gi-Oh!,French,Hidden Arsenal: Chapter 1,,HAC1,,,,,,,,173,ygoprodeck
Yu-Gi-Oh!,French,Hidden Arsenal: Special Edition,,HASE,,,,,,,,2,ygoprodeck
Yu-Gi-Oh!,French,Hidden Summoners,,HISU,,,,,,,,60,ygoprodeck
Yu-Gi-Oh!,French,High-Speed Riders,,HSRD,,,,,,,,60,ygoprodeck
Yu-Gi-Oh!,French,Hobby League 1 participation cards B,,HL1,,,,,,,,6,ygoprodeck
Yu-Gi-Oh!,French,Hobby League 2 participation card E,,HL2,,,,,,,,6,ygoprodeck
Yu-Gi-Oh!,French,Hobby League 3 participation card G,,HL03,,,,,,,,7,ygoprodeck
Yu-Gi-Oh!,French,Hobby League 4 participation card D,,HL04,,,,,,,,6,ygoprodeck
Yu-Gi-Oh!,French,Hobby League 5 participation card C,,HL05,,,,,,,,6,ygoprodeck
Yu-Gi-Oh!,French,Hobby League 6 participation card F,,HL06,,,,,,,,6,ygoprodeck
Yu-Gi-Oh!,French,Hobby League 7 participation card E,,HL07,,,,,,,,6,ygoprodeck
Yu-Gi-Oh!,French,Ignition Assault Special Edition,,IGAS,,,,,,,,105,ygoprodeck
Yu-Gi-Oh!,French,Invasion of Chaos,,IOC,,,,,,,,228,ygoprodeck
Yu-Gi-Oh!,French,Invasion: Vengeance,,INOV,,,,,,,,105,ygoprodeck
Yu-Gi-Oh!,French,Judgment of the Light,,JOTL,,,,,,,,105,ygoprodeck
Yu-Gi-Oh!,French,Justice Hunters,,JUSH,,,,,,,,25,ygoprodeck
Yu-Gi-Oh!,French,KC Grand Tournament 2021 prize card,,2021,,,,,,,,1,ygoprodeck
Yu-Gi-Oh!,French,KC Grand Tournament prize card,,2020,,,,,,,,1,ygoprodeck
Yu-Gi-Oh!,French,King's Court,,KICO,,,,,,,,65,ygoprodeck
Yu-Gi-Oh!,French,Labyrinth of Nightmare,,LON,,,,,,,,315,ygoprodeck
Yu-Gi-Oh!,French,Legacy of Darkness,,LOD,,,,,,,,188,ygoprodeck
Yu-Gi-Oh!,French,Legacy of the Valiant,,LVAL,,,,,,,,105,ygoprodeck
Yu-Gi-Oh!,French,Legend of Blue Eyes White Dragon,,LOB,,,,,,,,355,ygoprodeck
Yu-Gi-Oh!,French,Legendary 5D&apos;s Decks,,L5DD,,,,,,,,82,ygoprodeck
Yu-Gi-Oh!,French,Legendary Arc-V Decks,,LAVD,,,,,,,,86,ygoprodeck
Yu-Gi-Oh!,French,Legendary Collection,,LC01,,,,,,,,3,ygoprodeck
Yu-Gi-Oh!,French,Legendary Collection 2: The Duel Academy Years,,LC02,,,,,,,,13,ygoprodeck
Yu-Gi-Oh!,French,Legendary Collection 2: The Duel Academy Years Mega Pack,,LCGX,,,,,,,,266,ygoprodeck
Yu-Gi-Oh!,French,Legendary Collection 3: Yugi's World,,LC03,,,,,,,,4,ygoprodeck
Yu-Gi-Oh!,French,Legendary Collection 3: Yugi's World Mega Pack,,LCYW,,,,,,,,306,ygoprodeck
Yu-Gi-Oh!,French,Legendary Collection 4: Joey's World,,LC04,,,,,,,,6,ygoprodeck
Yu-Gi-Oh!,French,Legendary Collection 4: Joey's World Mega Pack,,LCJW,,,,,,,,298,ygoprodeck
Yu-Gi-Oh!,French,Legendary Collection 5D's,,LC05,,,,,,,,5,ygoprodeck
Yu-Gi-Oh!,French,Legendary Collection 5D's Mega Pack,,LC5D,,,,,,,,256,ygoprodeck
Yu-Gi-Oh!,French,Legendary Collection Kaiba,,LC06,,,,,,,,5,ygoprodeck
Yu-Gi-Oh!,French,Legendary Collection Kaiba Mega Pack,,LCKC,,,,,,,,110,ygoprodeck
Yu-Gi-Oh!,French,Legendary Decks II,,LDK2,,,,,,,,130,ygoprodeck
Yu-Gi-Oh!,French,Legendary Dragon Decks,,LEDD,,,,,,,,111,ygoprodeck
Yu-Gi-Oh!,French,Legendary Duelists,,LEDU,,,,,,,,52,ygoprodeck
Yu-Gi-Oh!,French,Legendary Duelists: Ancient Millennium,,LED2,,,,,,,,53,ygoprodeck
Yu-Gi-Oh!,French,Legendary Duelists: Duels From the Deep,,LED9,,,,,,,,57,ygoprodeck
Yu-Gi-Oh!,French,Legendary Duelists: Immortal Destiny,,LED5,,,,,,,,58,ygoprodeck
Yu-Gi-Oh!,French,Legendary Duelists: Magical Hero,,LED6,,,,,,,,56,ygoprodeck
Yu-Gi-Oh!,French,Legendary Duelists: Rage of Ra,,LED7,,,,,,,,57,ygoprodeck
Yu-Gi-Oh!,French,Legendary Duelists: Season 1,,LDS1,,,,,,,,121,ygoprodeck
Yu-Gi-Oh!,French,Legendary Duelists: Season 2,,LDS2,,,,,,,,131,ygoprodeck
Yu-Gi-Oh!,French,Legendary Duelists: Season 3,,LDS3,,,,,,,,138,ygoprodeck
Yu-Gi-Oh!,French,Legendary Duelists: Sisters of the Rose,,LED4,,,,,,,,56,ygoprodeck
Yu-Gi-Oh!,French,Legendary Duelists: Soulburning Volcano,,LD10,,,,,,,,40,ygoprodeck
Yu-Gi-Oh!,French,Legendary Duelists: Synchro Storm,,LED8,,,,,,,,56,ygoprodeck
Yu-Gi-Oh!,French,Legendary Duelists: White Dragon Abyss,,LED3,,,,,,,,56,ygoprodeck
Yu-Gi-Oh!,French,Legendary Hero Decks,,LEHD,,,,,,,,117,ygoprodeck
Yu-Gi-Oh!,French,Legendary Modern Decks 2026,,L26D,,,,,,,,74,ygoprodeck
Yu-Gi-Oh!,French,Light and Darkness Power Pack,,LDPP,,,,,,,,1,ygoprodeck
Yu-Gi-Oh!,French,Light of Destruction,,LODT,,,,,,,,103,ygoprodeck
Yu-Gi-Oh!,French,Lightning Overdrive,,LIOV,,,,,,,,102,ygoprodeck
Yu-Gi-Oh!,French,Limited Pack World Championship 2025,,25LP,,,,,,,,2,ygoprodeck
Yu-Gi-Oh!,French,Lord of the Tachyon Galaxy,,LTGY,,,,,,,,101,ygoprodeck
Yu-Gi-Oh!,French,Lost Sanctuary Structure Deck,,SDLS,,,,,,,,38,ygoprodeck
Yu-Gi-Oh!,French,Machina Mayhem Structure Deck,,SDMM,,,,,,,,37,ygoprodeck
Yu-Gi-Oh!,French,Machine Reactor Structure Deck,,SR03,,,,,,,,40,ygoprodeck
Yu-Gi-Oh!,French,Magic Ruler,,MRL,,,,,,,,235,ygoprodeck
Yu-Gi-Oh!,French,Magician's Force,,MFC,,,,,,,,108,ygoprodeck
Yu-Gi-Oh!,French,Magnificent Maestros,,MAMS,,,,,,,,4,ygoprodeck
Yu-Gi-Oh!,French,Magnificent Mavens,,MAMA,,,,,,,,96,ygoprodeck
Yu-Gi-Oh!,French,Master Collection Volume 1,,MC1,,,,,,,,6,ygoprodeck
Yu-Gi-Oh!,French,Master Collection Volume 2,,MC2,,,,,,,,6,ygoprodeck
Yu-Gi-Oh!,French,Master of Pendulum Structure Deck,,SDMP,,,,,,,,43,ygoprodeck
Yu-Gi-Oh!,French,Mattel Action Figure promotional cards: Series 1,,MF01,,,,,,,,1,ygoprodeck
Yu-Gi-Oh!,French,Mattel Action Figure promotional cards: Series 2,,MF02,,,,,,,,4,ygoprodeck
Yu-Gi-Oh!,French,Mattel Action Figure promotional cards: Series 3,,MF03,,,,,,,,11,ygoprodeck
Yu-Gi-Oh!,French,Maximum Crisis,,MACR,,,,,,,,105,ygoprodeck
Yu-Gi-Oh!,French,Maximum Gold,,MAGO,,,,,,,,162,ygoprodeck
Yu-Gi-Oh!,French,Maximum Gold: El Dorado,,MGED,,,,,,,,151,ygoprodeck
Yu-Gi-Oh!,French,Maze of Memories,,MAZE,,,,,,,,37,ygoprodeck
Yu-Gi-Oh!,French,Maze of Millennia,,MZMI,,,,,,,,37,ygoprodeck
Yu-Gi-Oh!,French,Maze of Muertos,,MZMU,,,,,,,,61,ygoprodeck
Yu-Gi-Oh!,French,Maze of the Master,,MZTM,,,,,,,,50,ygoprodeck
Yu-Gi-Oh!,French,McDonald's Promotional Cards,,MP1,,,,,,,,14,ygoprodeck
Yu-Gi-Oh!,French,McDonald's Promotional Cards 2,,MDP2,,,,,,,,20,ygoprodeck
Yu-Gi-Oh!,French,Metal Raiders,,MRD,,,,,,,,432,ygoprodeck
Yu-Gi-Oh!,French,Millennium Pack,,MIL1,,,,,,,,48,ygoprodeck
Yu-Gi-Oh!,French,Movie Pack,,MOV,,,,,,,,4,ygoprodeck
Yu-Gi-Oh!,French,Mystic Fighters,,MYFI,,,,,,,,60,ygoprodeck
Yu-Gi-Oh!,French,Nike collaboration cards,,NKC1,,,,,,,,1,ygoprodeck
Yu-Gi-Oh!,French,Noble Knights of the Round Table Box Set,,NKRT,,,,,,,,44,ygoprodeck
Yu-Gi-Oh!,French,Number Hunters,,NUMH,,,,,,,,60,ygoprodeck
Yu-Gi-Oh!,French,OTS Tournament Pack 1,,OP01,,,,,,,,27,ygoprodeck
Yu-Gi-Oh!,French,OTS Tournament Pack 10,,OP10,,,,,,,,60,ygoprodeck
Yu-Gi-Oh!,French,OTS Tournament Pack 11,,OP11,,,,,,,,55,ygoprodeck
Yu-Gi-Oh!,French,OTS Tournament Pack 12 (POR),,OP12,,,,,,,,60,ygoprodeck
Yu-Gi-Oh!,French,OTS Tournament Pack 13,,OP13,,,,,,,,59,ygoprodeck
Yu-Gi-Oh!,French,OTS Tournament Pack 14,,OP14,,,,,,,,60,ygoprodeck
Yu-Gi-Oh!,French,OTS Tournament Pack 15,,OP15,,,,,,,,62,ygoprodeck
Yu-Gi-Oh!,French,OTS Tournament Pack 16,,OP16,,,,,,,,62,ygoprodeck
Yu-Gi-Oh!,French,OTS Tournament Pack 17,,OP17,,,,,,,,60,ygoprodeck
Yu-Gi-Oh!,French,OTS Tournament Pack 18,,OP18,,,,,,,,60,ygoprodeck
Yu-Gi-Oh!,French,OTS Tournament Pack 19,,OP19,,,,,,,,65,ygoprodeck
Yu-Gi-Oh!,French,OTS Tournament Pack 2,,OP02,,,,,,,,27,ygoprodeck
Yu-Gi-Oh!,French,OTS Tournament Pack 20,,OP20,,,,,,,,26,ygoprodeck
Yu-Gi-Oh!,French,OTS Tournament Pack 21,,OP21,,,,,,,,20,ygoprodeck
Yu-Gi-Oh!,French,OTS Tournament Pack 22,,OP22,,,,,,,,21,ygoprodeck
Yu-Gi-Oh!,French,OTS Tournament Pack 23,,OP23,,,,,,,,21,ygoprodeck
Yu-Gi-Oh!,French,OTS Tournament Pack 24,,OP24,,,,,,,,20,ygoprodeck
Yu-Gi-Oh!,French,OTS Tournament Pack 25,,OP25,,,,,,,,23,ygoprodeck
Yu-Gi-Oh!,French,OTS Tournament Pack 26,,OP26,,,,,,,,24,ygoprodeck
Yu-Gi-Oh!,French,OTS Tournament Pack 27,,OP27,,,,,,,,19,ygoprodeck
Yu-Gi-Oh!,French,OTS Tournament Pack 28,,OP28,,,,,,,,19,ygoprodeck
Yu-Gi-Oh!,French,OTS Tournament Pack 29,,OP29,,,,,,,,16,ygoprodeck
Yu-Gi-Oh!,French,OTS Tournament Pack 3,,OP03,,,,,,,,27,ygoprodeck
Yu-Gi-Oh!,French,OTS Tournament Pack 30,,OP30,,,,,,,,16,ygoprodeck
Yu-Gi-Oh!,French,OTS Tournament Pack 4,,OP04,,,,,,,,27,ygoprodeck
Yu-Gi-Oh!,French,OTS Tournament Pack 5,,OP05,,,,,,,,27,ygoprodeck
Yu-Gi-Oh!,French,OTS Tournament Pack 6,,OP06,,,,,,,,26,ygoprodeck
Yu-Gi-Oh!,French,OTS Tournament Pack 7,,OP07,,,,,,,,60,ygoprodeck
Yu-Gi-Oh!,French,OTS Tournament Pack 8 (POR),,OP08,,,,,,,,62,ygoprodeck
Yu-Gi-Oh!,French,OTS Tournament Pack 9,,OP09,,,,,,,,62,ygoprodeck
Yu-Gi-Oh!,French,Onslaught of the Fire Kings Structure Deck,,SDOK,,,,,,,,39,ygoprodeck
Yu-Gi-Oh!,French,Order of Chaos,,ORCS,,,,,,,,103,ygoprodeck
Yu-Gi-Oh!,French,Pendulum Domination Structure Deck,,SDPD,,,,,,,,43,ygoprodeck
Yu-Gi-Oh!,French,Pendulum Evolution,,PEVO,,,,,,,,60,ygoprodeck
Yu-Gi-Oh!,French,Phantom Darkness,,PTDN,,,,,,,,103,ygoprodeck
Yu-Gi-Oh!,French,Phantom Rage,,PHRA,,,,,,,,102,ygoprodeck
Yu-Gi-Oh!,French,Phantom Revenge,,PHRE,,,,,,,,19,ygoprodeck
Yu-Gi-Oh!,French,Pharaoh Tour 2005 promotional cards,,PT1,,,,,,,,2,ygoprodeck
Yu-Gi-Oh!,French,Pharaoh Tour 2006 promotional cards,,PT02,,,,,,,,2,ygoprodeck
Yu-Gi-Oh!,French,Pharaoh Tour 2007 promotional cards,,PT03,,,,,,,,2,ygoprodeck
Yu-Gi-Oh!,French,Pharaoh's Servant,,PSV,,,,,,,,315,ygoprodeck
Yu-Gi-Oh!,French,Pharaonic Guardian,,PGD,,,,,,,,105,ygoprodeck
Yu-Gi-Oh!,French,Photon Hypernova,,PHHY,,,,,,,,1,ygoprodeck
Yu-Gi-Oh!,French,Photon Shockwave,,PHSW,,,,,,,,101,ygoprodeck
Yu-Gi-Oh!,French,Power of the Duelist,,POTD,,,,,,,,60,ygoprodeck
Yu-Gi-Oh!,French,Power of the Elements,,POTE,,,,,,,,101,ygoprodeck
Yu-Gi-Oh!,French,Premium Collection Tin,,PRC1,,,,,,,,25,ygoprodeck
Yu-Gi-Oh!,French,Premium Gold,,PGLD,,,,,,,,90,ygoprodeck
Yu-Gi-Oh!,French,Premium Gold: Infinite Gold,,PGL3,,,,,,,,100,ygoprodeck
Yu-Gi-Oh!,French,Premium Gold: Return of the Bling,,PGL2,,,,,,,,91,ygoprodeck
Yu-Gi-Oh!,French,Premium Pack (TCG),,PP01,,,,,,,,15,ygoprodeck
Yu-Gi-Oh!,French,Premium Pack 2 (TCG),,PP02,,,,,,,,20,ygoprodeck
Yu-Gi-Oh!,French,Primal Origin,,PRIO,,,,,,,,106,ygoprodeck
Yu-Gi-Oh!,French,Quarter Century Bonanza,,RA03,,,,,,,,265,ygoprodeck
Yu-Gi-Oh!,French,Quarter Century Stampede,,RA04,,,,,,,,274,ygoprodeck
Yu-Gi-Oh!,French,Ra Yellow Mega Pack,,RYMP,,,,,,,,114,ygoprodeck
Yu-Gi-Oh!,French,Raging Battle,,RGBT,,,,,,,,109,ygoprodeck
Yu-Gi-Oh!,French,Raging Tempest,,RATE,,,,,,,,105,ygoprodeck
Yu-Gi-Oh!,French,Rarity Collection 5,,RA05,,,,,,,,101,ygoprodeck
Yu-Gi-Oh!,French,Realm of Light Structure Deck,,SDLI,,,,,,,,36,ygoprodeck
Yu-Gi-Oh!,French,Realm of the Sea Emperor Structure Deck,,SDRE,,,,,,,,39,ygoprodeck
Yu-Gi-Oh!,French,Retro Pack,,RP01,,,,,,,,101,ygoprodeck
Yu-Gi-Oh!,French,Retro Pack 2,,RP02,,,,,,,,101,ygoprodeck
Yu-Gi-Oh!,French,Return of the Duelist,,REDU,,,,,,,,103,ygoprodeck
Yu-Gi-Oh!,French,Rise of Destiny,,RDS,,,,,,,,64,ygoprodeck
Yu-Gi-Oh!,French,Rise of the Dragon Lords Structure Deck,,SDRL,,,,,,,,37,ygoprodeck
Yu-Gi-Oh!,French,Rise of the Duelist,,ROTD,,,,,,,,102,ygoprodeck
Yu-Gi-Oh!,French,Rise of the True Dragons Structure Deck,,SR02,,,,,,,,41,ygoprodeck
Yu-Gi-Oh!,French,Rising Rampage,,RIRA,,,,,,,,105,ygoprodeck
Yu-Gi-Oh!,French,Saga of Blue-Eyes White Dragon Structure Deck,,SDBE,,,,,,,,40,ygoprodeck
Yu-Gi-Oh!,French,Samurai Assault,,SAAS,,,,,,,,1,ygoprodeck
Yu-Gi-Oh!,French,Samurai Warlords Structure Deck,,SDWA,,,,,,,,41,ygoprodeck
Yu-Gi-Oh!,French,San Diego Comic-Con promotional cards,,TKN1,,,,,,,,4,ygoprodeck
Yu-Gi-Oh!,French,Savage Strike,,SAST,,,,,,,,105,ygoprodeck
Yu-Gi-Oh!,French,Secret Slayers,,SESL,,,,,,,,60,ygoprodeck
Yu-Gi-Oh!,French,Secrets of Eternity,,SECE,,,,,,,,115,ygoprodeck
Yu-Gi-Oh!,French,Shadow Specters,,SHSP,,,,,,,,103,ygoprodeck
Yu-Gi-Oh!,French,Shadow of Infinity,,SOI,,,,,,,,64,ygoprodeck
Yu-Gi-Oh!,French,Shadow of Infinity Sneak Peek Participation Card,,SP2,,,,,,,,2,ygoprodeck
Yu-Gi-Oh!,French,Shadows in Valhalla,,SHVA,,,,,,,,60,ygoprodeck
Yu-Gi-Oh!,French,Shining Victories,,SHVI,,,,,,,,105,ygoprodeck
Yu-Gi-Oh!,French,Shonen Jump Championship 2004 Prize Card,,SJC,,,,,,,,3,ygoprodeck
Yu-Gi-Oh!,French,Shonen Jump Championship 2008 Prize Card,,SJCS,,,,,,,,4,ygoprodeck
Yu-Gi-Oh!,French,"Shonen Jump Vol. 3, Issue 1 promotional card",,JMP,,,,,,,,6,ygoprodeck
Yu-Gi-Oh!,French,"Shonen Jump Vol. 5, Issue 4 promotional card",,JUMP,,,,,,,,84,ygoprodeck
Yu-Gi-Oh!,French,Soul Fusion,,SOFU,,,,,,,,105,ygoprodeck
Yu-Gi-Oh!,French,Soul of the Duelist,,SOD,,,,,,,,60,ygoprodeck
Yu-Gi-Oh!,French,Space-Time Showdown Power-Up Pack,,YS14,,,,,,,,55,ygoprodeck
Yu-Gi-Oh!,French,Speed Duel Demo Deck,,DEM5,,,,,,,,11,ygoprodeck
Yu-Gi-Oh!,French,Speed Duel Demo Deck 2020,,DEM6,,,,,,,,21,ygoprodeck
Yu-Gi-Oh!,French,Speed Duel GX: Duel Academy Box,,SGX1,,,,,,,,215,ygoprodeck
Yu-Gi-Oh!,French,Speed Duel GX: Duelists of Shadows,,SGX3,,,,,,,,200,ygoprodeck
Yu-Gi-Oh!,French,Speed Duel GX: Midterm Paradox,,SGX2,,,,,,,,98,ygoprodeck
Yu-Gi-Oh!,French,Speed Duel Starter Decks: Destiny Masters,,SS01,,,,,,,,63,ygoprodeck
Yu-Gi-Oh!,French,Speed Duel Starter Decks: Duelists of Tomorrow,,SS02,,,,,,,,69,ygoprodeck
Yu-Gi-Oh!,French,Speed Duel Starter Decks: Match of the Millennium,,SS04,,,,,,,,67,ygoprodeck
Yu-Gi-Oh!,French,Speed Duel Starter Decks: Twisted Nightmares,,SS05,,,,,,,,66,ygoprodeck
Yu-Gi-Oh!,French,Speed Duel Starter Decks: Ultimate Predators,,SS03,,,,,,,,63,ygoprodeck
Yu-Gi-Oh!,French,Speed Duel Tournament Pack 1,,STP1,,,,,,,,18,ygoprodeck
Yu-Gi-Oh!,French,Speed Duel Tournament Pack 2,,STP2,,,,,,,,18,ygoprodeck
Yu-Gi-Oh!,French,Speed Duel Tournament Pack 3,,STP3,,,,,,,,33,ygoprodeck
Yu-Gi-Oh!,French,Speed Duel Tournament Pack 4,,STP4,,,,,,,,35,ygoprodeck
Yu-Gi-Oh!,French,Speed Duel Tournament Pack 5,,STP5,,,,,,,,35,ygoprodeck
Yu-Gi-Oh!,French,Speed Duel Tournament Pack 6,,STP6,,,,,,,,34,ygoprodeck
Yu-Gi-Oh!,French,Speed Duel: Arena of Lost Souls,,SBLS,,,,,,,,49,ygoprodeck
Yu-Gi-Oh!,French,Speed Duel: Attack from the Deep,,SBAD,,,,,,,,50,ygoprodeck
Yu-Gi-Oh!,French,Speed Duel: Battle City Box,,SBCB,,,,,,,,223,ygoprodeck
Yu-Gi-Oh!,French,Speed Duel: Scars of Battle,,SBSC,,,,,,,,48,ygoprodeck
Yu-Gi-Oh!,French,Speed Duel: Scars of Battle Launch Event participation card,,EVSD,,,,,,,,7,ygoprodeck
Yu-Gi-Oh!,French,Speed Duel: Streets of Battle City,,SBC1,,,,,,,,190,ygoprodeck
Yu-Gi-Oh!,French,Speed Duel: Trials of the Kingdom Sneak Peek participation cards,,SBTK,,,,,,,,59,ygoprodeck
Yu-Gi-Oh!,French,Spell Ruler,,SRL,,,,,,,,208,ygoprodeck
Yu-Gi-Oh!,French,Spellcaster's Command Structure Deck,,SDSC,,,,,,,,39,ygoprodeck
Yu-Gi-Oh!,French,Spirit Warriors,,SPWA,,,,,,,,60,ygoprodeck
Yu-Gi-Oh!,French,Star Pack 2013,,SP13,,,,,,,,50,ygoprodeck
Yu-Gi-Oh!,French,Star Pack 2014,,SP14,,,,,,,,50,ygoprodeck
Yu-Gi-Oh!,French,Star Pack ARC-V,,SP15,,,,,,,,50,ygoprodeck
Yu-Gi-Oh!,French,Star Pack Battle Royal,,SP17,,,,,,,,50,ygoprodeck
Yu-Gi-Oh!,French,Star Pack VRAINS,,SP18,,,,,,,,50,ygoprodeck
Yu-Gi-Oh!,French,Stardust Overdrive,,SOVR,,,,,,,,103,ygoprodeck
Yu-Gi-Oh!,French,Starstrike Blast,,STBL,,,,,,,,101,ygoprodeck
Yu-Gi-Oh!,French,Starter Deck 2006,,YSD,,,,,,,,41,ygoprodeck
Yu-Gi-Oh!,French,Starter Deck: Codebreaker,,YS18,,,,,,,,45,ygoprodeck
Yu-Gi-Oh!,French,Starter Deck: Dawn of the Xyz,,YS11,,,,,,,,43,ygoprodeck
Yu-Gi-Oh!,French,Starter Deck: Duelist Toolbox,,5DS3,,,,,,,,42,ygoprodeck
Yu-Gi-Oh!,French,Starter Deck: Jaden Yuki,,YSDJ,,,,,,,,41,ygoprodeck
Yu-Gi-Oh!,French,Starter Deck: Joey,,SDJ,,,,,,,,50,ygoprodeck
Yu-Gi-Oh!,French,Starter Deck: Kaiba,,SDK,,,,,,,,96,ygoprodeck
Yu-Gi-Oh!,French,Starter Deck: Kaiba Evolution,,SKE,,,,,,,,50,ygoprodeck
Yu-Gi-Oh!,French,Starter Deck: Kaiba Reloaded,,YSKR,,,,,,,,48,ygoprodeck
Yu-Gi-Oh!,French,Starter Deck: Link Strike,,YS17,,,,,,,,43,ygoprodeck
Yu-Gi-Oh!,French,Starter Deck: Pegasus,,SDP,,,,,,,,50,ygoprodeck
Yu-Gi-Oh!,French,Starter Deck: Syrus Truesdale,,YSDS,,,,,,,,41,ygoprodeck
Yu-Gi-Oh!,French,Starter Deck: Xyz Symphony,,YS12,,,,,,,,43,ygoprodeck
Yu-Gi-Oh!,French,Starter Deck: Yu-Gi-Oh! 5D's,,5DS1,,,,,,,,43,ygoprodeck
Yu-Gi-Oh!,French,Starter Deck: Yu-Gi-Oh! 5D's 2009,,5DS2,,,,,,,,43,ygoprodeck
Yu-Gi-Oh!,French,Starter Deck: Yugi,,SDY,,,,,,,,96,ygoprodeck
Yu-Gi-Oh!,French,Starter Deck: Yugi Evolution,,SYE,,,,,,,,50,ygoprodeck
Yu-Gi-Oh!,French,Starter Deck: Yugi Reloaded,,YSYR,,,,,,,,46,ygoprodeck
Yu-Gi-Oh!,French,Starter Deck: Yuya,,YS16,,,,,,,,43,ygoprodeck
Yu-Gi-Oh!,French,Storm of Ragnarok,,STOR,,,,,,,,103,ygoprodeck
Yu-Gi-Oh!,French,Strike of Neos,,STON,,,,,,,,72,ygoprodeck
Yu-Gi-Oh!,French,Structure Deck: Albaz Strike,,SDAZ,,,,,,,,46,ygoprodeck
Yu-Gi-Oh!,French,Structure Deck: Beware of Traptrix,,SDBT,,,,,,,,38,ygoprodeck
Yu-Gi-Oh!,French,Structure Deck: Blaze of Destruction,,SD3,,,,,,,,31,ygoprodeck
Yu-Gi-Oh!,French,Structure Deck: Blue-Eyes White Destiny,,SDWD,,,,,,,,35,ygoprodeck
Yu-Gi-Oh!,French,Structure Deck: Cyber Strike,,SDCS,,,,,,,,48,ygoprodeck
Yu-Gi-Oh!,French,Structure Deck: Cyberse Link,,SDCL,,,,,,,,43,ygoprodeck
Yu-Gi-Oh!,French,Structure Deck: Dark World,,SR13,,,,,,,,37,ygoprodeck
Yu-Gi-Oh!,French,Structure Deck: Dinosaur's Rage,,SD09,,,,,,,,37,ygoprodeck
Yu-Gi-Oh!,French,Structure Deck: Dragon's Roar,,SD1,,,,,,,,29,ygoprodeck
Yu-Gi-Oh!,French,Structure Deck: Fire Kings,,SR14,,,,,,,,39,ygoprodeck
Yu-Gi-Oh!,French,Structure Deck: Freezing Chains,,SDFC,,,,,,,,46,ygoprodeck
Yu-Gi-Oh!,French,Structure Deck: Fury from the Deep,,SD4,,,,,,,,32,ygoprodeck
Yu-Gi-Oh!,French,Structure Deck: Invincible Fortress,,SD7,,,,,,,,32,ygoprodeck
Yu-Gi-Oh!,French,Structure Deck: Lair of Darkness,,SR06,,,,,,,,42,ygoprodeck
Yu-Gi-Oh!,French,Structure Deck: Legend of the Crystal Beasts,,SDCB,,,,,,,,46,ygoprodeck
Yu-Gi-Oh!,French,Structure Deck: Lord of the Storm,,SD8,,,,,,,,36,ygoprodeck
Yu-Gi-Oh!,French,Structure Deck: Machine Re-Volt,,SD10,,,,,,,,37,ygoprodeck
Yu-Gi-Oh!,French,Structure Deck: Marik (TCG),,SDMA,,,,,,,,38,ygoprodeck
Yu-Gi-Oh!,French,Structure Deck: Mechanized Madness,,SR10,,,,,,,,41,ygoprodeck
Yu-Gi-Oh!,French,Structure Deck: Order of the Spellcasters,,SR08,,,,,,,,41,ygoprodeck
Yu-Gi-Oh!,French,Structure Deck: Powercode Link,,SDPL,,,,,,,,42,ygoprodeck
Yu-Gi-Oh!,French,Structure Deck: Rokket Revolt,,SDRR,,,,,,,,46,ygoprodeck
Yu-Gi-Oh!,French,Structure Deck: Sacred Beasts,,SDSA,,,,,,,,48,ygoprodeck
Yu-Gi-Oh!,French,Structure Deck: Seto Kaiba,,SDKS,,,,,,,,44,ygoprodeck
Yu-Gi-Oh!,French,Structure Deck: Shaddoll Showdown,,SDSH,,,,,,,,49,ygoprodeck
Yu-Gi-Oh!,French,Structure Deck: Soulburner,,SDSB,,,,,,,,45,ygoprodeck
Yu-Gi-Oh!,French,Structure Deck: Spellcaster's Judgment,,SD6,,,,,,,,36,ygoprodeck
Yu-Gi-Oh!,French,Structure Deck: Spirit Charmers,,SDCH,,,,,,,,41,ygoprodeck
Yu-Gi-Oh!,French,Structure Deck: The Crimson King,,SDCK,,,,,,,,40,ygoprodeck
Yu-Gi-Oh!,French,Structure Deck: Warrior's Triumph,,SD5,,,,,,,,36,ygoprodeck
Yu-Gi-Oh!,French,Structure Deck: Wave of Light,,SR05,,,,,,,,42,ygoprodeck
Yu-Gi-Oh!,French,Structure Deck: Yugi Muto,,SDMY,,,,,,,,45,ygoprodeck
Yu-Gi-Oh!,French,Structure Deck: Zombie Horde,,SR07,,,,,,,,42,ygoprodeck
Yu-Gi-Oh!,French,Structure Deck: Zombie Madness,,SD2,,,,,,,,29,ygoprodeck
Yu-Gi-Oh!,French,Super Starter: V for Victory,,YS13,,,,,,,,57,ygoprodeck
Yu-Gi-Oh!,French,Synchron Extreme Structure Deck,,SDSE,,,,,,,,43,ygoprodeck
Yu-Gi-Oh!,French,THANK YOU PACK,,TYP1,,,,,,,,12,ygoprodeck
Yu-Gi-Oh!,French,THE CHRONICLES DECK: Spirit Charmers (All-Foil Edition),,CH02,,,,,,,,40,ygoprodeck
Yu-Gi-Oh!,French,THE CHRONICLES DECK: The Fallen & The Virtuous (All-Foil Edition),,CH01,,,,,,,,35,ygoprodeck
Yu-Gi-Oh!,French,Tactical Evolution,,TAEV,,,,,,,,93,ygoprodeck
Yu-Gi-Oh!,French,Tactical Masters,,TAMA,,,,,,,,59,ygoprodeck
Yu-Gi-Oh!,French,The Dark Emperor Structure Deck,,SDDE,,,,,,,,36,ygoprodeck
Yu-Gi-Oh!,French,The Dark Illusion,,TDIL,,,,,,,,105,ygoprodeck
Yu-Gi-Oh!,French,The Duelist Genesis,,TDGS,,,,,,,,103,ygoprodeck
Yu-Gi-Oh!,French,The Grand Creators,,GRCR,,,,,,,,60,ygoprodeck
Yu-Gi-Oh!,French,The Infinity Chasers,,INCH,,,,,,,,60,ygoprodeck
Yu-Gi-Oh!,French,The Lost Art Promotion (series),,LART,,,,,,,,74,ygoprodeck
Yu-Gi-Oh!,French,The Lost Millennium,,TLM,,,,,,,,64,ygoprodeck
Yu-Gi-Oh!,French,The Lost Millennium Sneak Peek Participation Card,,SP1,,,,,,,,4,ygoprodeck
Yu-Gi-Oh!,French,The New Challengers,,NECH,,,,,,,,115,ygoprodeck
Yu-Gi-Oh!,French,The Pot Collection,,TBC1,,,,,,,,15,ygoprodeck
Yu-Gi-Oh!,French,The Secret Forces,,THSF,,,,,,,,60,ygoprodeck
Yu-Gi-Oh!,French,The Shining Darkness,,TSHD,,,,,,,,101,ygoprodeck
Yu-Gi-Oh!,French,Toon Chaos,,TOCH,,,,,,,,60,ygoprodeck
Yu-Gi-Oh!,French,Tournament Pack 4,,TP4,,,,,,,,20,ygoprodeck
Yu-Gi-Oh!,French,Tournament Pack 5,,TP5,,,,,,,,20,ygoprodeck
Yu-Gi-Oh!,French,Tournament Pack 6,,TP6,,,,,,,,20,ygoprodeck
Yu-Gi-Oh!,French,Tournament Pack 7,,TP7,,,,,,,,20,ygoprodeck
Yu-Gi-Oh!,French,Tournament Pack 8,,TP8,,,,,,,,20,ygoprodeck
Yu-Gi-Oh!,French,Tournament Pack: 1st Season,,TP1,,,,,,,,60,ygoprodeck
Yu-Gi-Oh!,French,Tournament Pack: 2nd Season,,TP2,,,,,,,,30,ygoprodeck
Yu-Gi-Oh!,French,Tournament Pack: 3rd Season,,TP3,,,,,,,,20,ygoprodeck
Yu-Gi-Oh!,French,Trials of the Pharaoh - Match of the Millennium & Twisted Nightmares promotional card,,OPTP,,,,,,,,3,ygoprodeck
Yu-Gi-Oh!,French,Turbo Pack: Booster Eight,,TU08,,,,,,,,21,ygoprodeck
Yu-Gi-Oh!,French,Turbo Pack: Booster Five,,TU05,,,,,,,,21,ygoprodeck
Yu-Gi-Oh!,French,Turbo Pack: Booster Four,,TU04,,,,,,,,21,ygoprodeck
Yu-Gi-Oh!,French,Turbo Pack: Booster One,,TU01,,,,,,,,21,ygoprodeck
Yu-Gi-Oh!,French,Turbo Pack: Booster Seven,,TU07,,,,,,,,21,ygoprodeck
Yu-Gi-Oh!,French,Turbo Pack: Booster Six,,TU06,,,,,,,,21,ygoprodeck
Yu-Gi-Oh!,French,Turbo Pack: Booster Three,,TU03,,,,,,,,21,ygoprodeck
Yu-Gi-Oh!,French,Turbo Pack: Booster Two,,TU02,,,,,,,,21,ygoprodeck
Yu-Gi-Oh!,French,Twilight Edition,,TWED,,,,,,,,1,ygoprodeck
Yu-Gi-Oh!,French,Ultimate Edition 2,,UE02,,,,,,,,1,ygoprodeck
Yu-Gi-Oh!,French,Ultimate Tournament Pack 1,,UP01,,,,,,,,42,ygoprodeck
Yu-Gi-Oh!,French,Valiant Smashers,,VASM,,,,,,,,28,ygoprodeck
Yu-Gi-Oh!,French,WSJ Jump Pack Spring 2019 promotional card,,JMPS,,,,,,,,9,ygoprodeck
Yu-Gi-Oh!,French,War of the Giants Reinforcements,,WGRT,,,,,,,,104,ygoprodeck
Yu-Gi-Oh!,French,War of the Giants: Round 2,,BPW2,,,,,,,,103,ygoprodeck
Yu-Gi-Oh!,French,Warriors' Strike Structure Deck,,SDWS,,,,,,,,38,ygoprodeck
Yu-Gi-Oh!,French,Wild Survivors,,WISU,,,,,,,,29,ygoprodeck
Yu-Gi-Oh!,French,Wing Raiders,,WIRA,,,,,,,,60,ygoprodeck
Yu-Gi-Oh!,French,Winner's Pack 2026-2027,,WI26,,,,,,,,20,ygoprodeck
Yu-Gi-Oh!,French,World Championship 2010 Card Pack,,WCPP,,,,,,,,14,ygoprodeck
Yu-Gi-Oh!,French,World Championship 2011 Card Pack,,WP11,,,,,,,,14,ygoprodeck
Yu-Gi-Oh!,French,World Superstars,,WSUP,,,,,,,,50,ygoprodeck
Yu-Gi-Oh!,French,X-Saber Power-Up,,XSPU,,,,,,,,1,ygoprodeck
Yu-Gi-Oh!,French,Yu-Gi-Oh! 3D Bonds Beyond Time DVD promotional card,,MOV2,,,,,,,,1,ygoprodeck
Yu-Gi-Oh!,French,Yu-Gi-Oh! 3D Bonds Beyond Time Movie Pack,,YMP1,,,,,,,,9,ygoprodeck
Yu-Gi-Oh!,French,Yu-Gi-Oh! 5D's Duel Transer promotional cards,,YDT1,,,,,,,,3,ygoprodeck
Yu-Gi-Oh!,French,Yu-Gi-Oh! 5D's Tag Force 4 promotional cards,,TF04,,,,,,,,3,ygoprodeck
Yu-Gi-Oh!,French,Yu-Gi-Oh! 5D's Tag Force 5 promotional cards,,TF05,,,,,,,,3,ygoprodeck
Yu-Gi-Oh!,French,Yu-Gi-Oh! 5D's Volume 1 promotional card,,YF01,,,,,,,,1,ygoprodeck
Yu-Gi-Oh!,French,Yu-Gi-Oh! 5D's Volume 2 promotional card,,YF02,,,,,,,,1,ygoprodeck
Yu-Gi-Oh!,French,Yu-Gi-Oh! 5D's Volume 3 promotional card,,YF03,,,,,,,,1,ygoprodeck
Yu-Gi-Oh!,French,Yu-Gi-Oh! 5D's Volume 4 promotional card,,YF04,,,,,,,,1,ygoprodeck
Yu-Gi-Oh!,French,Yu-Gi-Oh! 5D's Volume 5 promotional card,,YF05,,,,,,,,1,ygoprodeck
Yu-Gi-Oh!,French,Yu-Gi-Oh! 5D's Volume 6 promotional card,,YF06,,,,,,,,1,ygoprodeck
Yu-Gi-Oh!,French,Yu-Gi-Oh! 5D's Volume 7 promotional card,,YF07,,,,,,,,1,ygoprodeck
Yu-Gi-Oh!,French,Yu-Gi-Oh! 5D's Volume 9 promotional card,,YF09,,,,,,,,1,ygoprodeck
Yu-Gi-Oh!,French,Yu-Gi-Oh! 5D's Wheelie Breakers Promotional Cards,,WB01,,,,,,,,3,ygoprodeck
Yu-Gi-Oh!,French,Yu-Gi-Oh! 5D's World Championship 2009: Stardust Accelerator promotional cards,,WC09,,,,,,,,3,ygoprodeck
Yu-Gi-Oh!,French,Yu-Gi-Oh! 5D's World Championship 2010: Reverse of Arcadia promotional cards,,WC10,,,,,,,,3,ygoprodeck
Yu-Gi-Oh!,French,Yu-Gi-Oh! 5D's World Championship 2011: Over the Nexus promotional cards,,WC11,,,,,,,,3,ygoprodeck
Yu-Gi-Oh!,French,Yu-Gi-Oh! 5D's volume 8 promotional card,,YF08,,,,,,,,1,ygoprodeck
Yu-Gi-Oh!,French,Yu-Gi-Oh! 7 Trials to Glory: World Championship Tournament 2005 promotional cards,,WC5,,,,,,,,3,ygoprodeck
Yu-Gi-Oh!,French,Yu-Gi-Oh! ARC-V Volume 1 promotional card,,YA01,,,,,,,,1,ygoprodeck
Yu-Gi-Oh!,French,Yu-Gi-Oh! ARC-V Volume 2 promotional card,,YA02,,,,,,,,1,ygoprodeck
Yu-Gi-Oh!,French,Yu-Gi-Oh! ARC-V Volume 3 promotional card,,YA03,,,,,,,,1,ygoprodeck
Yu-Gi-Oh!,French,Yu-Gi-Oh! ARC-V Volume 4 promotional card,,YA04,,,,,,,,1,ygoprodeck
Yu-Gi-Oh!,French,Yu-Gi-Oh! ARC-V Volume 7 promotional card,,YA07,,,,,,,,1,ygoprodeck
Yu-Gi-Oh!,French,Yu-Gi-Oh! Advent Calendar (2018),,AC18,,,,,,,,24,ygoprodeck
Yu-Gi-Oh!,French,Yu-Gi-Oh! Advent Calendar (2019),,AC19,,,,,,,,24,ygoprodeck
Yu-Gi-Oh!,French,Yu-Gi-Oh! Capsule Monster Coliseum promotional cards,,CMC,,,,,,,,3,ygoprodeck
Yu-Gi-Oh!,French,Yu-Gi-Oh! Championship Series 2010 Prize Cards,,YCSW,,,,,,,,11,ygoprodeck
Yu-Gi-Oh!,French,Yu-Gi-Oh! Championship Series 2025 prize cards,,25YC,,,,,,,,12,ygoprodeck
Yu-Gi-Oh!,French,Yu-Gi-Oh! Dark Duel Stories promotional cards,,DDS,,,,,,,,6,ygoprodeck
Yu-Gi-Oh!,French,Yu-Gi-Oh! Destiny Board Traveler promotional cards,,DBT,,,,,,,,3,ygoprodeck
Yu-Gi-Oh!,French,Yu-Gi-Oh! Double Pack promotional cards,,ROD,,,,,,,,3,ygoprodeck
Yu-Gi-Oh!,French,Yu-Gi-Oh! Elemental Hero Collection 1,,EHC1,,,,,,,,4,ygoprodeck
Yu-Gi-Oh!,French,Yu-Gi-Oh! Elemental Hero Collection 2,,EHC2,,,,,,,,4,ygoprodeck
Yu-Gi-Oh!,French,Yu-Gi-Oh! Forbidden Memories promotional cards,,FMR,,,,,,,,3,ygoprodeck
Yu-Gi-Oh!,French,Yu-Gi-Oh! GX Card Almanac promotional cards,,YDB1,,,,,,,,3,ygoprodeck
Yu-Gi-Oh!,French,Yu-Gi-Oh! GX Duel Academy promotional cards,,GX1,,,,,,,,3,ygoprodeck
Yu-Gi-Oh!,French,Yu-Gi-Oh! GX Special Edition,,GSE,,,,,,,,1,ygoprodeck
Yu-Gi-Oh!,French,Yu-Gi-Oh! GX Spirit Caller promotional cards,,GX03,,,,,,,,3,ygoprodeck
Yu-Gi-Oh!,French,Yu-Gi-Oh! GX Tag Force 2 promotional cards,,GX04,,,,,,,,3,ygoprodeck
Yu-Gi-Oh!,French,Yu-Gi-Oh! GX Tag Force 3 promotional cards,,GX06,,,,,,,,3,ygoprodeck
Yu-Gi-Oh!,French,Yu-Gi-Oh! GX Tag Force Evolution promotional cards,,GX05,,,,,,,,3,ygoprodeck
Yu-Gi-Oh!,French,Yu-Gi-Oh! GX Tag Force promotional cards,,GX02,,,,,,,,3,ygoprodeck
Yu-Gi-Oh!,French,Yu-Gi-Oh! GX Ultimate Beginner's Pack,,UBP1,,,,,,,,5,ygoprodeck
Yu-Gi-Oh!,French,Yu-Gi-Oh! GX Volume 1 promotional card,,YG01,,,,,,,,1,ygoprodeck
Yu-Gi-Oh!,French,Yu-Gi-Oh! GX Volume 2 promotional card,,YG02,,,,,,,,1,ygoprodeck
Yu-Gi-Oh!,French,Yu-Gi-Oh! GX Volume 3 promotional card,,YG03,,,,,,,,1,ygoprodeck
Yu-Gi-Oh!,French,Yu-Gi-Oh! GX Volume 4 promotional card,,YG04,,,,,,,,1,ygoprodeck
Yu-Gi-Oh!,French,Yu-Gi-Oh! GX Volume 5 promotional card,,YG05,,,,,,,,1,ygoprodeck
Yu-Gi-Oh!,French,Yu-Gi-Oh! GX Volume 6 promotional card,,YG06,,,,,,,,1,ygoprodeck
Yu-Gi-Oh!,French,Yu-Gi-Oh! GX Volume 7 promotional card,,YG07,,,,,,,,1,ygoprodeck
Yu-Gi-Oh!,French,Yu-Gi-Oh! GX Volume 8 promotional card,,YG08,,,,,,,,1,ygoprodeck
Yu-Gi-Oh!,French,Yu-Gi-Oh! GX Volume 9 promotional card,,YG09,,,,,,,,1,ygoprodeck
Yu-Gi-Oh!,French,Yu-Gi-Oh! Legacy of the Duelist: Link Evolution promotional cards,,LOD2,,,,,,,,3,ygoprodeck
Yu-Gi-Oh!,French,Yu-Gi-Oh! Nightmare Troubadour promotional cards,,NTR,,,,,,,,3,ygoprodeck
Yu-Gi-Oh!,French,Yu-Gi-Oh! Power of Chaos: Joey the Passion promotional cards,,PCJ,,,,,,,,3,ygoprodeck
Yu-Gi-Oh!,French,Yu-Gi-Oh! Power of Chaos: Kaiba the Revenge promotional cards,,PCK,,,,,,,,6,ygoprodeck
Yu-Gi-Oh!,French,Yu-Gi-Oh! Power of Chaos: Yugi the Destiny promotional cards,,PCY,,,,,,,,10,ygoprodeck
Yu-Gi-Oh!,French,Yu-Gi-Oh! R Volume 3 promotional card,,YR01,,,,,,,,2,ygoprodeck
Yu-Gi-Oh!,French,Yu-Gi-Oh! R Volume 4 promotional card,,YR04,,,,,,,,1,ygoprodeck
Yu-Gi-Oh!,French,Yu-Gi-Oh! R Volume 5 promotional card,,YR05,,,,,,,,1,ygoprodeck
Yu-Gi-Oh!,French,Yu-Gi-Oh! The Dark Side of Dimensions Blu-ray & DVD promotional card,,MVPC,,,,,,,,1,ygoprodeck
Yu-Gi-Oh!,French,Yu-Gi-Oh! The Dark Side of Dimensions Movie Pack,,MVP1,,,,,,,,185,ygoprodeck
Yu-Gi-Oh!,French,Yu-Gi-Oh! The Dawn of Destiny promotional cards,,DOD,,,,,,,,5,ygoprodeck
Yu-Gi-Oh!,French,Yu-Gi-Oh! The Duelists of the Roses promotional cards,,DOR,,,,,,,,6,ygoprodeck
Yu-Gi-Oh!,French,Yu-Gi-Oh! The Eternal Duelist Soul promotional cards,,EDS,,,,,,,,3,ygoprodeck
Yu-Gi-Oh!,French,Yu-Gi-Oh! The Falsebound Kingdom promotional cards,,TFK,,,,,,,,6,ygoprodeck
Yu-Gi-Oh!,French,Yu-Gi-Oh! The Sacred Cards promotional cards,,TSC,,,,,,,,6,ygoprodeck
Yu-Gi-Oh!,French,Yu-Gi-Oh! Trading Card Game Tour 2004 promotional card,,EM1,,,,,,,,1,ygoprodeck
Yu-Gi-Oh!,French,Yu-Gi-Oh! Ultimate Masters: World Championship Tournament 2006 promotional cards,,WC6,,,,,,,,3,ygoprodeck
Yu-Gi-Oh!,French,Yu-Gi-Oh! World Championship 2005 prize cards,,WCS,,,,,,,,5,ygoprodeck
Yu-Gi-Oh!,French,Yu-Gi-Oh! World Championship 2007 promotional cards,,WC07,,,,,,,,3,ygoprodeck
Yu-Gi-Oh!,French,Yu-Gi-Oh! World Championship 2008 promotional cards,,WC08,,,,,,,,3,ygoprodeck
Yu-Gi-Oh!,French,Yu-Gi-Oh! World Championship 2017 prize cards,,2017,,,,,,,,2,ygoprodeck
Yu-Gi-Oh!,French,Yu-Gi-Oh! World Championship Qualifier National Championships 2011 prize cards,,WQ11,,,,,,,,3,ygoprodeck
Yu-Gi-Oh!,French,Yu-Gi-Oh! World Championship Tournament 2004 promotional cards,,WC4,,,,,,,,6,ygoprodeck
Yu-Gi-Oh!,French,Yu-Gi-Oh! Worldwide Edition: Stairway to the Destined Duel promotional cards,,SDD,,,,,,,,6,ygoprodeck
Yu-Gi-Oh!,French,Yu-Gi-Oh! ZEXAL Volume 1 promotional card,,YZ01,,,,,,,,1,ygoprodeck
Yu-Gi-Oh!,French,Yu-Gi-Oh! ZEXAL Volume 2 promotional card,,YZ02,,,,,,,,1,ygoprodeck
Yu-Gi-Oh!,French,Yu-Gi-Oh! ZEXAL Volume 3 promotional card,,YZ03,,,,,,,,1,ygoprodeck
Yu-Gi-Oh!,French,Yu-Gi-Oh! ZEXAL Volume 4 promotional card,,YZ04,,,,,,,,1,ygoprodeck
Yu-Gi-Oh!,French,Yu-Gi-Oh! ZEXAL Volume 6 promotional card,,YZ06,,,,,,,,1,ygoprodeck
Yu-Gi-Oh!,French,Yu-Gi-Oh! ZEXAL Volume 7 promotional card,,YZ07,,,,,,,,1,ygoprodeck
Yu-Gi-Oh!,French,Yu-Gi-Oh! ZEXAL Volume 8 promotional card,,YZ08,,,,,,,,1,ygoprodeck
Yu-Gi-Oh!,French,Yu-Gi-Oh! ZEXAL World Duel Carnival promotional cards,,ZDC1,,,,,,,,3,ygoprodeck
Yu-Gi-Oh!,French,Yu-Gi-Oh! at Home Sweepstakes,,SBPR,,,,,,,,4,ygoprodeck
Yu-Gi-Oh!,French,Yugi & Kaiba Collector Box,,KACB,,,,,,,,1,ygoprodeck
Yu-Gi-Oh!,French,Yugi's Legendary Decks,,YGLD,,,,,,,,125,ygoprodeck
Yu-Gi-Oh!,French,Zexal Collection Tin,,ZTIN,,,,,,,,24,ygoprodeck
Yu-Gi-Oh!,French,Zombie World Structure Deck,,SDZW,,,,,,,,37,ygoprodeck
Yu-Gi-Oh!,Italian,2-Player Starter Deck: Yuya & Declan,,YS15,,,,,,,,99,ygoprodeck
Yu-Gi-Oh!,Italian,2-Player Starter Set,,STAX,,,,,,,,42,ygoprodeck
Yu-Gi-Oh!,Italian,2-Player Starter Set,,STAS,,,,,,,,41,ygoprodeck
Yu-Gi-Oh!,Italian,2013 Collectible Tins Wave 2,,CT10,,,,,,,,18,ygoprodeck
Yu-Gi-Oh!,Italian,2014 Mega-Tin Mega Pack,,MP14,,,,,,,,247,ygoprodeck
Yu-Gi-Oh!,Italian,2014 Mega-Tins,,CT11,,,,,,,,6,ygoprodeck
Yu-Gi-Oh!,Italian,2015 Mega-Tin Mega Pack,,MP15,,,,,,,,247,ygoprodeck
Yu-Gi-Oh!,Italian,2015 Mega-Tins,,CT12,,,,,,,,6,ygoprodeck
Yu-Gi-Oh!,Italian,2016 Mega-Tin Mega Pack,,MP16,,,,,,,,239,ygoprodeck
Yu-Gi-Oh!,Italian,2016 Mega-Tins,,CT13,,,,,,,,12,ygoprodeck
Yu-Gi-Oh!,Italian,2017 Mega-Tin Mega Pack,,MP17,,,,,,,,239,ygoprodeck
Yu-Gi-Oh!,Italian,2017 Mega-Tins,,CT14,,,,,,,,8,ygoprodeck
Yu-Gi-Oh!,Italian,2018 Mega-Tin Mega Pack,,MP18,,,,,,,,233,ygoprodeck
Yu-Gi-Oh!,Italian,2018 Mega-Tins,,CT15,,,,,,,,10,ygoprodeck
Yu-Gi-Oh!,Italian,2019 Gold Sarcophagus Tin,,TN19,,,,,,,,14,ygoprodeck
Yu-Gi-Oh!,Italian,2019 Gold Sarcophagus Tin Mega Pack,,MP19,,,,,,,,270,ygoprodeck
Yu-Gi-Oh!,Italian,2020 Tin of Lost Memories Mega Pack,,MP20,,,,,,,,249,ygoprodeck
Yu-Gi-Oh!,Italian,2021 Tin of Ancient Battles,,MP21,,,,,,,,258,ygoprodeck
Yu-Gi-Oh!,Italian,2022 Tin of the Pharaoh's Gods,,MP22,,,,,,,,272,ygoprodeck
Yu-Gi-Oh!,Italian,2025 Mega-Pack Tin,,MP25,,,,,,,,75,ygoprodeck
Yu-Gi-Oh!,Italian,25th Anniversary Rarity Collection,,RA01,,,,,,,,79,ygoprodeck
Yu-Gi-Oh!,Italian,25th Anniversary Rarity Collection II,,RA02,,,,,,,,73,ygoprodeck
Yu-Gi-Oh!,Italian,25th Anniversary Tin: Dueling Heroes,,TN23,,,,,,,,8,ygoprodeck
Yu-Gi-Oh!,Italian,25th Anniversary Tin: Dueling Heroes Mega Pack,,MP23,,,,,,,,205,ygoprodeck
Yu-Gi-Oh!,Italian,25th Anniversary Tin: Dueling Mirrors,,MP24,,,,,,,,82,ygoprodeck
Yu-Gi-Oh!,Italian,25th Anniversary Ultimate Kaiba Set,,KC01,,,,,,,,59,ygoprodeck
Yu-Gi-Oh!,Italian,Absolute Powerforce,,ABPF,,,,,,,,103,ygoprodeck
Yu-Gi-Oh!,Italian,Abyss Rising,,ABYR,,,,,,,,103,ygoprodeck
Yu-Gi-Oh!,Italian,Advanced Demo Deck Extra Pack,,DEM4,,,,,,,,10,ygoprodeck
Yu-Gi-Oh!,Italian,Amazing Defenders,,AMDE,,,,,,,,24,ygoprodeck
Yu-Gi-Oh!,Italian,Ancient Guardians,,ANGU,,,,,,,,60,ygoprodeck
Yu-Gi-Oh!,Italian,Ancient Prophecy,,ANPR,,,,,,,,103,ygoprodeck
Yu-Gi-Oh!,Italian,Ancient Sanctuary,,AST,,,,,,,,112,ygoprodeck
Yu-Gi-Oh!,Italian,Anniversary Pack,,YAP1,,,,,,,,7,ygoprodeck
Yu-Gi-Oh!,Italian,Astral Pack Eight,,AP08,,,,,,,,27,ygoprodeck
Yu-Gi-Oh!,Italian,Astral Pack Five,,AP05,,,,,,,,26,ygoprodeck
Yu-Gi-Oh!,Italian,Astral Pack Four,,AP04,,,,,,,,26,ygoprodeck
Yu-Gi-Oh!,Italian,Astral Pack One,,AP01,,,,,,,,25,ygoprodeck
Yu-Gi-Oh!,Italian,Astral Pack Seven,,AP07,,,,,,,,27,ygoprodeck
Yu-Gi-Oh!,Italian,Astral Pack Six,,AP06,,,,,,,,28,ygoprodeck
Yu-Gi-Oh!,Italian,Astral Pack Three,,AP03,,,,,,,,26,ygoprodeck
Yu-Gi-Oh!,Italian,Astral Pack Two,,AP02,,,,,,,,25,ygoprodeck
Yu-Gi-Oh!,Italian,Battle Pack 2: War of the Giants,,BP02,,,,,,,,215,ygoprodeck
Yu-Gi-Oh!,Italian,Battle Pack 3: Monster League,,BP03,,,,,,,,237,ygoprodeck
Yu-Gi-Oh!,Italian,Battle Pack Tournament Prize Cards,,BATT,,,,,,,,20,ygoprodeck
Yu-Gi-Oh!,Italian,Battle Pack: Epic Dawn,,BP01,,,,,,,,220,ygoprodeck
Yu-Gi-Oh!,Italian,Battle of Chaos,,BACH,,,,,,,,101,ygoprodeck
Yu-Gi-Oh!,Italian,Battle of Chaos,,25TH,,,,,,,,1,ygoprodeck
Yu-Gi-Oh!,Italian,Battles of Legend: Armageddon,,BLAR,,,,,,,,94,ygoprodeck
Yu-Gi-Oh!,Italian,Battles of Legend: Chapter 1,,BLC1,,,,,,,,158,ygoprodeck
Yu-Gi-Oh!,Italian,Battles of Legend: Crystal Revenge,,BLCR,,,,,,,,58,ygoprodeck
Yu-Gi-Oh!,Italian,Battles of Legend: Glorious Gallery,,BLGG,,,,,,,,88,ygoprodeck
Yu-Gi-Oh!,Italian,Battles of Legend: Hero's Revenge,,BLHR,,,,,,,,94,ygoprodeck
Yu-Gi-Oh!,Italian,Battles of Legend: Light's Revenge,,BLLR,,,,,,,,80,ygoprodeck
Yu-Gi-Oh!,Italian,Battles of Legend: Monster Mayhem,,BLMM,,,,,,,,129,ygoprodeck
Yu-Gi-Oh!,Italian,Battles of Legend: Monstrous Revenge,,BLMR,,,,,,,,44,ygoprodeck
Yu-Gi-Oh!,Italian,Battles of Legend: Relentless Revenge,,BLRR,,,,,,,,105,ygoprodeck
Yu-Gi-Oh!,Italian,Battles of Legend: Terminal Revenge,,BLTR,,,,,,,,64,ygoprodeck
Yu-Gi-Oh!,Italian,Blazing Dominion,,BLZD,,,,,,,,1,ygoprodeck
Yu-Gi-Oh!,Italian,Blazing Vortex,,BLVO,,,,,,,,102,ygoprodeck
Yu-Gi-Oh!,Italian,Blue-Eyes Alternative White Dragon Sweepstakes,,SBPR,,,,,,,,4,ygoprodeck
Yu-Gi-Oh!,Italian,Breakers of Shadow,,BOSH,,,,,,,,105,ygoprodeck
Yu-Gi-Oh!,Italian,Brothers of Legend,,BROL,,,,,,,,95,ygoprodeck
Yu-Gi-Oh!,Italian,Burst Protocol,,BPRO,,,,,,,,1,ygoprodeck
Yu-Gi-Oh!,Italian,Burst of Destiny,,BODE,,,,,,,,101,ygoprodeck
Yu-Gi-Oh!,Italian,Champion Pack: Game Eight,,CP08,,,,,,,,20,ygoprodeck
Yu-Gi-Oh!,Italian,Champion Pack: Game Five,,CP05,,,,,,,,20,ygoprodeck
Yu-Gi-Oh!,Italian,Champion Pack: Game Four,,CP04,,,,,,,,20,ygoprodeck
Yu-Gi-Oh!,Italian,Champion Pack: Game One,,CP01,,,,,,,,20,ygoprodeck
Yu-Gi-Oh!,Italian,Champion Pack: Game Seven,,CP07,,,,,,,,20,ygoprodeck
Yu-Gi-Oh!,Italian,Champion Pack: Game Six,,CP06,,,,,,,,20,ygoprodeck
Yu-Gi-Oh!,Italian,Champion Pack: Game Three,,CP03,,,,,,,,20,ygoprodeck
Yu-Gi-Oh!,Italian,Champion Pack: Game Two,,CP02,,,,,,,,20,ygoprodeck
Yu-Gi-Oh!,Italian,Chaos Impact,,CHIM,,,,,,,,105,ygoprodeck
Yu-Gi-Oh!,Italian,Circuit Break,,CIBR,,,,,,,,105,ygoprodeck
Yu-Gi-Oh!,Italian,Clash of Rebellions,,CORE,,,,,,,,105,ygoprodeck
Yu-Gi-Oh!,Italian,Code of the Duelist,,COTD,,,,,,,,105,ygoprodeck
Yu-Gi-Oh!,Italian,Collectible Tins 2003,,BPT,,,,,,,,12,ygoprodeck
Yu-Gi-Oh!,Italian,Collectible Tins 2004,,CT1,,,,,,,,6,ygoprodeck
Yu-Gi-Oh!,Italian,Collectible Tins 2005,,CT2,,,,,,,,6,ygoprodeck
Yu-Gi-Oh!,Italian,Collectible Tins 2006 Wave 1,,CT03,,,,,,,,6,ygoprodeck
Yu-Gi-Oh!,Italian,Collectible Tins 2007 Wave 1,,CT04,,,,,,,,6,ygoprodeck
Yu-Gi-Oh!,Italian,Collectible Tins 2008 Wave 1,,CT05,,,,,,,,7,ygoprodeck
Yu-Gi-Oh!,Italian,Collectible Tins 2010 Wave 1,,CT07,,,,,,,,25,ygoprodeck
Yu-Gi-Oh!,Italian,Collectible Tins 2011 Wave 2,,CT08,,,,,,,,18,ygoprodeck
Yu-Gi-Oh!,Italian,Collectible Tins 2012 Wave 2.5,,CT09,,,,,,,,23,ygoprodeck
Yu-Gi-Oh!,Italian,Collectible Tins Exclusive 2009,,CT06,,,,,,,,8,ygoprodeck
Yu-Gi-Oh!,Italian,Cosmo Blazer,,CBLZ,,,,,,,,103,ygoprodeck
Yu-Gi-Oh!,Italian,Crimson Crisis,,CRMS,,,,,,,,100,ygoprodeck
Yu-Gi-Oh!,Italian,Crossed Souls,,CROS,,,,,,,,105,ygoprodeck
Yu-Gi-Oh!,Italian,Crossover Breakers,,CRBR,,,,,,,,30,ygoprodeck
Yu-Gi-Oh!,Italian,Crossroads of Chaos,,CSOC,,,,,,,,103,ygoprodeck
Yu-Gi-Oh!,Italian,Cyber Dragon Revolution Structure Deck,,SDCR,,,,,,,,38,ygoprodeck
Yu-Gi-Oh!,Italian,Cyberdark Impact,,CDIP,,,,,,,,60,ygoprodeck
Yu-Gi-Oh!,Italian,Cyberdark Impact Sneak Peek Participation Card,,SP02,,,,,,,,2,ygoprodeck
Yu-Gi-Oh!,Italian,Cybernetic Horizon,,CYHO,,,,,,,,105,ygoprodeck
Yu-Gi-Oh!,Italian,Cybernetic Revolution,,CRV,,,,,,,,60,ygoprodeck
Yu-Gi-Oh!,Italian,Cyberstorm Access,,CYAC,,,,,,,,1,ygoprodeck
Yu-Gi-Oh!,Italian,Dark Beginning 1,,DB1,,,,,,,,250,ygoprodeck
Yu-Gi-Oh!,Italian,Dark Beginning 1,,DARK-BEGINNING-1,,,,,,,,12,ygoprodeck
Yu-Gi-Oh!,Italian,Dark Beginning 2,,DB2,,,,,,,,250,ygoprodeck
Yu-Gi-Oh!,Italian,Dark Beginning 2,,DB,,,,,,,,14,ygoprodeck
Yu-Gi-Oh!,Italian,Dark Crisis,,DCR,,,,,,,,212,ygoprodeck
Yu-Gi-Oh!,Italian,Dark Legends,,DLG1,,,,,,,,113,ygoprodeck
Yu-Gi-Oh!,Italian,Dark Neostorm,,DANE,,,,,,,,105,ygoprodeck
Yu-Gi-Oh!,Italian,Dark Revelation Volume 1,,DR1,,,,,,,,267,ygoprodeck
Yu-Gi-Oh!,Italian,Dark Revelation Volume 2,,DR2,,,,,,,,228,ygoprodeck
Yu-Gi-Oh!,Italian,Dark Revelation Volume 3,,DR3,,,,,,,,240,ygoprodeck
Yu-Gi-Oh!,Italian,Dark Revelation Volume 4,,DR04,,,,,,,,245,ygoprodeck
Yu-Gi-Oh!,Italian,Dark Saviors,,DASA,,,,,,,,60,ygoprodeck
Yu-Gi-Oh!,Italian,Darkwing Blast,,DABL,,,,,,,,1,ygoprodeck
Yu-Gi-Oh!,Italian,Dawn of Majesty,,DAMA,,,,,,,,102,ygoprodeck
Yu-Gi-Oh!,Italian,Demo Deck 2015,,DEM2,,,,,,,,20,ygoprodeck
Yu-Gi-Oh!,Italian,Demo Deck 2016,,DEM3,,,,,,,,20,ygoprodeck
Yu-Gi-Oh!,Italian,Demo Pack,,DEM1,,,,,,,,20,ygoprodeck
Yu-Gi-Oh!,Italian,Destiny Soldiers,,DESO,,,,,,,,60,ygoprodeck
Yu-Gi-Oh!,Italian,Dimension Force,,DIFO,,,,,,,,101,ygoprodeck
Yu-Gi-Oh!,Italian,Dimension of Chaos,,DOCS,,,,,,,,105,ygoprodeck
Yu-Gi-Oh!,Italian,Dinosmasher's Fury Structure Deck,,SR04,,,,,,,,39,ygoprodeck
Yu-Gi-Oh!,Italian,Doom of Dimensions,,DOOD,,,,,,,,1,ygoprodeck
Yu-Gi-Oh!,Italian,Dragons Collide Structure Deck,,SDDC,,,,,,,,40,ygoprodeck
Yu-Gi-Oh!,Italian,Dragons of Legend,,DRLG,,,,,,,,51,ygoprodeck
Yu-Gi-Oh!,Italian,Dragons of Legend 2,,DRL2,,,,,,,,45,ygoprodeck
Yu-Gi-Oh!,Italian,Dragons of Legend: The Complete Series,,DLCS,,,,,,,,149,ygoprodeck
Yu-Gi-Oh!,Italian,Dragons of Legend: Unleashed,,DRL3,,,,,,,,73,ygoprodeck
Yu-Gi-Oh!,Italian,Dragunity Legion Structure Deck,,SDDL,,,,,,,,39,ygoprodeck
Yu-Gi-Oh!,Italian,Duel Devastator,,DUDE,,,,,,,,56,ygoprodeck
Yu-Gi-Oh!,Italian,Duel Disk - Yusei Version,,DDY1,,,,,,,,1,ygoprodeck
Yu-Gi-Oh!,Italian,Duel Master's Guide promotional cards,,DMG,,,,,,,,1,ygoprodeck
Yu-Gi-Oh!,Italian,Duel Overload,,DUOV,,,,,,,,100,ygoprodeck
Yu-Gi-Oh!,Italian,Duel Power,,DUPO,,,,,,,,106,ygoprodeck
Yu-Gi-Oh!,Italian,Duel Terminal - Preview Wave 1,,DTP1,,,,,,,,31,ygoprodeck
Yu-Gi-Oh!,Italian,Duel Terminal 1,,DT01,,,,,,,,100,ygoprodeck
Yu-Gi-Oh!,Italian,Duel Terminal 2,,DT02,,,,,,,,100,ygoprodeck
Yu-Gi-Oh!,Italian,Duel Terminal 3,,DT03,,,,,,,,100,ygoprodeck
Yu-Gi-Oh!,Italian,Duel Terminal 4,,DT04,,,,,,,,100,ygoprodeck
Yu-Gi-Oh!,Italian,Duel Terminal 5b,,DT05,,,,,,,,100,ygoprodeck
Yu-Gi-Oh!,Italian,Duel Terminal 6a,,DT06,,,,,,,,100,ygoprodeck
Yu-Gi-Oh!,Italian,Duel Terminal 7a,,DT07,,,,,,,,100,ygoprodeck
Yu-Gi-Oh!,Italian,Duelist Alliance,,DUEA,,,,,,,,108,ygoprodeck
Yu-Gi-Oh!,Italian,Duelist League 13 participation cards,,DL13,,,,,,,,20,ygoprodeck
Yu-Gi-Oh!,Italian,Duelist League 14 participation cards,,DL14,,,,,,,,20,ygoprodeck
Yu-Gi-Oh!,Italian,Duelist League 15 participation cards,,DL15,,,,,,,,20,ygoprodeck
Yu-Gi-Oh!,Italian,Duelist League 16 participation cards,,DL16,,,,,,,,20,ygoprodeck
Yu-Gi-Oh!,Italian,Duelist League 17 participation cards,,DL17,,,,,,,,20,ygoprodeck
Yu-Gi-Oh!,Italian,Duelist League 18 participation cards,,DL18,,,,,,,,20,ygoprodeck
Yu-Gi-Oh!,Italian,Duelist League 2 participation cards,,DL11,,,,,,,,20,ygoprodeck
Yu-Gi-Oh!,Italian,Duelist League 2010 participation cards,,DL09,,,,,,,,20,ygoprodeck
Yu-Gi-Oh!,Italian,Duelist League 3 participation cards,,DL12,,,,,,,,20,ygoprodeck
Yu-Gi-Oh!,Italian,Duelist League Demo 2010,,DLDI,,,,,,,,5,ygoprodeck
Yu-Gi-Oh!,Italian,Duelist League Series 1 participation cards,,DL1,,,,,,,,4,ygoprodeck
Yu-Gi-Oh!,Italian,Duelist League Series 10 participation card,,DL10,,,,,,,,1,ygoprodeck
Yu-Gi-Oh!,Italian,Duelist League Series 2 participation cards,,DL2,,,,,,,,4,ygoprodeck
Yu-Gi-Oh!,Italian,Duelist League Series 3 participation card,,DL3,,,,,,,,1,ygoprodeck
Yu-Gi-Oh!,Italian,Duelist League Series 4 participation card,,DL4,,,,,,,,1,ygoprodeck
Yu-Gi-Oh!,Italian,Duelist League Series 5 participation card,,DL5,,,,,,,,1,ygoprodeck
Yu-Gi-Oh!,Italian,Duelist League Series 6 participation card,,DL6,,,,,,,,1,ygoprodeck
Yu-Gi-Oh!,Italian,Duelist League Series 7 participation card,,DL7,,,,,,,,1,ygoprodeck
Yu-Gi-Oh!,Italian,Duelist League Series 8 participation card,,DL8,,,,,,,,1,ygoprodeck
Yu-Gi-Oh!,Italian,Duelist League Series 9 participation card,,DL9,,,,,,,,1,ygoprodeck
Yu-Gi-Oh!,Italian,Duelist Pack Collection Tin 2010,,DPCT,,,,,,,,14,ygoprodeck
Yu-Gi-Oh!,Italian,Duelist Pack Collection Tin 2011,,DPC5,,,,,,,,3,ygoprodeck
Yu-Gi-Oh!,Italian,Duelist Pack: Aster Phoenix,,DP05,,,,,,,,30,ygoprodeck
Yu-Gi-Oh!,Italian,Duelist Pack: Battle City,,DPBC,,,,,,,,47,ygoprodeck
Yu-Gi-Oh!,Italian,Duelist Pack: Chazz Princeton,,DP2,,,,,,,,30,ygoprodeck
Yu-Gi-Oh!,Italian,Duelist Pack: Crow,,DP11,,,,,,,,30,ygoprodeck
Yu-Gi-Oh!,Italian,Duelist Pack: Dimensional Guardians,,DPDG,,,,,,,,45,ygoprodeck
Yu-Gi-Oh!,Italian,Duelist Pack: Jaden Yuki,,DP1,,,,,,,,30,ygoprodeck
Yu-Gi-Oh!,Italian,Duelist Pack: Jaden Yuki 2,,DP03,,,,,,,,30,ygoprodeck
Yu-Gi-Oh!,Italian,Duelist Pack: Jaden Yuki 3,,DP06,,,,,,,,25,ygoprodeck
Yu-Gi-Oh!,Italian,Duelist Pack: Jesse Anderson,,DP07,,,,,,,,25,ygoprodeck
Yu-Gi-Oh!,Italian,Duelist Pack: Kaiba,,DPKB,,,,,,,,40,ygoprodeck
Yu-Gi-Oh!,Italian,Duelist Pack: Rivals of the Pharaoh,,DPRP,,,,,,,,46,ygoprodeck
Yu-Gi-Oh!,Italian,Duelist Pack: Special Edition,,DPK,,,,,,,,3,ygoprodeck
Yu-Gi-Oh!,Italian,Duelist Pack: Yugi,,DPYG,,,,,,,,30,ygoprodeck
Yu-Gi-Oh!,Italian,Duelist Pack: Yusei,,DP08,,,,,,,,30,ygoprodeck
Yu-Gi-Oh!,Italian,Duelist Pack: Yusei 2,,DP09,,,,,,,,30,ygoprodeck
Yu-Gi-Oh!,Italian,Duelist Pack: Yusei 3,,DP10,,,,,,,,30,ygoprodeck
Yu-Gi-Oh!,Italian,Duelist Pack: Zane Truesdale,,DP04,,,,,,,,30,ygoprodeck
Yu-Gi-Oh!,Italian,Duelist Revolution,,DREV,,,,,,,,103,ygoprodeck
Yu-Gi-Oh!,Italian,Duelist Saga,,DUSA,,,,,,,,100,ygoprodeck
Yu-Gi-Oh!,Italian,EFootball collaboration cards,,EFC1,,,,,,,,1,ygoprodeck
Yu-Gi-Oh!,Italian,Egyptian God Deck: Obelisk the Tormentor,,EGO1,,,,,,,,35,ygoprodeck
Yu-Gi-Oh!,Italian,Egyptian God Deck: Slifer the Sky Dragon,,EGS1,,,,,,,,38,ygoprodeck
Yu-Gi-Oh!,Italian,Elemental Energy,,EEN,,,,,,,,64,ygoprodeck
Yu-Gi-Oh!,Italian,Emperor of Darkness Structure Deck,,SR01,,,,,,,,41,ygoprodeck
Yu-Gi-Oh!,Italian,Enemy of Justice,,EOJ,,,,,,,,60,ygoprodeck
Yu-Gi-Oh!,Italian,Eternity Code,,ETCO,,,,,,,,102,ygoprodeck
Yu-Gi-Oh!,Italian,Event Pack Speed Duel,,EVSD,,,,,,,,6,ygoprodeck
Yu-Gi-Oh!,Italian,Exclusive Pack,,EP1,,,,,,,,9,ygoprodeck
Yu-Gi-Oh!,Italian,Extreme Force,,EXFO,,,,,,,,105,ygoprodeck
Yu-Gi-Oh!,Italian,Extreme Victory,,EXVC,,,,,,,,101,ygoprodeck
Yu-Gi-Oh!,Italian,Fire Fists: Special Edition,,FFSE,,,,,,,,1,ygoprodeck
Yu-Gi-Oh!,Italian,Fists of the Gadgets,,FIGA,,,,,,,,60,ygoprodeck
Yu-Gi-Oh!,Italian,Flames of Destruction Special Edition,,FLOD,,,,,,,,105,ygoprodeck
Yu-Gi-Oh!,Italian,Flaming Eternity,,FET,,,,,,,,60,ygoprodeck
Yu-Gi-Oh!,Italian,Flaming Eternity Sneak Peek Participation Card,,SP1,,,,,,,,4,ygoprodeck
Yu-Gi-Oh!,Italian,Forbidden Legacy,,FL1,,,,,,,,3,ygoprodeck
Yu-Gi-Oh!,Italian,Force of the Breaker,,FOTB,,,,,,,,72,ygoprodeck
Yu-Gi-Oh!,Italian,Fusion Enforcers,,FUEN,,,,,,,,60,ygoprodeck
Yu-Gi-Oh!,Italian,GX Next Generation,,GXNG,,,,,,,,1,ygoprodeck
Yu-Gi-Oh!,Italian,Galactic Overlord,,GAOV,,,,,,,,101,ygoprodeck
Yu-Gi-Oh!,Italian,Gates of the Underworld Structure Deck,,SDGU,,,,,,,,39,ygoprodeck
Yu-Gi-Oh!,Italian,Geargia Rampage Structure Deck,,SDGR,,,,,,,,35,ygoprodeck
Yu-Gi-Oh!,Italian,Generation Force,,GENF,,,,,,,,103,ygoprodeck
Yu-Gi-Oh!,Italian,Genesis Impact,,GEIM,,,,,,,,60,ygoprodeck
Yu-Gi-Oh!,Italian,Ghosts From the Past,,GFTP,,,,,,,,132,ygoprodeck
Yu-Gi-Oh!,Italian,Ghosts From the Past: The 2nd Haunting,,GFP2,,,,,,,,182,ygoprodeck
Yu-Gi-Oh!,Italian,Ghosts From the Past: The 2nd Haunting,,GTP2,,,,,,,,3,ygoprodeck
Yu-Gi-Oh!,Italian,Gladiator's Assault,,GLAS,,,,,,,,98,ygoprodeck
Yu-Gi-Oh!,Italian,Gold Series,,GLD1,,,,,,,,45,ygoprodeck
Yu-Gi-Oh!,Italian,Gold Series 2009,,GLD2,,,,,,,,50,ygoprodeck
Yu-Gi-Oh!,Italian,Gold Series 3,,GLD3,,,,,,,,50,ygoprodeck
Yu-Gi-Oh!,Italian,Gold Series 4: Pyramids Edition,,GLD4,,,,,,,,50,ygoprodeck
Yu-Gi-Oh!,Italian,Gold Series: Haunted Mine,,GLD5,,,,,,,,55,ygoprodeck
Yu-Gi-Oh!,Italian,HERO Strike Structure Deck,,SDHS,,,,,,,,45,ygoprodeck
Yu-Gi-Oh!,Italian,Hidden Arsenal,,HA01,,,,,,,,30,ygoprodeck
Yu-Gi-Oh!,Italian,Hidden Arsenal 2,,HA02,,,,,,,,60,ygoprodeck
Yu-Gi-Oh!,Italian,Hidden Arsenal 3,,HA03,,,,,,,,60,ygoprodeck
Yu-Gi-Oh!,Italian,Hidden Arsenal 4: Trishula's Triumph,,HA04,,,,,,,,60,ygoprodeck
Yu-Gi-Oh!,Italian,Hidden Arsenal 5: Steelswarm Invasion,,HA05,,,,,,,,60,ygoprodeck
Yu-Gi-Oh!,Italian,Hidden Arsenal 5: Steelswarm Invasion: Special Edition,,H5SE,,,,,,,,2,ygoprodeck
Yu-Gi-Oh!,Italian,Hidden Arsenal 6: Omega Xyz,,HA06,,,,,,,,60,ygoprodeck
Yu-Gi-Oh!,Italian,Hidden Arsenal 7: Knight of Stars,,HA07,,,,,,,,70,ygoprodeck
Yu-Gi-Oh!,Italian,Hidden Arsenal: Chapter 1,,HAC1,,,,,,,,173,ygoprodeck
Yu-Gi-Oh!,Italian,Hidden Arsenal: Special Edition,,HASE,,,,,,,,2,ygoprodeck
Yu-Gi-Oh!,Italian,Hidden Summoners,,HISU,,,,,,,,60,ygoprodeck
Yu-Gi-Oh!,Italian,High-Speed Riders,,HSRD,,,,,,,,60,ygoprodeck
Yu-Gi-Oh!,Italian,Hobby League 1 participation cards C,,HL1,,,,,,,,6,ygoprodeck
Yu-Gi-Oh!,Italian,Hobby League 2 participation card E,,HL2,,,,,,,,6,ygoprodeck
Yu-Gi-Oh!,Italian,Hobby League 3 participation card G,,HL03,,,,,,,,7,ygoprodeck
Yu-Gi-Oh!,Italian,Hobby League 4 participation card D,,HL04,,,,,,,,6,ygoprodeck
Yu-Gi-Oh!,Italian,Hobby League 5 participation card A,,HL05,,,,,,,,6,ygoprodeck
Yu-Gi-Oh!,Italian,Hobby League 6 participation card F,,HL06,,,,,,,,6,ygoprodeck
Yu-Gi-Oh!,Italian,Hobby League 7 participation card E,,HL07,,,,,,,,6,ygoprodeck
Yu-Gi-Oh!,Italian,Ignition Assault,,IGAS,,,,,,,,105,ygoprodeck
Yu-Gi-Oh!,Italian,Invasion of Chaos,,IOC,,,,,,,,228,ygoprodeck
Yu-Gi-Oh!,Italian,Invasion: Vengeance: Special Edition,,INOV,,,,,,,,105,ygoprodeck
Yu-Gi-Oh!,Italian,Judgment of the Light,,JOTL,,,,,,,,105,ygoprodeck
Yu-Gi-Oh!,Italian,Justice Hunters,,JUSH,,,,,,,,25,ygoprodeck
Yu-Gi-Oh!,Italian,KC Grand Tournament 2021 prize card,,2021,,,,,,,,1,ygoprodeck
Yu-Gi-Oh!,Italian,KC Grand Tournament prize card,,2020,,,,,,,,1,ygoprodeck
Yu-Gi-Oh!,Italian,King's Court,,KICO,,,,,,,,65,ygoprodeck
Yu-Gi-Oh!,Italian,Labyrinth of Nightmare,,LON,,,,,,,,315,ygoprodeck
Yu-Gi-Oh!,Italian,Legacy of Darkness,,LOD,,,,,,,,202,ygoprodeck
Yu-Gi-Oh!,Italian,Legacy of the Valiant,,LVAL,,,,,,,,105,ygoprodeck
Yu-Gi-Oh!,Italian,Legend of Blue Eyes White Dragon,,LOB,,,,,,,,355,ygoprodeck
Yu-Gi-Oh!,Italian,Legendary 5D&apos;s Decks,,L5DD,,,,,,,,82,ygoprodeck
Yu-Gi-Oh!,Italian,Legendary Arc-V Decks,,LAVD,,,,,,,,86,ygoprodeck
Yu-Gi-Oh!,Italian,Legendary Collection,,LC01,,,,,,,,3,ygoprodeck
Yu-Gi-Oh!,Italian,Legendary Collection 2: The Duel Academy Years,,LC02,,,,,,,,13,ygoprodeck
Yu-Gi-Oh!,Italian,Legendary Collection 2: The Duel Academy Years Mega Pack,,LCGX,,,,,,,,266,ygoprodeck
Yu-Gi-Oh!,Italian,Legendary Collection 3: Yugi's World,,LC03,,,,,,,,4,ygoprodeck
Yu-Gi-Oh!,Italian,Legendary Collection 3: Yugi's World Mega Pack,,LCYW,,,,,,,,306,ygoprodeck
Yu-Gi-Oh!,Italian,Legendary Collection 4: Joey's World,,LC04,,,,,,,,6,ygoprodeck
Yu-Gi-Oh!,Italian,Legendary Collection 4: Joey's World Mega Pack,,LCJW,,,,,,,,298,ygoprodeck
Yu-Gi-Oh!,Italian,Legendary Collection 5D's,,LC05,,,,,,,,5,ygoprodeck
Yu-Gi-Oh!,Italian,Legendary Collection 5D's Mega Pack,,LC5D,,,,,,,,256,ygoprodeck
Yu-Gi-Oh!,Italian,Legendary Collection Kaiba,,LC06,,,,,,,,5,ygoprodeck
Yu-Gi-Oh!,Italian,Legendary Collection Kaiba Mega Pack,,LCKC,,,,,,,,110,ygoprodeck
Yu-Gi-Oh!,Italian,Legendary Decks II,,LDK2,,,,,,,,130,ygoprodeck
Yu-Gi-Oh!,Italian,Legendary Dragon Decks,,LEDD,,,,,,,,111,ygoprodeck
Yu-Gi-Oh!,Italian,Legendary Duelists,,LEDU,,,,,,,,52,ygoprodeck
Yu-Gi-Oh!,Italian,Legendary Duelists: Ancient Millennium,,LED2,,,,,,,,53,ygoprodeck
Yu-Gi-Oh!,Italian,Legendary Duelists: Duels From the Deep,,LED9,,,,,,,,57,ygoprodeck
Yu-Gi-Oh!,Italian,Legendary Duelists: Immortal Destiny,,LED5,,,,,,,,58,ygoprodeck
Yu-Gi-Oh!,Italian,Legendary Duelists: Magical Hero,,LED6,,,,,,,,56,ygoprodeck
Yu-Gi-Oh!,Italian,Legendary Duelists: Rage of Ra,,LED7,,,,,,,,57,ygoprodeck
Yu-Gi-Oh!,Italian,Legendary Duelists: Season 1,,LDS1,,,,,,,,121,ygoprodeck
Yu-Gi-Oh!,Italian,Legendary Duelists: Season 2,,LDS2,,,,,,,,131,ygoprodeck
Yu-Gi-Oh!,Italian,Legendary Duelists: Season 3,,LDS3,,,,,,,,138,ygoprodeck
Yu-Gi-Oh!,Italian,Legendary Duelists: Sisters of the Rose,,LED4,,,,,,,,56,ygoprodeck
Yu-Gi-Oh!,Italian,Legendary Duelists: Soulburning Volcano,,LD10,,,,,,,,40,ygoprodeck
Yu-Gi-Oh!,Italian,Legendary Duelists: Synchro Storm,,LED8,,,,,,,,56,ygoprodeck
Yu-Gi-Oh!,Italian,Legendary Duelists: White Dragon Abyss,,LED3,,,,,,,,56,ygoprodeck
Yu-Gi-Oh!,Italian,Legendary Hero Decks,,LEHD,,,,,,,,117,ygoprodeck
Yu-Gi-Oh!,Italian,Legendary Modern Decks 2026,,L26D,,,,,,,,74,ygoprodeck
Yu-Gi-Oh!,Italian,Light and Darkness Power Pack,,LDPP,,,,,,,,1,ygoprodeck
Yu-Gi-Oh!,Italian,Light of Destruction,,LODT,,,,,,,,103,ygoprodeck
Yu-Gi-Oh!,Italian,Lightning Overdrive,,LIOV,,,,,,,,102,ygoprodeck
Yu-Gi-Oh!,Italian,Limited Pack World Championship 2025,,25LP,,,,,,,,2,ygoprodeck
Yu-Gi-Oh!,Italian,Lord of the Tachyon Galaxy,,LTGY,,,,,,,,101,ygoprodeck
Yu-Gi-Oh!,Italian,Lost Sanctuary Structure Deck,,SDLS,,,,,,,,38,ygoprodeck
Yu-Gi-Oh!,Italian,Machina Mayhem Structure Deck,,SDMM,,,,,,,,37,ygoprodeck
Yu-Gi-Oh!,Italian,Machine Reactor Structure Deck,,SR03,,,,,,,,40,ygoprodeck
Yu-Gi-Oh!,Italian,Magic Ruler,,MRL,,,,,,,,235,ygoprodeck
Yu-Gi-Oh!,Italian,Magician's Force,,MFC,,,,,,,,108,ygoprodeck
Yu-Gi-Oh!,Italian,Magnificent Maestros,,MAMS,,,,,,,,4,ygoprodeck
Yu-Gi-Oh!,Italian,Magnificent Mavens,,MAMA,,,,,,,,97,ygoprodeck
Yu-Gi-Oh!,Italian,Master Collection Volume 1,,MC1,,,,,,,,6,ygoprodeck
Yu-Gi-Oh!,Italian,Master Collection Volume 2,,MC2,,,,,,,,6,ygoprodeck
Yu-Gi-Oh!,Italian,Master of Pendulum Structure Deck,,SDMP,,,,,,,,43,ygoprodeck
Yu-Gi-Oh!,Italian,Mattel Action Figure promotional cards: Series 1,,MF01,,,,,,,,1,ygoprodeck
Yu-Gi-Oh!,Italian,Mattel Action Figure promotional cards: Series 2,,MF02,,,,,,,,4,ygoprodeck
Yu-Gi-Oh!,Italian,Mattel Action Figure promotional cards: Series 3,,MF03,,,,,,,,11,ygoprodeck
Yu-Gi-Oh!,Italian,Maximum Crisis,,MACR,,,,,,,,105,ygoprodeck
Yu-Gi-Oh!,Italian,Maximum Gold,,MAGO,,,,,,,,162,ygoprodeck
Yu-Gi-Oh!,Italian,Maximum Gold: El Dorado,,MGED,,,,,,,,151,ygoprodeck
Yu-Gi-Oh!,Italian,Maze of Memories,,MAZE,,,,,,,,37,ygoprodeck
Yu-Gi-Oh!,Italian,Maze of Millennia,,MZMI,,,,,,,,37,ygoprodeck
Yu-Gi-Oh!,Italian,Maze of Muertos,,MZMU,,,,,,,,61,ygoprodeck
Yu-Gi-Oh!,Italian,Maze of the Master,,MZTM,,,,,,,,50,ygoprodeck
Yu-Gi-Oh!,Italian,McDonald's Promotional Cards,,MP1,,,,,,,,13,ygoprodeck
Yu-Gi-Oh!,Italian,McDonald's Promotional Cards 2,,MDP2,,,,,,,,12,ygoprodeck
Yu-Gi-Oh!,Italian,Metal Raiders,,MRD,,,,,,,,432,ygoprodeck
Yu-Gi-Oh!,Italian,Millennium Pack,,MIL1,,,,,,,,48,ygoprodeck
Yu-Gi-Oh!,Italian,Movie Pack,,MOV,,,,,,,,4,ygoprodeck
Yu-Gi-Oh!,Italian,Mystic Fighters,,MYFI,,,,,,,,60,ygoprodeck
Yu-Gi-Oh!,Italian,Nike collaboration cards,,NKC1,,,,,,,,1,ygoprodeck
Yu-Gi-Oh!,Italian,Noble Knights of the Round Table Box Set,,NKRT,,,,,,,,44,ygoprodeck
Yu-Gi-Oh!,Italian,Number Hunters,,NUMH,,,,,,,,60,ygoprodeck
Yu-Gi-Oh!,Italian,OTS Tournament Pack 1,,OP01,,,,,,,,27,ygoprodeck
Yu-Gi-Oh!,Italian,OTS Tournament Pack 10 (POR),,OP10,,,,,,,,60,ygoprodeck
Yu-Gi-Oh!,Italian,OTS Tournament Pack 11,,OP11,,,,,,,,55,ygoprodeck
Yu-Gi-Oh!,Italian,OTS Tournament Pack 12,,OP12,,,,,,,,60,ygoprodeck
Yu-Gi-Oh!,Italian,OTS Tournament Pack 13,,OP13,,,,,,,,59,ygoprodeck
Yu-Gi-Oh!,Italian,OTS Tournament Pack 14,,OP14,,,,,,,,60,ygoprodeck
Yu-Gi-Oh!,Italian,OTS Tournament Pack 15,,OP15,,,,,,,,62,ygoprodeck
Yu-Gi-Oh!,Italian,OTS Tournament Pack 16,,OP16,,,,,,,,62,ygoprodeck
Yu-Gi-Oh!,Italian,OTS Tournament Pack 17,,OP17,,,,,,,,60,ygoprodeck
Yu-Gi-Oh!,Italian,OTS Tournament Pack 18,,OP18,,,,,,,,60,ygoprodeck
Yu-Gi-Oh!,Italian,OTS Tournament Pack 19,,OP19,,,,,,,,65,ygoprodeck
Yu-Gi-Oh!,Italian,OTS Tournament Pack 2,,OP02,,,,,,,,27,ygoprodeck
Yu-Gi-Oh!,Italian,OTS Tournament Pack 20,,OP20,,,,,,,,26,ygoprodeck
Yu-Gi-Oh!,Italian,OTS Tournament Pack 21,,OP21,,,,,,,,20,ygoprodeck
Yu-Gi-Oh!,Italian,OTS Tournament Pack 22,,OP22,,,,,,,,21,ygoprodeck
Yu-Gi-Oh!,Italian,OTS Tournament Pack 23,,OP23,,,,,,,,21,ygoprodeck
Yu-Gi-Oh!,Italian,OTS Tournament Pack 24,,OP24,,,,,,,,20,ygoprodeck
Yu-Gi-Oh!,Italian,OTS Tournament Pack 25,,OP25,,,,,,,,23,ygoprodeck
Yu-Gi-Oh!,Italian,OTS Tournament Pack 26,,OP26,,,,,,,,24,ygoprodeck
Yu-Gi-Oh!,Italian,OTS Tournament Pack 27,,OP27,,,,,,,,19,ygoprodeck
Yu-Gi-Oh!,Italian,OTS Tournament Pack 28,,OP28,,,,,,,,19,ygoprodeck
Yu-Gi-Oh!,Italian,OTS Tournament Pack 29,,OP29,,,,,,,,16,ygoprodeck
Yu-Gi-Oh!,Italian,OTS Tournament Pack 3,,OP03,,,,,,,,27,ygoprodeck
Yu-Gi-Oh!,Italian,OTS Tournament Pack 30,,OP30,,,,,,,,16,ygoprodeck
Yu-Gi-Oh!,Italian,OTS Tournament Pack 4,,OP04,,,,,,,,27,ygoprodeck
Yu-Gi-Oh!,Italian,OTS Tournament Pack 5,,OP05,,,,,,,,27,ygoprodeck
Yu-Gi-Oh!,Italian,OTS Tournament Pack 6,,OP06,,,,,,,,26,ygoprodeck
Yu-Gi-Oh!,Italian,OTS Tournament Pack 7,,OP07,,,,,,,,60,ygoprodeck
Yu-Gi-Oh!,Italian,OTS Tournament Pack 8 (POR),,OP08,,,,,,,,62,ygoprodeck
Yu-Gi-Oh!,Italian,OTS Tournament Pack 9 (POR),,OP09,,,,,,,,62,ygoprodeck
Yu-Gi-Oh!,Italian,Onslaught of the Fire Kings Structure Deck,,SDOK,,,,,,,,39,ygoprodeck
Yu-Gi-Oh!,Italian,Order of Chaos,,ORCS,,,,,,,,103,ygoprodeck
Yu-Gi-Oh!,Italian,Pendulum Domination Structure Deck,,SDPD,,,,,,,,43,ygoprodeck
Yu-Gi-Oh!,Italian,Pendulum Evolution,,PEVO,,,,,,,,60,ygoprodeck
Yu-Gi-Oh!,Italian,Phantom Darkness,,PTDN,,,,,,,,103,ygoprodeck
Yu-Gi-Oh!,Italian,Phantom Rage,,PHRA,,,,,,,,102,ygoprodeck
Yu-Gi-Oh!,Italian,Phantom Revenge,,PHRE,,,,,,,,19,ygoprodeck
Yu-Gi-Oh!,Italian,Pharaoh Tour 2005 promotional cards,,PT1,,,,,,,,2,ygoprodeck
Yu-Gi-Oh!,Italian,Pharaoh Tour 2006 promotional cards,,PT02,,,,,,,,2,ygoprodeck
Yu-Gi-Oh!,Italian,Pharaoh Tour 2007 promotional cards,,PT03,,,,,,,,2,ygoprodeck
Yu-Gi-Oh!,Italian,Pharaoh's Servant,,PSV,,,,,,,,315,ygoprodeck
Yu-Gi-Oh!,Italian,Pharaonic Guardian,,PGD,,,,,,,,107,ygoprodeck
Yu-Gi-Oh!,Italian,Photon Hypernova,,PHHY,,,,,,,,1,ygoprodeck
Yu-Gi-Oh!,Italian,Photon Shockwave,,PHSW,,,,,,,,101,ygoprodeck
Yu-Gi-Oh!,Italian,Power of the Duelist,,POTD,,,,,,,,60,ygoprodeck
Yu-Gi-Oh!,Italian,Power of the Elements,,POTE,,,,,,,,101,ygoprodeck
Yu-Gi-Oh!,Italian,Premium Collection Tin,,PRC1,,,,,,,,25,ygoprodeck
Yu-Gi-Oh!,Italian,Premium Gold,,PGLD,,,,,,,,90,ygoprodeck
Yu-Gi-Oh!,Italian,Premium Gold: Infinite Gold,,PGL3,,,,,,,,100,ygoprodeck
Yu-Gi-Oh!,Italian,Premium Gold: Return of the Bling,,PGL2,,,,,,,,91,ygoprodeck
Yu-Gi-Oh!,Italian,Premium Pack (TCG),,PP01,,,,,,,,15,ygoprodeck
Yu-Gi-Oh!,Italian,Premium Pack 2 (TCG),,PP02,,,,,,,,20,ygoprodeck
Yu-Gi-Oh!,Italian,Primal Origin,,PRIO,,,,,,,,106,ygoprodeck
Yu-Gi-Oh!,Italian,Quarter Century Bonanza,,RA03,,,,,,,,265,ygoprodeck
Yu-Gi-Oh!,Italian,Quarter Century Stampede,,RA04,,,,,,,,274,ygoprodeck
Yu-Gi-Oh!,Italian,Ra Yellow Mega Pack,,RYMP,,,,,,,,114,ygoprodeck
Yu-Gi-Oh!,Italian,Raging Battle,,RGBT,,,,,,,,109,ygoprodeck
Yu-Gi-Oh!,Italian,Raging Tempest,,RATE,,,,,,,,105,ygoprodeck
Yu-Gi-Oh!,Italian,Rarity Collection 5,,RA05,,,,,,,,101,ygoprodeck
Yu-Gi-Oh!,Italian,Realm of Light Structure Deck,,SDLI,,,,,,,,36,ygoprodeck
Yu-Gi-Oh!,Italian,Realm of the Sea Emperor Structure Deck,,SDRE,,,,,,,,39,ygoprodeck
Yu-Gi-Oh!,Italian,Retro Pack,,RP01,,,,,,,,101,ygoprodeck
Yu-Gi-Oh!,Italian,Retro Pack 2,,RP02,,,,,,,,101,ygoprodeck
Yu-Gi-Oh!,Italian,Return of the Duelist,,REDU,,,,,,,,103,ygoprodeck
Yu-Gi-Oh!,Italian,Rise of Destiny,,RDS,,,,,,,,64,ygoprodeck
Yu-Gi-Oh!,Italian,Rise of the Dragon Lords Structure Deck,,SDRL,,,,,,,,37,ygoprodeck
Yu-Gi-Oh!,Italian,Rise of the Duelist,,ROTD,,,,,,,,102,ygoprodeck
Yu-Gi-Oh!,Italian,Rise of the True Dragons Structure Deck,,SR02,,,,,,,,41,ygoprodeck
Yu-Gi-Oh!,Italian,Rising Rampage,,RIRA,,,,,,,,105,ygoprodeck
Yu-Gi-Oh!,Italian,Saga of Blue-Eyes White Dragon Structure Deck,,SDBE,,,,,,,,40,ygoprodeck
Yu-Gi-Oh!,Italian,Samurai Assault,,SAAS,,,,,,,,1,ygoprodeck
Yu-Gi-Oh!,Italian,Samurai Warlords Structure Deck,,SDWA,,,,,,,,41,ygoprodeck
Yu-Gi-Oh!,Italian,San Diego Comic-Con promotional cards,,TKN1,,,,,,,,4,ygoprodeck
Yu-Gi-Oh!,Italian,Savage Strike,,SAST,,,,,,,,105,ygoprodeck
Yu-Gi-Oh!,Italian,Secret Slayers,,SESL,,,,,,,,60,ygoprodeck
Yu-Gi-Oh!,Italian,Secrets of Eternity,,SECE,,,,,,,,115,ygoprodeck
Yu-Gi-Oh!,Italian,Shadow Specters,,SHSP,,,,,,,,103,ygoprodeck
Yu-Gi-Oh!,Italian,Shadow of Infinity,,SOI,,,,,,,,64,ygoprodeck
Yu-Gi-Oh!,Italian,Shadow of Infinity Sneak Peek Participation Card,,SP2,,,,,,,,2,ygoprodeck
Yu-Gi-Oh!,Italian,Shadows in Valhalla,,SHVA,,,,,,,,60,ygoprodeck
Yu-Gi-Oh!,Italian,Shining Victories,,SHVI,,,,,,,,105,ygoprodeck
Yu-Gi-Oh!,Italian,Shonen Jump Championship 2004 Prize Card,,SJC,,,,,,,,3,ygoprodeck
Yu-Gi-Oh!,Italian,Shonen Jump Championship 2008 Prize Card,,SJCS,,,,,,,,4,ygoprodeck
Yu-Gi-Oh!,Italian,"Shonen Jump Vol. 3, Issue 1 promotional card",,JMP,,,,,,,,6,ygoprodeck
Yu-Gi-Oh!,Italian,Soul Fusion,,SOFU,,,,,,,,105,ygoprodeck
Yu-Gi-Oh!,Italian,Soul of the Duelist,,SOD,,,,,,,,60,ygoprodeck
Yu-Gi-Oh!,Italian,Speed Duel Demo Deck,,DEM5,,,,,,,,10,ygoprodeck
Yu-Gi-Oh!,Italian,Speed Duel Demo Deck 2020,,DEM6,,,,,,,,20,ygoprodeck
Yu-Gi-Oh!,Italian,Speed Duel GX: Duel Academy Box,,SGX1,,,,,,,,197,ygoprodeck
Yu-Gi-Oh!,Italian,Speed Duel GX: Duelists of Shadows,,SGX3,,,,,,,,200,ygoprodeck
Yu-Gi-Oh!,Italian,Speed Duel GX: Midterm Paradox,,SGX2,,,,,,,,98,ygoprodeck
Yu-Gi-Oh!,Italian,Speed Duel Starter Decks: Destiny Masters,,SS01,,,,,,,,63,ygoprodeck
Yu-Gi-Oh!,Italian,Speed Duel Starter Decks: Duelists of Tomorrow,,SS02,,,,,,,,69,ygoprodeck
Yu-Gi-Oh!,Italian,Speed Duel Starter Decks: Match of the Millennium,,SS04,,,,,,,,63,ygoprodeck
Yu-Gi-Oh!,Italian,Speed Duel Starter Decks: Twisted Nightmares,,SS05,,,,,,,,62,ygoprodeck
Yu-Gi-Oh!,Italian,Speed Duel Starter Decks: Ultimate Predators,,SS03,,,,,,,,63,ygoprodeck
Yu-Gi-Oh!,Italian,Speed Duel Tournament Pack 1,,STP1,,,,,,,,18,ygoprodeck
Yu-Gi-Oh!,Italian,Speed Duel Tournament Pack 2,,STP2,,,,,,,,18,ygoprodeck
Yu-Gi-Oh!,Italian,Speed Duel Tournament Pack 3,,STP3,,,,,,,,31,ygoprodeck
Yu-Gi-Oh!,Italian,Speed Duel Tournament Pack 4,,STP4,,,,,,,,35,ygoprodeck
Yu-Gi-Oh!,Italian,Speed Duel Tournament Pack 5,,STP5,,,,,,,,35,ygoprodeck
Yu-Gi-Oh!,Italian,Speed Duel Tournament Pack 6,,STP6,,,,,,,,32,ygoprodeck
Yu-Gi-Oh!,Italian,Speed Duel: Arena of Lost Souls,,SBLS,,,,,,,,49,ygoprodeck
Yu-Gi-Oh!,Italian,Speed Duel: Attack from the Deep,,SBAD,,,,,,,,50,ygoprodeck
Yu-Gi-Oh!,Italian,Speed Duel: Battle City Box,,SBCB,,,,,,,,207,ygoprodeck
Yu-Gi-Oh!,Italian,Speed Duel: Scars of Battle,,SBSC,,,,,,,,48,ygoprodeck
Yu-Gi-Oh!,Italian,Speed Duel: Streets of Battle City,,SBC1,,,,,,,,190,ygoprodeck
Yu-Gi-Oh!,Italian,Speed Duel: Trials of the Kingdom,,SBTK,,,,,,,,54,ygoprodeck
Yu-Gi-Oh!,Italian,Spell Ruler,,SRL,,,,,,,,208,ygoprodeck
Yu-Gi-Oh!,Italian,Spellcaster's Command Structure Deck,,SDSC,,,,,,,,39,ygoprodeck
Yu-Gi-Oh!,Italian,Spirit Warriors,,SPWA,,,,,,,,60,ygoprodeck
Yu-Gi-Oh!,Italian,Star Pack 2013,,SP13,,,,,,,,50,ygoprodeck
Yu-Gi-Oh!,Italian,Star Pack 2014,,SP14,,,,,,,,50,ygoprodeck
Yu-Gi-Oh!,Italian,Star Pack ARC-V,,SP15,,,,,,,,50,ygoprodeck
Yu-Gi-Oh!,Italian,Star Pack Battle Royal,,SP17,,,,,,,,50,ygoprodeck
Yu-Gi-Oh!,Italian,Star Pack VRAINS,,SP18,,,,,,,,50,ygoprodeck
Yu-Gi-Oh!,Italian,Stardust Overdrive,,SOVR,,,,,,,,103,ygoprodeck
Yu-Gi-Oh!,Italian,Starstrike Blast,,STBL,,,,,,,,101,ygoprodeck
Yu-Gi-Oh!,Italian,Starter Deck 2006,,YSD,,,,,,,,41,ygoprodeck
Yu-Gi-Oh!,Italian,Starter Deck: Codebreaker,,YS18,,,,,,,,45,ygoprodeck
Yu-Gi-Oh!,Italian,Starter Deck: Dawn of the Xyz,,YS11,,,,,,,,43,ygoprodeck
Yu-Gi-Oh!,Italian,Starter Deck: Duelist Toolbox,,5DS3,,,,,,,,42,ygoprodeck
Yu-Gi-Oh!,Italian,Starter Deck: Jaden Yuki,,YSDJ,,,,,,,,41,ygoprodeck
Yu-Gi-Oh!,Italian,Starter Deck: Joey,,SDJ,,,,,,,,50,ygoprodeck
Yu-Gi-Oh!,Italian,Starter Deck: Kaiba,,SDK,,,,,,,,96,ygoprodeck
Yu-Gi-Oh!,Italian,Starter Deck: Kaiba Evolution,,SKE,,,,,,,,50,ygoprodeck
Yu-Gi-Oh!,Italian,Starter Deck: Kaiba Reloaded,,YSKR,,,,,,,,48,ygoprodeck
Yu-Gi-Oh!,Italian,Starter Deck: Link Strike,,YS17,,,,,,,,43,ygoprodeck
Yu-Gi-Oh!,Italian,Starter Deck: Pegasus,,SDP,,,,,,,,50,ygoprodeck
Yu-Gi-Oh!,Italian,Starter Deck: Syrus Truesdale,,YSDS,,,,,,,,41,ygoprodeck
Yu-Gi-Oh!,Italian,Starter Deck: Xyz Symphony,,YS12,,,,,,,,43,ygoprodeck
Yu-Gi-Oh!,Italian,Starter Deck: Yu-Gi-Oh! 5D's,,5DS1,,,,,,,,43,ygoprodeck
Yu-Gi-Oh!,Italian,Starter Deck: Yu-Gi-Oh! 5D's 2009,,5DS2,,,,,,,,43,ygoprodeck
Yu-Gi-Oh!,Italian,Starter Deck: Yugi,,SDY,,,,,,,,96,ygoprodeck
Yu-Gi-Oh!,Italian,Starter Deck: Yugi Evolution,,SYE,,,,,,,,50,ygoprodeck
Yu-Gi-Oh!,Italian,Starter Deck: Yugi Reloaded,,YSYR,,,,,,,,46,ygoprodeck
Yu-Gi-Oh!,Italian,Starter Deck: Yuya,,YS16,,,,,,,,43,ygoprodeck
Yu-Gi-Oh!,Italian,Storm of Ragnarok,,STOR,,,,,,,,103,ygoprodeck
Yu-Gi-Oh!,Italian,Strike of Neos,,STON,,,,,,,,72,ygoprodeck
Yu-Gi-Oh!,Italian,Structure Deck: Albaz Strike,,SDAZ,,,,,,,,46,ygoprodeck
Yu-Gi-Oh!,Italian,Structure Deck: Beware of Traptrix,,SDBT,,,,,,,,38,ygoprodeck
Yu-Gi-Oh!,Italian,Structure Deck: Blaze of Destruction,,SD3,,,,,,,,31,ygoprodeck
Yu-Gi-Oh!,Italian,Structure Deck: Blue-Eyes White Destiny,,SDWD,,,,,,,,35,ygoprodeck
Yu-Gi-Oh!,Italian,Structure Deck: Cyber Strike,,SDCS,,,,,,,,48,ygoprodeck
Yu-Gi-Oh!,Italian,Structure Deck: Cyberse Link,,SDCL,,,,,,,,43,ygoprodeck
Yu-Gi-Oh!,Italian,Structure Deck: Dark World,,SR13,,,,,,,,37,ygoprodeck
Yu-Gi-Oh!,Italian,Structure Deck: Dinosaur's Rage,,SD09,,,,,,,,37,ygoprodeck
Yu-Gi-Oh!,Italian,Structure Deck: Dragon's Roar,,SD1,,,,,,,,29,ygoprodeck
Yu-Gi-Oh!,Italian,Structure Deck: Fire Kings,,SR14,,,,,,,,39,ygoprodeck
Yu-Gi-Oh!,Italian,Structure Deck: Freezing Chains,,SDFC,,,,,,,,46,ygoprodeck
Yu-Gi-Oh!,Italian,Structure Deck: Fury from the Deep,,SD4,,,,,,,,32,ygoprodeck
Yu-Gi-Oh!,Italian,Structure Deck: Invincible Fortress,,SD7,,,,,,,,32,ygoprodeck
Yu-Gi-Oh!,Italian,Structure Deck: Lair of Darkness,,SR06,,,,,,,,42,ygoprodeck
Yu-Gi-Oh!,Italian,Structure Deck: Legend of the Crystal Beasts,,SDCB,,,,,,,,46,ygoprodeck
Yu-Gi-Oh!,Italian,Structure Deck: Lord of the Storm,,SD8,,,,,,,,36,ygoprodeck
Yu-Gi-Oh!,Italian,Structure Deck: Machine Re-Volt,,SD10,,,,,,,,37,ygoprodeck
Yu-Gi-Oh!,Italian,Structure Deck: Marik (TCG),,SDMA,,,,,,,,38,ygoprodeck
Yu-Gi-Oh!,Italian,Structure Deck: Mechanized Madness,,SR10,,,,,,,,41,ygoprodeck
Yu-Gi-Oh!,Italian,Structure Deck: Order of the Spellcasters,,SR08,,,,,,,,41,ygoprodeck
Yu-Gi-Oh!,Italian,Structure Deck: Powercode Link,,SDPL,,,,,,,,42,ygoprodeck
Yu-Gi-Oh!,Italian,Structure Deck: Rokket Revolt,,SDRR,,,,,,,,46,ygoprodeck
Yu-Gi-Oh!,Italian,Structure Deck: Sacred Beasts,,SDSA,,,,,,,,48,ygoprodeck
Yu-Gi-Oh!,Italian,Structure Deck: Seto Kaiba,,SDKS,,,,,,,,44,ygoprodeck
Yu-Gi-Oh!,Italian,Structure Deck: Shaddoll Showdown,,SDSH,,,,,,,,49,ygoprodeck
Yu-Gi-Oh!,Italian,Structure Deck: Soulburner,,SDSB,,,,,,,,45,ygoprodeck
Yu-Gi-Oh!,Italian,Structure Deck: Spellcaster's Judgment,,SD6,,,,,,,,36,ygoprodeck
Yu-Gi-Oh!,Italian,Structure Deck: Spirit Charmers,,SDCH,,,,,,,,41,ygoprodeck
Yu-Gi-Oh!,Italian,Structure Deck: The Crimson King,,SDCK,,,,,,,,40,ygoprodeck
Yu-Gi-Oh!,Italian,Structure Deck: Warrior's Triumph,,SD5,,,,,,,,36,ygoprodeck
Yu-Gi-Oh!,Italian,Structure Deck: Wave of Light,,SR05,,,,,,,,42,ygoprodeck
Yu-Gi-Oh!,Italian,Structure Deck: Yugi Muto,,SDMY,,,,,,,,45,ygoprodeck
Yu-Gi-Oh!,Italian,Structure Deck: Zombie Horde,,SR07,,,,,,,,42,ygoprodeck
Yu-Gi-Oh!,Italian,Structure Deck: Zombie Madness,,SD2,,,,,,,,29,ygoprodeck
Yu-Gi-Oh!,Italian,Super Starter Power-Up Pack,,YS13,,,,,,,,57,ygoprodeck
Yu-Gi-Oh!,Italian,Super Starter: Space-Time Showdown,,YS14,,,,,,,,55,ygoprodeck
Yu-Gi-Oh!,Italian,Synchron Extreme Structure Deck,,SDSE,,,,,,,,43,ygoprodeck
Yu-Gi-Oh!,Italian,THANK YOU PACK,,TYP1,,,,,,,,12,ygoprodeck
Yu-Gi-Oh!,Italian,THE CHRONICLES DECK: Spirit Charmers (All-Foil Edition),,CH02,,,,,,,,40,ygoprodeck
Yu-Gi-Oh!,Italian,THE CHRONICLES DECK: The Fallen & The Virtuous (All-Foil Edition),,CH01,,,,,,,,35,ygoprodeck
Yu-Gi-Oh!,Italian,Tactical Evolution,,TAEV,,,,,,,,93,ygoprodeck
Yu-Gi-Oh!,Italian,Tactical Masters,,TAMA,,,,,,,,59,ygoprodeck
Yu-Gi-Oh!,Italian,The Dark Emperor Structure Deck,,SDDE,,,,,,,,36,ygoprodeck
Yu-Gi-Oh!,Italian,The Dark Illusion,,TDIL,,,,,,,,105,ygoprodeck
Yu-Gi-Oh!,Italian,The Duelist Genesis,,TDGS,,,,,,,,103,ygoprodeck
Yu-Gi-Oh!,Italian,The Grand Creators,,GRCR,,,,,,,,60,ygoprodeck
Yu-Gi-Oh!,Italian,The Infinity Chasers,,INCH,,,,,,,,60,ygoprodeck
Yu-Gi-Oh!,Italian,The Lost Art Promotion 2025 C,,LART,,,,,,,,74,ygoprodeck
Yu-Gi-Oh!,Italian,The Lost Millennium,,TLM,,,,,,,,64,ygoprodeck
Yu-Gi-Oh!,Italian,The New Challengers,,NECH,,,,,,,,115,ygoprodeck
Yu-Gi-Oh!,Italian,The Pot Collection,,TBC1,,,,,,,,15,ygoprodeck
Yu-Gi-Oh!,Italian,The Secret Forces,,THSF,,,,,,,,60,ygoprodeck
Yu-Gi-Oh!,Italian,The Shining Darkness,,TSHD,,,,,,,,101,ygoprodeck
Yu-Gi-Oh!,Italian,Toon Chaos,,TOCH,,,,,,,,60,ygoprodeck
Yu-Gi-Oh!,Italian,Tournament Pack 4,,TP4,,,,,,,,20,ygoprodeck
Yu-Gi-Oh!,Italian,Tournament Pack 5,,TP5,,,,,,,,20,ygoprodeck
Yu-Gi-Oh!,Italian,Tournament Pack 6,,TP6,,,,,,,,20,ygoprodeck
Yu-Gi-Oh!,Italian,Tournament Pack 7,,TP7,,,,,,,,20,ygoprodeck
Yu-Gi-Oh!,Italian,Tournament Pack 8,,TP8,,,,,,,,20,ygoprodeck
Yu-Gi-Oh!,Italian,Tournament Pack: 1st Season,,TP1,,,,,,,,60,ygoprodeck
Yu-Gi-Oh!,Italian,Tournament Pack: 2nd Season,,TP2,,,,,,,,30,ygoprodeck
Yu-Gi-Oh!,Italian,Tournament Pack: 3rd Season,,TP3,,,,,,,,20,ygoprodeck
Yu-Gi-Oh!,Italian,Trials of the Pharaoh - Trials of the Kingdom promotional card,,OPTP,,,,,,,,3,ygoprodeck
Yu-Gi-Oh!,Italian,Turbo Pack: Booster Eight,,TU08,,,,,,,,21,ygoprodeck
Yu-Gi-Oh!,Italian,Turbo Pack: Booster Five,,TU05,,,,,,,,21,ygoprodeck
Yu-Gi-Oh!,Italian,Turbo Pack: Booster Four,,TU04,,,,,,,,21,ygoprodeck
Yu-Gi-Oh!,Italian,Turbo Pack: Booster One,,TU01,,,,,,,,21,ygoprodeck
Yu-Gi-Oh!,Italian,Turbo Pack: Booster Seven,,TU07,,,,,,,,21,ygoprodeck
Yu-Gi-Oh!,Italian,Turbo Pack: Booster Six,,TU06,,,,,,,,21,ygoprodeck
Yu-Gi-Oh!,Italian,Turbo Pack: Booster Three,,TU03,,,,,,,,21,ygoprodeck
Yu-Gi-Oh!,Italian,Turbo Pack: Booster Two,,TU02,,,,,,,,21,ygoprodeck
Yu-Gi-Oh!,Italian,Twilight Edition,,TWED,,,,,,,,1,ygoprodeck
Yu-Gi-Oh!,Italian,Ultimate Edition 2,,UE02,,,,,,,,1,ygoprodeck
Yu-Gi-Oh!,Italian,Ultimate Tournament Pack 1,,UP01,,,,,,,,42,ygoprodeck
Yu-Gi-Oh!,Italian,Valiant Smashers,,VASM,,,,,,,,28,ygoprodeck
Yu-Gi-Oh!,Italian,WSJ Jump Pack Spring 2018 promotional card,,JMPS,,,,,,,,8,ygoprodeck
Yu-Gi-Oh!,Italian,War of the Giants Reinforcements,,WGRT,,,,,,,,104,ygoprodeck
Yu-Gi-Oh!,Italian,War of the Giants: Round 2,,BPW2,,,,,,,,103,ygoprodeck
Yu-Gi-Oh!,Italian,Warriors' Strike Structure Deck,,SDWS,,,,,,,,38,ygoprodeck
Yu-Gi-Oh!,Italian,Weekly Shonen Jump April 2016 membership promotional card,,JUMP,,,,,,,,83,ygoprodeck
Yu-Gi-Oh!,Italian,Wild Survivors,,WISU,,,,,,,,29,ygoprodeck
Yu-Gi-Oh!,Italian,Wing Raiders,,WIRA,,,,,,,,60,ygoprodeck
Yu-Gi-Oh!,Italian,Winner's Pack 2026-2027,,WI26,,,,,,,,20,ygoprodeck
Yu-Gi-Oh!,Italian,World Championship 2010 Card Pack,,WCPP,,,,,,,,13,ygoprodeck
Yu-Gi-Oh!,Italian,World Championship 2011 Card Pack,,WP11,,,,,,,,13,ygoprodeck
Yu-Gi-Oh!,Italian,World Superstars,,WSUP,,,,,,,,50,ygoprodeck
Yu-Gi-Oh!,Italian,X-Saber Power-Up,,XSPU,,,,,,,,1,ygoprodeck
Yu-Gi-Oh!,Italian,Yu-Gi-Oh! 3D Bonds Beyond Time DVD promotional card,,MOV2,,,,,,,,1,ygoprodeck
Yu-Gi-Oh!,Italian,Yu-Gi-Oh! 3D Bonds Beyond Time Movie Pack,,YMP1,,,,,,,,9,ygoprodeck
Yu-Gi-Oh!,Italian,Yu-Gi-Oh! 5D's Duel Transer promotional cards,,YDT1,,,,,,,,3,ygoprodeck
Yu-Gi-Oh!,Italian,Yu-Gi-Oh! 5D's Tag Force 4 promotional cards,,TF04,,,,,,,,3,ygoprodeck
Yu-Gi-Oh!,Italian,Yu-Gi-Oh! 5D's Tag Force 5 promotional cards,,TF05,,,,,,,,3,ygoprodeck
Yu-Gi-Oh!,Italian,Yu-Gi-Oh! 5D's Volume 1 promotional card,,YF01,,,,,,,,1,ygoprodeck
Yu-Gi-Oh!,Italian,Yu-Gi-Oh! 5D's Volume 2 promotional card,,YF02,,,,,,,,1,ygoprodeck
Yu-Gi-Oh!,Italian,Yu-Gi-Oh! 5D's Volume 3 promotional card,,YF03,,,,,,,,1,ygoprodeck
Yu-Gi-Oh!,Italian,Yu-Gi-Oh! 5D's Volume 4 promotional card,,YF04,,,,,,,,1,ygoprodeck
Yu-Gi-Oh!,Italian,Yu-Gi-Oh! 5D's Volume 5 promotional card,,YF05,,,,,,,,1,ygoprodeck
Yu-Gi-Oh!,Italian,Yu-Gi-Oh! 5D's Volume 6 promotional card,,YF06,,,,,,,,1,ygoprodeck
Yu-Gi-Oh!,Italian,Yu-Gi-Oh! 5D's Volume 7 promotional card,,YF07,,,,,,,,1,ygoprodeck
Yu-Gi-Oh!,Italian,Yu-Gi-Oh! 5D's Volume 9 promotional card,,YF09,,,,,,,,1,ygoprodeck
Yu-Gi-Oh!,Italian,Yu-Gi-Oh! 5D's Wheelie Breakers Promotional Cards,,WB01,,,,,,,,3,ygoprodeck
Yu-Gi-Oh!,Italian,Yu-Gi-Oh! 5D's World Championship 2009: Stardust Accelerator promotional cards,,WC09,,,,,,,,3,ygoprodeck
Yu-Gi-Oh!,Italian,Yu-Gi-Oh! 5D's World Championship 2010: Reverse of Arcadia promotional cards,,WC10,,,,,,,,3,ygoprodeck
Yu-Gi-Oh!,Italian,Yu-Gi-Oh! 5D's World Championship 2011: Over the Nexus promotional cards,,WC11,,,,,,,,3,ygoprodeck
Yu-Gi-Oh!,Italian,Yu-Gi-Oh! 5D's volume 8 promotional card,,YF08,,,,,,,,1,ygoprodeck
Yu-Gi-Oh!,Italian,Yu-Gi-Oh! 7 Trials to Glory: World Championship Tournament 2005 promotional cards,,WC5,,,,,,,,3,ygoprodeck
Yu-Gi-Oh!,Italian,Yu-Gi-Oh! ARC-V Volume 1 promotional card,,YA01,,,,,,,,1,ygoprodeck
Yu-Gi-Oh!,Italian,Yu-Gi-Oh! ARC-V Volume 2 promotional card,,YA02,,,,,,,,1,ygoprodeck
Yu-Gi-Oh!,Italian,Yu-Gi-Oh! ARC-V Volume 3 promotional card,,YA03,,,,,,,,1,ygoprodeck
Yu-Gi-Oh!,Italian,Yu-Gi-Oh! ARC-V Volume 4 promotional card,,YA04,,,,,,,,1,ygoprodeck
Yu-Gi-Oh!,Italian,Yu-Gi-Oh! ARC-V Volume 7 promotional card,,YA07,,,,,,,,1,ygoprodeck
Yu-Gi-Oh!,Italian,Yu-Gi-Oh! Advent Calendar (2018),,AC18,,,,,,,,24,ygoprodeck
Yu-Gi-Oh!,Italian,Yu-Gi-Oh! Advent Calendar (2019),,AC19,,,,,,,,24,ygoprodeck
Yu-Gi-Oh!,Italian,Yu-Gi-Oh! Capsule Monster Coliseum promotional cards,,CMC,,,,,,,,3,ygoprodeck
Yu-Gi-Oh!,Italian,Yu-Gi-Oh! Championship Series 2012 Prize Card,,YCSW,,,,,,,,10,ygoprodeck
Yu-Gi-Oh!,Italian,Yu-Gi-Oh! Championship Series 2025 prize cards,,25YC,,,,,,,,12,ygoprodeck
Yu-Gi-Oh!,Italian,Yu-Gi-Oh! Dark Duel Stories promotional cards,,DDS,,,,,,,,6,ygoprodeck
Yu-Gi-Oh!,Italian,Yu-Gi-Oh! Destiny Board Traveler promotional cards,,DBT,,,,,,,,3,ygoprodeck
Yu-Gi-Oh!,Italian,Yu-Gi-Oh! Double Pack promotional cards,,ROD,,,,,,,,3,ygoprodeck
Yu-Gi-Oh!,Italian,Yu-Gi-Oh! Elemental Hero Collection 1,,EHC1,,,,,,,,4,ygoprodeck
Yu-Gi-Oh!,Italian,Yu-Gi-Oh! Elemental Hero Collection 2,,EHC2,,,,,,,,4,ygoprodeck
Yu-Gi-Oh!,Italian,Yu-Gi-Oh! Forbidden Memories promotional cards,,FMR,,,,,,,,3,ygoprodeck
Yu-Gi-Oh!,Italian,Yu-Gi-Oh! GX Card Almanac promotional cards,,YDB1,,,,,,,,3,ygoprodeck
Yu-Gi-Oh!,Italian,Yu-Gi-Oh! GX Duel Academy promotional cards,,GX1,,,,,,,,3,ygoprodeck
Yu-Gi-Oh!,Italian,Yu-Gi-Oh! GX Special Edition,,GSE,,,,,,,,1,ygoprodeck
Yu-Gi-Oh!,Italian,Yu-Gi-Oh! GX Spirit Caller promotional cards,,GX03,,,,,,,,3,ygoprodeck
Yu-Gi-Oh!,Italian,Yu-Gi-Oh! GX Tag Force 2 promotional cards,,GX04,,,,,,,,3,ygoprodeck
Yu-Gi-Oh!,Italian,Yu-Gi-Oh! GX Tag Force 3 promotional cards,,GX06,,,,,,,,3,ygoprodeck
Yu-Gi-Oh!,Italian,Yu-Gi-Oh! GX Tag Force Evolution promotional cards,,GX05,,,,,,,,3,ygoprodeck
Yu-Gi-Oh!,Italian,Yu-Gi-Oh! GX Tag Force promotional cards,,GX02,,,,,,,,3,ygoprodeck
Yu-Gi-Oh!,Italian,Yu-Gi-Oh! GX Ultimate Beginner's Pack,,UBP1,,,,,,,,5,ygoprodeck
Yu-Gi-Oh!,Italian,Yu-Gi-Oh! GX Volume 1 promotional card,,YG01,,,,,,,,1,ygoprodeck
Yu-Gi-Oh!,Italian,Yu-Gi-Oh! GX Volume 2 promotional card,,YG02,,,,,,,,1,ygoprodeck
Yu-Gi-Oh!,Italian,Yu-Gi-Oh! GX Volume 3 promotional card,,YG03,,,,,,,,1,ygoprodeck
Yu-Gi-Oh!,Italian,Yu-Gi-Oh! GX Volume 4 promotional card,,YG04,,,,,,,,1,ygoprodeck
Yu-Gi-Oh!,Italian,Yu-Gi-Oh! GX Volume 5 promotional card,,YG05,,,,,,,,1,ygoprodeck
Yu-Gi-Oh!,Italian,Yu-Gi-Oh! GX Volume 6 promotional card,,YG06,,,,,,,,1,ygoprodeck
Yu-Gi-Oh!,Italian,Yu-Gi-Oh! GX Volume 7 promotional card,,YG07,,,,,,,,1,ygoprodeck
Yu-Gi-Oh!,Italian,Yu-Gi-Oh! GX Volume 8 promotional card,,YG08,,,,,,,,1,ygoprodeck
Yu-Gi-Oh!,Italian,Yu-Gi-Oh! GX Volume 9 promotional card,,YG09,,,,,,,,1,ygoprodeck
Yu-Gi-Oh!,Italian,Yu-Gi-Oh! Legacy of the Duelist: Link Evolution promotional cards,,LOD2,,,,,,,,3,ygoprodeck
Yu-Gi-Oh!,Italian,Yu-Gi-Oh! Nightmare Troubadour promotional cards,,NTR,,,,,,,,3,ygoprodeck
Yu-Gi-Oh!,Italian,Yu-Gi-Oh! Power of Chaos: Joey the Passion promotional cards,,PCJ,,,,,,,,3,ygoprodeck
Yu-Gi-Oh!,Italian,Yu-Gi-Oh! Power of Chaos: Kaiba the Revenge promotional cards,,PCK,,,,,,,,6,ygoprodeck
Yu-Gi-Oh!,Italian,Yu-Gi-Oh! Power of Chaos: Yugi the Destiny promotional cards,,PCY,,,,,,,,10,ygoprodeck
Yu-Gi-Oh!,Italian,Yu-Gi-Oh! R Volume 3 promotional card,,YR01,,,,,,,,2,ygoprodeck
Yu-Gi-Oh!,Italian,Yu-Gi-Oh! R Volume 4 promotional card,,YR04,,,,,,,,1,ygoprodeck
Yu-Gi-Oh!,Italian,Yu-Gi-Oh! R Volume 5 promotional card,,YR05,,,,,,,,1,ygoprodeck
Yu-Gi-Oh!,Italian,Yu-Gi-Oh! TCG Remote Duel Extravaganza participation card,,21CC,,,,,,,,1,ygoprodeck
Yu-Gi-Oh!,Italian,Yu-Gi-Oh! The Dark Side of Dimensions Blu-ray & DVD promotional card,,MVPC,,,,,,,,1,ygoprodeck
Yu-Gi-Oh!,Italian,Yu-Gi-Oh! The Dark Side of Dimensions Movie Pack,,MVP1,,,,,,,,185,ygoprodeck
Yu-Gi-Oh!,Italian,Yu-Gi-Oh! The Dawn of Destiny promotional cards,,DOD,,,,,,,,5,ygoprodeck
Yu-Gi-Oh!,Italian,Yu-Gi-Oh! The Duelists of the Roses promotional cards,,DOR,,,,,,,,6,ygoprodeck
Yu-Gi-Oh!,Italian,Yu-Gi-Oh! The Eternal Duelist Soul promotional cards,,EDS,,,,,,,,3,ygoprodeck
Yu-Gi-Oh!,Italian,Yu-Gi-Oh! The Falsebound Kingdom promotional cards,,TFK,,,,,,,,6,ygoprodeck
Yu-Gi-Oh!,Italian,Yu-Gi-Oh! The Sacred Cards promotional cards,,TSC,,,,,,,,6,ygoprodeck
Yu-Gi-Oh!,Italian,Yu-Gi-Oh! Trading Card Game Tour 2004 promotional card,,EM1,,,,,,,,1,ygoprodeck
Yu-Gi-Oh!,Italian,Yu-Gi-Oh! Ultimate Masters: World Championship Tournament 2006 promotional cards,,WC6,,,,,,,,3,ygoprodeck
Yu-Gi-Oh!,Italian,Yu-Gi-Oh! World Championship 2005 prize cards,,WCS,,,,,,,,5,ygoprodeck
Yu-Gi-Oh!,Italian,Yu-Gi-Oh! World Championship 2007 prize cards,,WCPS,,,,,,,,1,ygoprodeck
Yu-Gi-Oh!,Italian,Yu-Gi-Oh! World Championship 2007 promotional cards,,WC07,,,,,,,,3,ygoprodeck
Yu-Gi-Oh!,Italian,Yu-Gi-Oh! World Championship 2008 promotional cards,,WC08,,,,,,,,3,ygoprodeck
Yu-Gi-Oh!,Italian,Yu-Gi-Oh! World Championship 2017 prize cards,,2017,,,,,,,,2,ygoprodeck
Yu-Gi-Oh!,Italian,Yu-Gi-Oh! World Championship Qualifier National Championships 2011 prize cards,,WQ11,,,,,,,,3,ygoprodeck
Yu-Gi-Oh!,Italian,Yu-Gi-Oh! World Championship Tournament 2004 promotional cards,,WC4,,,,,,,,6,ygoprodeck
Yu-Gi-Oh!,Italian,Yu-Gi-Oh! Worldwide Edition: Stairway to the Destined Duel promotional cards,,SDD,,,,,,,,6,ygoprodeck
Yu-Gi-Oh!,Italian,Yu-Gi-Oh! ZEXAL Volume 1 promotional card,,YZ01,,,,,,,,1,ygoprodeck
Yu-Gi-Oh!,Italian,Yu-Gi-Oh! ZEXAL Volume 2 promotional card,,YZ02,,,,,,,,1,ygoprodeck
Yu-Gi-Oh!,Italian,Yu-Gi-Oh! ZEXAL Volume 3 promotional card,,YZ03,,,,,,,,1,ygoprodeck
Yu-Gi-Oh!,Italian,Yu-Gi-Oh! ZEXAL Volume 4 promotional card,,YZ04,,,,,,,,1,ygoprodeck
Yu-Gi-Oh!,Italian,Yu-Gi-Oh! ZEXAL Volume 6 promotional card,,YZ06,,,,,,,,1,ygoprodeck
Yu-Gi-Oh!,Italian,Yu-Gi-Oh! ZEXAL Volume 7 promotional card,,YZ07,,,,,,,,1,ygoprodeck
Yu-Gi-Oh!,Italian,Yu-Gi-Oh! ZEXAL Volume 8 promotional card,,YZ08,,,,,,,,1,ygoprodeck
Yu-Gi-Oh!,Italian,Yu-Gi-Oh! ZEXAL World Duel Carnival promotional cards,,ZDC1,,,,,,,,3,ygoprodeck
Yu-Gi-Oh!,Italian,Yugi & Kaiba Collector Box,,KACB,,,,,,,,1,ygoprodeck
Yu-Gi-Oh!,Italian,Yugi's Legendary Decks,,YGLD,,,,,,,,125,ygoprodeck
Yu-Gi-Oh!,Italian,Zexal Collection Tin,,ZTIN,,,,,,,,24,ygoprodeck
Yu-Gi-Oh!,Italian,Zombie World Structure Deck,,SDZW,,,,,,,,37,ygoprodeck
Yu-Gi-Oh!,Japanese,青眼の白龍,青眼の白龍,S1,,,,,,,,1,ygo_ocg
Yu-Gi-Oh!,Portuguese,2-Player Starter Deck: Yuya & Declan,,YS15,,,,,,,,96,ygoprodeck
Yu-Gi-Oh!,Portuguese,2-Player Starter Set,,STAS,,,,,,,,41,ygoprodeck
Yu-Gi-Oh!,Portuguese,2-Player Starter Set,,STAX,,,,,,,,41,ygoprodeck
Yu-Gi-Oh!,Portuguese,2013 Collectible Tins Wave 1,,CT10,,,,,,,,18,ygoprodeck
Yu-Gi-Oh!,Portuguese,2014 Mega-Tin Mega Pack,,MP14,,,,,,,,247,ygoprodeck
Yu-Gi-Oh!,Portuguese,2014 Mega-Tins,,CT11,,,,,,,,6,ygoprodeck
Yu-Gi-Oh!,Portuguese,2015 Mega-Tin Mega Pack,,MP15,,,,,,,,246,ygoprodeck
Yu-Gi-Oh!,Portuguese,2015 Mega-Tins,,CT12,,,,,,,,6,ygoprodeck
Yu-Gi-Oh!,Portuguese,2016 Mega-Tin Mega Pack,,MP16,,,,,,,,239,ygoprodeck
Yu-Gi-Oh!,Portuguese,2016 Mega-Tins,,CT13,,,,,,,,12,ygoprodeck
Yu-Gi-Oh!,Portuguese,2017 Mega-Tin Mega Pack,,MP17,,,,,,,,239,ygoprodeck
Yu-Gi-Oh!,Portuguese,2017 Mega-Tins,,CT14,,,,,,,,8,ygoprodeck
Yu-Gi-Oh!,Portuguese,2018 Mega-Tin Mega Pack,,MP18,,,,,,,,233,ygoprodeck
Yu-Gi-Oh!,Portuguese,2018 Mega-Tins,,CT15,,,,,,,,10,ygoprodeck
Yu-Gi-Oh!,Portuguese,2019 Gold Sarcophagus Tin,,TN19,,,,,,,,14,ygoprodeck
Yu-Gi-Oh!,Portuguese,2019 Gold Sarcophagus Tin Mega Pack,,MP19,,,,,,,,270,ygoprodeck
Yu-Gi-Oh!,Portuguese,2020 Tin of Lost Memories Mega Pack,,MP20,,,,,,,,249,ygoprodeck
Yu-Gi-Oh!,Portuguese,2021 Tin of Ancient Battles,,MP21,,,,,,,,258,ygoprodeck
Yu-Gi-Oh!,Portuguese,2022 Tin of the Pharaoh's Gods,,MP22,,,,,,,,272,ygoprodeck
Yu-Gi-Oh!,Portuguese,2025 Mega-Pack Tin,,MP25,,,,,,,,75,ygoprodeck
Yu-Gi-Oh!,Portuguese,25th Anniversary Rarity Collection,,RA01,,,,,,,,79,ygoprodeck
Yu-Gi-Oh!,Portuguese,25th Anniversary Rarity Collection II,,RA02,,,,,,,,73,ygoprodeck
Yu-Gi-Oh!,Portuguese,25th Anniversary Tin: Dueling Heroes,,TN23,,,,,,,,8,ygoprodeck
Yu-Gi-Oh!,Portuguese,25th Anniversary Tin: Dueling Heroes Mega Pack,,MP23,,,,,,,,205,ygoprodeck
Yu-Gi-Oh!,Portuguese,25th Anniversary Tin: Dueling Mirrors,,MP24,,,,,,,,82,ygoprodeck
Yu-Gi-Oh!,Portuguese,25th Anniversary Ultimate Kaiba Set,,KC01,,,,,,,,55,ygoprodeck
Yu-Gi-Oh!,Portuguese,Absolute Powerforce,,ABPF,,,,,,,,86,ygoprodeck
Yu-Gi-Oh!,Portuguese,Abyss Rising,,ABYR,,,,,,,,93,ygoprodeck
Yu-Gi-Oh!,Portuguese,Advanced Demo Deck Extra Pack,,DEM4,,,,,,,,9,ygoprodeck
Yu-Gi-Oh!,Portuguese,Amazing Defenders,,AMDE,,,,,,,,24,ygoprodeck
Yu-Gi-Oh!,Portuguese,Ancient Guardians,,ANGU,,,,,,,,60,ygoprodeck
Yu-Gi-Oh!,Portuguese,Ancient Prophecy,,ANPR,,,,,,,,95,ygoprodeck
Yu-Gi-Oh!,Portuguese,Ancient Sanctuary,,AST,,,,,,,,112,ygoprodeck
Yu-Gi-Oh!,Portuguese,Anniversary Pack,,YAP1,,,,,,,,7,ygoprodeck
Yu-Gi-Oh!,Portuguese,Astral Pack Eight,,AP08,,,,,,,,27,ygoprodeck
Yu-Gi-Oh!,Portuguese,Astral Pack Five,,AP05,,,,,,,,26,ygoprodeck
Yu-Gi-Oh!,Portuguese,Astral Pack Four,,AP04,,,,,,,,26,ygoprodeck
Yu-Gi-Oh!,Portuguese,Astral Pack One,,AP01,,,,,,,,25,ygoprodeck
Yu-Gi-Oh!,Portuguese,Astral Pack Seven,,AP07,,,,,,,,26,ygoprodeck
Yu-Gi-Oh!,Portuguese,Astral Pack Six,,AP06,,,,,,,,28,ygoprodeck
Yu-Gi-Oh!,Portuguese,Astral Pack Three,,AP03,,,,,,,,26,ygoprodeck
Yu-Gi-Oh!,Portuguese,Astral Pack Two,,AP02,,,,,,,,25,ygoprodeck
Yu-Gi-Oh!,Portuguese,Battle Pack 2: War of the Giants,,BP02,,,,,,,,215,ygoprodeck
Yu-Gi-Oh!,Portuguese,Battle Pack 3: Monster League,,BP03,,,,,,,,237,ygoprodeck
Yu-Gi-Oh!,Portuguese,Battle Pack Tournament Prize Cards,,BATT,,,,,,,,18,ygoprodeck
Yu-Gi-Oh!,Portuguese,Battle Pack: Epic Dawn,,BP01,,,,,,,,205,ygoprodeck
Yu-Gi-Oh!,Portuguese,Battle of Chaos,,BACH,,,,,,,,101,ygoprodeck
Yu-Gi-Oh!,Portuguese,Battle of Chaos,,25TH,,,,,,,,1,ygoprodeck
Yu-Gi-Oh!,Portuguese,Battles of Legend: Armageddon,,BLAR,,,,,,,,94,ygoprodeck
Yu-Gi-Oh!,Portuguese,Battles of Legend: Chapter 1,,BLC1,,,,,,,,158,ygoprodeck
Yu-Gi-Oh!,Portuguese,Battles of Legend: Crystal Revenge,,BLCR,,,,,,,,58,ygoprodeck
Yu-Gi-Oh!,Portuguese,Battles of Legend: Glorious Gallery,,BLGG,,,,,,,,85,ygoprodeck
Yu-Gi-Oh!,Portuguese,Battles of Legend: Hero's Revenge,,BLHR,,,,,,,,94,ygoprodeck
Yu-Gi-Oh!,Portuguese,Battles of Legend: Light's Revenge,,BLLR,,,,,,,,80,ygoprodeck
Yu-Gi-Oh!,Portuguese,Battles of Legend: Monster Mayhem,,BLMM,,,,,,,,120,ygoprodeck
Yu-Gi-Oh!,Portuguese,Battles of Legend: Monstrous Revenge,,BLMR,,,,,,,,45,ygoprodeck
Yu-Gi-Oh!,Portuguese,Battles of Legend: Relentless Revenge,,BLRR,,,,,,,,105,ygoprodeck
Yu-Gi-Oh!,Portuguese,Battles of Legend: Terminal Revenge,,BLTR,,,,,,,,63,ygoprodeck
Yu-Gi-Oh!,Portuguese,Blazing Dominion,,BLZD,,,,,,,,1,ygoprodeck
Yu-Gi-Oh!,Portuguese,Blazing Vortex,,BLVO,,,,,,,,102,ygoprodeck
Yu-Gi-Oh!,Portuguese,Blue-Eyes Alternative White Dragon Sweepstakes,,SBPR,,,,,,,,4,ygoprodeck
Yu-Gi-Oh!,Portuguese,Breakers of Shadow,,BOSH,,,,,,,,105,ygoprodeck
Yu-Gi-Oh!,Portuguese,Brothers of Legend,,BROL,,,,,,,,95,ygoprodeck
Yu-Gi-Oh!,Portuguese,Burst Protocol,,BPRO,,,,,,,,1,ygoprodeck
Yu-Gi-Oh!,Portuguese,Burst of Destiny,,BODE,,,,,,,,101,ygoprodeck
Yu-Gi-Oh!,Portuguese,Champion Pack: Game Eight,,CP08,,,,,,,,20,ygoprodeck
Yu-Gi-Oh!,Portuguese,Champion Pack: Game Five,,CP05,,,,,,,,18,ygoprodeck
Yu-Gi-Oh!,Portuguese,Champion Pack: Game Four,,CP04,,,,,,,,20,ygoprodeck
Yu-Gi-Oh!,Portuguese,Champion Pack: Game One,,CP01,,,,,,,,19,ygoprodeck
Yu-Gi-Oh!,Portuguese,Champion Pack: Game Seven,,CP07,,,,,,,,16,ygoprodeck
Yu-Gi-Oh!,Portuguese,Champion Pack: Game Six,,CP06,,,,,,,,18,ygoprodeck
Yu-Gi-Oh!,Portuguese,Champion Pack: Game Three,,CP03,,,,,,,,19,ygoprodeck
Yu-Gi-Oh!,Portuguese,Champion Pack: Game Two,,CP02,,,,,,,,19,ygoprodeck
Yu-Gi-Oh!,Portuguese,Chaos Impact,,CHIM,,,,,,,,105,ygoprodeck
Yu-Gi-Oh!,Portuguese,Circuit Break,,CIBR,,,,,,,,105,ygoprodeck
Yu-Gi-Oh!,Portuguese,Clash of Rebellions,,CORE,,,,,,,,105,ygoprodeck
Yu-Gi-Oh!,Portuguese,Code of the Duelist,,COTD,,,,,,,,105,ygoprodeck
Yu-Gi-Oh!,Portuguese,Collectible Tins 2003,,BPT,,,,,,,,12,ygoprodeck
Yu-Gi-Oh!,Portuguese,Collectible Tins 2004,,CT1,,,,,,,,6,ygoprodeck
Yu-Gi-Oh!,Portuguese,Collectible Tins 2005,,CT2,,,,,,,,6,ygoprodeck
Yu-Gi-Oh!,Portuguese,Collectible Tins 2006 Wave 1,,CT03,,,,,,,,6,ygoprodeck
Yu-Gi-Oh!,Portuguese,Collectible Tins 2007 Wave 2,,CT04,,,,,,,,6,ygoprodeck
Yu-Gi-Oh!,Portuguese,Collectible Tins 2008 Wave 1,,CT05,,,,,,,,7,ygoprodeck
Yu-Gi-Oh!,Portuguese,Collectible Tins 2010 Wave 1,,CT07,,,,,,,,25,ygoprodeck
Yu-Gi-Oh!,Portuguese,Collectible Tins 2011 Wave 1,,CT08,,,,,,,,18,ygoprodeck
Yu-Gi-Oh!,Portuguese,Collectible Tins 2012 Wave 2,,CT09,,,,,,,,20,ygoprodeck
Yu-Gi-Oh!,Portuguese,Collectible Tins Exclusive 2009,,CT06,,,,,,,,8,ygoprodeck
Yu-Gi-Oh!,Portuguese,Cosmo Blazer,,CBLZ,,,,,,,,103,ygoprodeck
Yu-Gi-Oh!,Portuguese,Crimson Crisis,,CRMS,,,,,,,,94,ygoprodeck
Yu-Gi-Oh!,Portuguese,Crossed Souls,,CROS,,,,,,,,105,ygoprodeck
Yu-Gi-Oh!,Portuguese,Crossover Breakers,,CRBR,,,,,,,,30,ygoprodeck
Yu-Gi-Oh!,Portuguese,Crossroads of Chaos,,CSOC,,,,,,,,86,ygoprodeck
Yu-Gi-Oh!,Portuguese,Cyber Dragon Revolution Structure Deck,,SDCR,,,,,,,,38,ygoprodeck
Yu-Gi-Oh!,Portuguese,Cyberdark Impact,,CDIP,,,,,,,,37,ygoprodeck
Yu-Gi-Oh!,Portuguese,Cyberdark Impact Sneak Peek Participation Card,,SP02,,,,,,,,2,ygoprodeck
Yu-Gi-Oh!,Portuguese,Cybernetic Horizon,,CYHO,,,,,,,,105,ygoprodeck
Yu-Gi-Oh!,Portuguese,Cybernetic Revolution,,CRV,,,,,,,,60,ygoprodeck
Yu-Gi-Oh!,Portuguese,Cyberstorm Access,,CYAC,,,,,,,,1,ygoprodeck
Yu-Gi-Oh!,Portuguese,Dark Beginning 1,,DB1,,,,,,,,237,ygoprodeck
Yu-Gi-Oh!,Portuguese,Dark Beginning 1,,DARK-BEGINNING-1,,,,,,,,12,ygoprodeck
Yu-Gi-Oh!,Portuguese,Dark Beginning 2,,DB2,,,,,,,,231,ygoprodeck
Yu-Gi-Oh!,Portuguese,Dark Beginning 2,,DB,,,,,,,,14,ygoprodeck
Yu-Gi-Oh!,Portuguese,Dark Crisis,,DCR,,,,,,,,212,ygoprodeck
Yu-Gi-Oh!,Portuguese,Dark Legends,,DLG1,,,,,,,,111,ygoprodeck
Yu-Gi-Oh!,Portuguese,Dark Neostorm,,DANE,,,,,,,,105,ygoprodeck
Yu-Gi-Oh!,Portuguese,Dark Revelation Volume 1,,DR1,,,,,,,,267,ygoprodeck
Yu-Gi-Oh!,Portuguese,Dark Revelation Volume 2,,DR2,,,,,,,,212,ygoprodeck
Yu-Gi-Oh!,Portuguese,Dark Revelation Volume 3,,DR3,,,,,,,,240,ygoprodeck
Yu-Gi-Oh!,Portuguese,Dark Revelation Volume 4,,DR04,,,,,,,,196,ygoprodeck
Yu-Gi-Oh!,Portuguese,Dark Saviors,,DASA,,,,,,,,60,ygoprodeck
Yu-Gi-Oh!,Portuguese,Darkwing Blast,,DABL,,,,,,,,1,ygoprodeck
Yu-Gi-Oh!,Portuguese,Dawn of Majesty,,DAMA,,,,,,,,102,ygoprodeck
Yu-Gi-Oh!,Portuguese,Demo Deck 2015,,DEM2,,,,,,,,20,ygoprodeck
Yu-Gi-Oh!,Portuguese,Demo Deck 2016,,DEM3,,,,,,,,19,ygoprodeck
Yu-Gi-Oh!,Portuguese,Demo Pack,,DEM1,,,,,,,,20,ygoprodeck
Yu-Gi-Oh!,Portuguese,Destiny Soldiers,,DESO,,,,,,,,60,ygoprodeck
Yu-Gi-Oh!,Portuguese,Dimension Force,,DIFO,,,,,,,,101,ygoprodeck
Yu-Gi-Oh!,Portuguese,Dimension of Chaos,,DOCS,,,,,,,,105,ygoprodeck
Yu-Gi-Oh!,Portuguese,Dinosmasher's Fury Structure Deck,,SR04,,,,,,,,39,ygoprodeck
Yu-Gi-Oh!,Portuguese,Doom of Dimensions,,DOOD,,,,,,,,1,ygoprodeck
Yu-Gi-Oh!,Portuguese,Dragons Collide Structure Deck,,SDDC,,,,,,,,40,ygoprodeck
Yu-Gi-Oh!,Portuguese,Dragons of Legend,,DRLG,,,,,,,,51,ygoprodeck
Yu-Gi-Oh!,Portuguese,Dragons of Legend 2,,DRL2,,,,,,,,45,ygoprodeck
Yu-Gi-Oh!,Portuguese,Dragons of Legend: The Complete Series,,DLCS,,,,,,,,149,ygoprodeck
Yu-Gi-Oh!,Portuguese,Dragons of Legend: Unleashed,,DRL3,,,,,,,,73,ygoprodeck
Yu-Gi-Oh!,Portuguese,Dragunity Legion Structure Deck,,SDDL,,,,,,,,38,ygoprodeck
Yu-Gi-Oh!,Portuguese,Duel Devastator,,DUDE,,,,,,,,56,ygoprodeck
Yu-Gi-Oh!,Portuguese,Duel Disk - Yusei Version,,DDY1,,,,,,,,1,ygoprodeck
Yu-Gi-Oh!,Portuguese,Duel Master's Guide promotional cards,,DMG,,,,,,,,1,ygoprodeck
Yu-Gi-Oh!,Portuguese,Duel Overload,,DUOV,,,,,,,,100,ygoprodeck
Yu-Gi-Oh!,Portuguese,Duel Power,,DUPO,,,,,,,,106,ygoprodeck
Yu-Gi-Oh!,Portuguese,Duel Terminal - Preview Wave 1,,DTP1,,,,,,,,31,ygoprodeck
Yu-Gi-Oh!,Portuguese,Duel Terminal 1,,DT01,,,,,,,,99,ygoprodeck
Yu-Gi-Oh!,Portuguese,Duel Terminal 2,,DT02,,,,,,,,95,ygoprodeck
Yu-Gi-Oh!,Portuguese,Duel Terminal 3,,DT03,,,,,,,,96,ygoprodeck
Yu-Gi-Oh!,Portuguese,Duel Terminal 4,,DT04,,,,,,,,97,ygoprodeck
Yu-Gi-Oh!,Portuguese,Duel Terminal 5b,,DT05,,,,,,,,84,ygoprodeck
Yu-Gi-Oh!,Portuguese,Duel Terminal 6a,,DT06,,,,,,,,62,ygoprodeck
Yu-Gi-Oh!,Portuguese,Duel Terminal 7b,,DT07,,,,,,,,98,ygoprodeck
Yu-Gi-Oh!,Portuguese,Duelist Alliance,,DUEA,,,,,,,,107,ygoprodeck
Yu-Gi-Oh!,Portuguese,Duelist League 13 participation cards,,DL13,,,,,,,,19,ygoprodeck
Yu-Gi-Oh!,Portuguese,Duelist League 14 participation cards,,DL14,,,,,,,,19,ygoprodeck
Yu-Gi-Oh!,Portuguese,Duelist League 15 participation cards,,DL15,,,,,,,,20,ygoprodeck
Yu-Gi-Oh!,Portuguese,Duelist League 16 participation cards,,DL16,,,,,,,,20,ygoprodeck
Yu-Gi-Oh!,Portuguese,Duelist League 17 participation cards,,DL17,,,,,,,,20,ygoprodeck
Yu-Gi-Oh!,Portuguese,Duelist League 18 participation cards,,DL18,,,,,,,,20,ygoprodeck
Yu-Gi-Oh!,Portuguese,Duelist League 2 participation cards,,DL11,,,,,,,,20,ygoprodeck
Yu-Gi-Oh!,Portuguese,Duelist League 2010 participation cards,,DL09,,,,,,,,20,ygoprodeck
Yu-Gi-Oh!,Portuguese,Duelist League 3 participation cards,,DL12,,,,,,,,20,ygoprodeck
Yu-Gi-Oh!,Portuguese,Duelist League Demo 2010,,DLDI,,,,,,,,5,ygoprodeck
Yu-Gi-Oh!,Portuguese,Duelist League Series 1 participation cards,,DL1,,,,,,,,4,ygoprodeck
Yu-Gi-Oh!,Portuguese,Duelist League Series 10 participation card,,DL10,,,,,,,,1,ygoprodeck
Yu-Gi-Oh!,Portuguese,Duelist League Series 2 participation cards,,DL2,,,,,,,,4,ygoprodeck
Yu-Gi-Oh!,Portuguese,Duelist League Series 3 participation card,,DL3,,,,,,,,1,ygoprodeck
Yu-Gi-Oh!,Portuguese,Duelist League Series 4 participation card,,DL4,,,,,,,,1,ygoprodeck
Yu-Gi-Oh!,Portuguese,Duelist League Series 5 participation card,,DL5,,,,,,,,1,ygoprodeck
Yu-Gi-Oh!,Portuguese,Duelist League Series 6 participation card,,DL6,,,,,,,,1,ygoprodeck
Yu-Gi-Oh!,Portuguese,Duelist League Series 7 participation card,,DL7,,,,,,,,1,ygoprodeck
Yu-Gi-Oh!,Portuguese,Duelist League Series 8 participation card,,DL8,,,,,,,,1,ygoprodeck
Yu-Gi-Oh!,Portuguese,Duelist League Series 9 participation card,,DL9,,,,,,,,1,ygoprodeck
Yu-Gi-Oh!,Portuguese,Duelist Pack Collection Tin 2010,,DPCT,,,,,,,,13,ygoprodeck
Yu-Gi-Oh!,Portuguese,Duelist Pack Collection Tin 2011,,DPC5,,,,,,,,3,ygoprodeck
Yu-Gi-Oh!,Portuguese,Duelist Pack: Aster Phoenix,,DP05,,,,,,,,26,ygoprodeck
Yu-Gi-Oh!,Portuguese,Duelist Pack: Battle City,,DPBC,,,,,,,,47,ygoprodeck
Yu-Gi-Oh!,Portuguese,Duelist Pack: Chazz Princeton,,DP2,,,,,,,,26,ygoprodeck
Yu-Gi-Oh!,Portuguese,Duelist Pack: Crow,,DP11,,,,,,,,28,ygoprodeck
Yu-Gi-Oh!,Portuguese,Duelist Pack: Dimensional Guardians,,DPDG,,,,,,,,45,ygoprodeck
Yu-Gi-Oh!,Portuguese,Duelist Pack: Jaden Yuki,,DP1,,,,,,,,25,ygoprodeck
Yu-Gi-Oh!,Portuguese,Duelist Pack: Jaden Yuki 2,,DP03,,,,,,,,25,ygoprodeck
Yu-Gi-Oh!,Portuguese,Duelist Pack: Jaden Yuki 3,,DP06,,,,,,,,20,ygoprodeck
Yu-Gi-Oh!,Portuguese,Duelist Pack: Jesse Anderson,,DP07,,,,,,,,21,ygoprodeck
Yu-Gi-Oh!,Portuguese,Duelist Pack: Kaiba,,DPKB,,,,,,,,40,ygoprodeck
Yu-Gi-Oh!,Portuguese,Duelist Pack: Rivals of the Pharaoh,,DPRP,,,,,,,,46,ygoprodeck
Yu-Gi-Oh!,Portuguese,Duelist Pack: Special Edition,,DPK,,,,,,,,1,ygoprodeck
Yu-Gi-Oh!,Portuguese,Duelist Pack: Yugi,,DPYG,,,,,,,,30,ygoprodeck
Yu-Gi-Oh!,Portuguese,Duelist Pack: Yusei,,DP08,,,,,,,,27,ygoprodeck
Yu-Gi-Oh!,Portuguese,Duelist Pack: Yusei 2,,DP09,,,,,,,,27,ygoprodeck
Yu-Gi-Oh!,Portuguese,Duelist Pack: Yusei 3,,DP10,,,,,,,,24,ygoprodeck
Yu-Gi-Oh!,Portuguese,Duelist Pack: Zane Truesdale,,DP04,,,,,,,,25,ygoprodeck
Yu-Gi-Oh!,Portuguese,Duelist Revolution,,DREV,,,,,,,,73,ygoprodeck
Yu-Gi-Oh!,Portuguese,Duelist Saga,,DUSA,,,,,,,,100,ygoprodeck
Yu-Gi-Oh!,Portuguese,EFootball collaboration cards,,EFC1,,,,,,,,1,ygoprodeck
Yu-Gi-Oh!,Portuguese,Egyptian God Deck: Obelisk the Tormentor,,EGO1,,,,,,,,35,ygoprodeck
Yu-Gi-Oh!,Portuguese,Egyptian God Deck: Slifer the Sky Dragon,,EGS1,,,,,,,,38,ygoprodeck
Yu-Gi-Oh!,Portuguese,Elemental Energy,,EEN,,,,,,,,49,ygoprodeck
Yu-Gi-Oh!,Portuguese,Emperor of Darkness Structure Deck,,SR01,,,,,,,,41,ygoprodeck
Yu-Gi-Oh!,Portuguese,Enemy of Justice,,EOJ,,,,,,,,49,ygoprodeck
Yu-Gi-Oh!,Portuguese,Eternity Code,,ETCO,,,,,,,,102,ygoprodeck
Yu-Gi-Oh!,Portuguese,Extreme Force,,EXFO,,,,,,,,105,ygoprodeck
Yu-Gi-Oh!,Portuguese,Extreme Victory,,EXVC,,,,,,,,69,ygoprodeck
Yu-Gi-Oh!,Portuguese,Fire Fists: Special Edition,,FFSE,,,,,,,,1,ygoprodeck
Yu-Gi-Oh!,Portuguese,Fists of the Gadgets,,FIGA,,,,,,,,60,ygoprodeck
Yu-Gi-Oh!,Portuguese,Flames of Destruction Special Edition,,FLOD,,,,,,,,105,ygoprodeck
Yu-Gi-Oh!,Portuguese,Flaming Eternity,,FET,,,,,,,,60,ygoprodeck
Yu-Gi-Oh!,Portuguese,Flaming Eternity Sneak Peek Participation Card,,SP1,,,,,,,,4,ygoprodeck
Yu-Gi-Oh!,Portuguese,Forbidden Legacy,,FL1,,,,,,,,3,ygoprodeck
Yu-Gi-Oh!,Portuguese,Force of the Breaker,,FOTB,,,,,,,,67,ygoprodeck
Yu-Gi-Oh!,Portuguese,Fusion Enforcers,,FUEN,,,,,,,,60,ygoprodeck
Yu-Gi-Oh!,Portuguese,GX Next Generation,,GXNG,,,,,,,,1,ygoprodeck
Yu-Gi-Oh!,Portuguese,Galactic Overlord,,GAOV,,,,,,,,66,ygoprodeck
Yu-Gi-Oh!,Portuguese,Gates of the Underworld Structure Deck,,SDGU,,,,,,,,35,ygoprodeck
Yu-Gi-Oh!,Portuguese,Geargia Rampage Structure Deck,,SDGR,,,,,,,,35,ygoprodeck
Yu-Gi-Oh!,Portuguese,Generation Force,,GENF,,,,,,,,56,ygoprodeck
Yu-Gi-Oh!,Portuguese,Genesis Impact,,GEIM,,,,,,,,60,ygoprodeck
Yu-Gi-Oh!,Portuguese,Ghosts From the Past,,GFTP,,,,,,,,132,ygoprodeck
Yu-Gi-Oh!,Portuguese,Ghosts From the Past: The 2nd Haunting,,GFP2,,,,,,,,182,ygoprodeck
Yu-Gi-Oh!,Portuguese,Ghosts From the Past: The 2nd Haunting,,GTP2,,,,,,,,3,ygoprodeck
Yu-Gi-Oh!,Portuguese,Gladiator's Assault,,GLAS,,,,,,,,93,ygoprodeck
Yu-Gi-Oh!,Portuguese,Gold Series,,GLD1,,,,,,,,43,ygoprodeck
Yu-Gi-Oh!,Portuguese,Gold Series 2009,,GLD2,,,,,,,,50,ygoprodeck
Yu-Gi-Oh!,Portuguese,Gold Series 3,,GLD3,,,,,,,,49,ygoprodeck
Yu-Gi-Oh!,Portuguese,Gold Series 4: Pyramids Edition,,GLD4,,,,,,,,46,ygoprodeck
Yu-Gi-Oh!,Portuguese,Gold Series: Haunted Mine,,GLD5,,,,,,,,53,ygoprodeck
Yu-Gi-Oh!,Portuguese,HERO Strike Structure Deck,,SDHS,,,,,,,,45,ygoprodeck
Yu-Gi-Oh!,Portuguese,Hidden Arsenal,,HA01,,,,,,,,30,ygoprodeck
Yu-Gi-Oh!,Portuguese,Hidden Arsenal 2,,HA02,,,,,,,,56,ygoprodeck
Yu-Gi-Oh!,Portuguese,Hidden Arsenal 3,,HA03,,,,,,,,56,ygoprodeck
Yu-Gi-Oh!,Portuguese,Hidden Arsenal 4: Trishula's Triumph,,HA04,,,,,,,,58,ygoprodeck
Yu-Gi-Oh!,Portuguese,Hidden Arsenal 5: Steelswarm Invasion,,HA05,,,,,,,,45,ygoprodeck
Yu-Gi-Oh!,Portuguese,Hidden Arsenal 5: Steelswarm Invasion: Special Edition,,H5SE,,,,,,,,2,ygoprodeck
Yu-Gi-Oh!,Portuguese,Hidden Arsenal 6: Omega Xyz,,HA06,,,,,,,,25,ygoprodeck
Yu-Gi-Oh!,Portuguese,Hidden Arsenal 7: Knight of Stars,,HA07,,,,,,,,70,ygoprodeck
Yu-Gi-Oh!,Portuguese,Hidden Arsenal: Chapter 1,,HAC1,,,,,,,,173,ygoprodeck
Yu-Gi-Oh!,Portuguese,Hidden Arsenal: Special Edition,,HASE,,,,,,,,2,ygoprodeck
Yu-Gi-Oh!,Portuguese,Hidden Summoners,,HISU,,,,,,,,60,ygoprodeck
Yu-Gi-Oh!,Portuguese,High-Speed Riders,,HSRD,,,,,,,,60,ygoprodeck
Yu-Gi-Oh!,Portuguese,Hobby League 1 participation cards B,,HL1,,,,,,,,5,ygoprodeck
Yu-Gi-Oh!,Portuguese,Hobby League 2 participation card E,,HL2,,,,,,,,6,ygoprodeck
Yu-Gi-Oh!,Portuguese,Hobby League 3 participation card G,,HL03,,,,,,,,7,ygoprodeck
Yu-Gi-Oh!,Portuguese,Hobby League 4 participation card D,,HL04,,,,,,,,6,ygoprodeck
Yu-Gi-Oh!,Portuguese,Hobby League 5 participation card F,,HL05,,,,,,,,6,ygoprodeck
Yu-Gi-Oh!,Portuguese,Hobby League 6 participation card F,,HL06,,,,,,,,6,ygoprodeck
Yu-Gi-Oh!,Portuguese,Hobby League 7 participation card E,,HL07,,,,,,,,6,ygoprodeck
Yu-Gi-Oh!,Portuguese,Ignition Assault Special Edition,,IGAS,,,,,,,,105,ygoprodeck
Yu-Gi-Oh!,Portuguese,Invasion of Chaos,,IOC,,,,,,,,196,ygoprodeck
Yu-Gi-Oh!,Portuguese,Invasion: Vengeance,,INOV,,,,,,,,104,ygoprodeck
Yu-Gi-Oh!,Portuguese,Judgment of the Light,,JOTL,,,,,,,,105,ygoprodeck
Yu-Gi-Oh!,Portuguese,Justice Hunters,,JUSH,,,,,,,,25,ygoprodeck
Yu-Gi-Oh!,Portuguese,KC Grand Tournament 2021 prize card,,2021,,,,,,,,1,ygoprodeck
Yu-Gi-Oh!,Portuguese,KC Grand Tournament prize card,,2020,,,,,,,,1,ygoprodeck
Yu-Gi-Oh!,Portuguese,Kids WB Duel of Destiny promotional card,,EP1,,,,,,,,9,ygoprodeck
Yu-Gi-Oh!,Portuguese,King's Court,,KICO,,,,,,,,65,ygoprodeck
Yu-Gi-Oh!,Portuguese,Labyrinth of Nightmare,,LON,,,,,,,,267,ygoprodeck
Yu-Gi-Oh!,Portuguese,Legacy of Darkness,,LOD,,,,,,,,176,ygoprodeck
Yu-Gi-Oh!,Portuguese,Legacy of the Valiant,,LVAL,,,,,,,,105,ygoprodeck
Yu-Gi-Oh!,Portuguese,Legend of Blue Eyes White Dragon,,LOB,,,,,,,,355,ygoprodeck
Yu-Gi-Oh!,Portuguese,Legendary 5D&apos;s Decks,,L5DD,,,,,,,,82,ygoprodeck
Yu-Gi-Oh!,Portuguese,Legendary Arc-V Decks,,LAVD,,,,,,,,86,ygoprodeck
Yu-Gi-Oh!,Portuguese,Legendary Collection,,LC01,,,,,,,,3,ygoprodeck
Yu-Gi-Oh!,Portuguese,Legendary Collection 2: The Duel Academy Years,,LC02,,,,,,,,11,ygoprodeck
Yu-Gi-Oh!,Portuguese,Legendary Collection 2: The Duel Academy Years Mega Pack,,LCGX,,,,,,,,241,ygoprodeck
Yu-Gi-Oh!,Portuguese,Legendary Collection 3: Yugi's World,,LC03,,,,,,,,4,ygoprodeck
Yu-Gi-Oh!,Portuguese,Legendary Collection 3: Yugi's World Mega Pack,,LCYW,,,,,,,,297,ygoprodeck
Yu-Gi-Oh!,Portuguese,Legendary Collection 4: Joey's World,,LC04,,,,,,,,6,ygoprodeck
Yu-Gi-Oh!,Portuguese,Legendary Collection 4: Joey's World Mega Pack,,LCJW,,,,,,,,298,ygoprodeck
Yu-Gi-Oh!,Portuguese,Legendary Collection 5D's,,LC05,,,,,,,,5,ygoprodeck
Yu-Gi-Oh!,Portuguese,Legendary Collection 5D's Mega Pack,,LC5D,,,,,,,,256,ygoprodeck
Yu-Gi-Oh!,Portuguese,Legendary Collection Kaiba,,LC06,,,,,,,,5,ygoprodeck
Yu-Gi-Oh!,Portuguese,Legendary Collection Kaiba Mega Pack,,LCKC,,,,,,,,110,ygoprodeck
Yu-Gi-Oh!,Portuguese,Legendary Decks II,,LDK2,,,,,,,,130,ygoprodeck
Yu-Gi-Oh!,Portuguese,Legendary Dragon Decks,,LEDD,,,,,,,,111,ygoprodeck
Yu-Gi-Oh!,Portuguese,Legendary Duelists,,LEDU,,,,,,,,52,ygoprodeck
Yu-Gi-Oh!,Portuguese,Legendary Duelists: Ancient Millennium,,LED2,,,,,,,,53,ygoprodeck
Yu-Gi-Oh!,Portuguese,Legendary Duelists: Duels From the Deep,,LED9,,,,,,,,57,ygoprodeck
Yu-Gi-Oh!,Portuguese,Legendary Duelists: Immortal Destiny,,LED5,,,,,,,,58,ygoprodeck
Yu-Gi-Oh!,Portuguese,Legendary Duelists: Magical Hero,,LED6,,,,,,,,56,ygoprodeck
Yu-Gi-Oh!,Portuguese,Legendary Duelists: Rage of Ra,,LED7,,,,,,,,57,ygoprodeck
Yu-Gi-Oh!,Portuguese,Legendary Duelists: Season 1,,LDS1,,,,,,,,121,ygoprodeck
Yu-Gi-Oh!,Portuguese,Legendary Duelists: Season 2,,LDS2,,,,,,,,131,ygoprodeck
Yu-Gi-Oh!,Portuguese,Legendary Duelists: Season 3,,LDS3,,,,,,,,138,ygoprodeck
Yu-Gi-Oh!,Portuguese,Legendary Duelists: Sisters of the Rose,,LED4,,,,,,,,56,ygoprodeck
Yu-Gi-Oh!,Portuguese,Legendary Duelists: Soulburning Volcano,,LD10,,,,,,,,40,ygoprodeck
Yu-Gi-Oh!,Portuguese,Legendary Duelists: Synchro Storm,,LED8,,,,,,,,56,ygoprodeck
Yu-Gi-Oh!,Portuguese,Legendary Duelists: White Dragon Abyss,,LED3,,,,,,,,56,ygoprodeck
Yu-Gi-Oh!,Portuguese,Legendary Hero Decks,,LEHD,,,,,,,,117,ygoprodeck
Yu-Gi-Oh!,Portuguese,Legendary Modern Decks 2026,,L26D,,,,,,,,72,ygoprodeck
Yu-Gi-Oh!,Portuguese,Light and Darkness Power Pack,,LDPP,,,,,,,,1,ygoprodeck
Yu-Gi-Oh!,Portuguese,Light of Destruction,,LODT,,,,,,,,98,ygoprodeck
Yu-Gi-Oh!,Portuguese,Lightning Overdrive,,LIOV,,,,,,,,102,ygoprodeck
Yu-Gi-Oh!,Portuguese,Limited Pack World Championship 2025,,25LP,,,,,,,,2,ygoprodeck
Yu-Gi-Oh!,Portuguese,Lord of the Tachyon Galaxy,,LTGY,,,,,,,,101,ygoprodeck
Yu-Gi-Oh!,Portuguese,Lost Sanctuary Structure Deck,,SDLS,,,,,,,,38,ygoprodeck
Yu-Gi-Oh!,Portuguese,Machina Mayhem Structure Deck,,SDMM,,,,,,,,37,ygoprodeck
Yu-Gi-Oh!,Portuguese,Machine Reactor Structure Deck,,SR03,,,,,,,,40,ygoprodeck
Yu-Gi-Oh!,Portuguese,Magic Ruler,,MRL,,,,,,,,223,ygoprodeck
Yu-Gi-Oh!,Portuguese,Magician's Force,,MFC,,,,,,,,108,ygoprodeck
Yu-Gi-Oh!,Portuguese,Magnificent Maestros,,MAMS,,,,,,,,4,ygoprodeck
Yu-Gi-Oh!,Portuguese,Magnificent Mavens,,MAMA,,,,,,,,93,ygoprodeck
Yu-Gi-Oh!,Portuguese,Make-A-Wish Foundation promotional card,,TYL,,,,,,,,1,ygoprodeck
Yu-Gi-Oh!,Portuguese,Master Collection Volume 1,,MC1,,,,,,,,6,ygoprodeck
Yu-Gi-Oh!,Portuguese,Master Collection Volume 2,,MC2,,,,,,,,6,ygoprodeck
Yu-Gi-Oh!,Portuguese,Master of Pendulum Structure Deck,,SDMP,,,,,,,,43,ygoprodeck
Yu-Gi-Oh!,Portuguese,Mattel Action Figure promotional cards: Series 1,,MF01,,,,,,,,1,ygoprodeck
Yu-Gi-Oh!,Portuguese,Mattel Action Figure promotional cards: Series 2,,MF02,,,,,,,,4,ygoprodeck
Yu-Gi-Oh!,Portuguese,Mattel Action Figure promotional cards: Series 3,,MF03,,,,,,,,10,ygoprodeck
Yu-Gi-Oh!,Portuguese,Maximum Crisis,,MACR,,,,,,,,105,ygoprodeck
Yu-Gi-Oh!,Portuguese,Maximum Gold,,MAGO,,,,,,,,162,ygoprodeck
Yu-Gi-Oh!,Portuguese,Maximum Gold: El Dorado,,MGED,,,,,,,,151,ygoprodeck
Yu-Gi-Oh!,Portuguese,Maze of Memories,,MAZE,,,,,,,,32,ygoprodeck
Yu-Gi-Oh!,Portuguese,Maze of Millennia,,MZMI,,,,,,,,37,ygoprodeck
Yu-Gi-Oh!,Portuguese,Maze of Muertos,,MZMU,,,,,,,,61,ygoprodeck
Yu-Gi-Oh!,Portuguese,Maze of the Master,,MZTM,,,,,,,,50,ygoprodeck
Yu-Gi-Oh!,Portuguese,McDonald's Promotional Cards,,MP1,,,,,,,,9,ygoprodeck
Yu-Gi-Oh!,Portuguese,McDonald's Promotional Cards 2,,MDP2,,,,,,,,14,ygoprodeck
Yu-Gi-Oh!,Portuguese,Metal Raiders,,MRD,,,,,,,,432,ygoprodeck
Yu-Gi-Oh!,Portuguese,Millennium Pack,,MIL1,,,,,,,,48,ygoprodeck
Yu-Gi-Oh!,Portuguese,Movie Pack,,MOV,,,,,,,,4,ygoprodeck
Yu-Gi-Oh!,Portuguese,Mystic Fighters,,MYFI,,,,,,,,60,ygoprodeck
Yu-Gi-Oh!,Portuguese,Nike collaboration cards,,NKC1,,,,,,,,1,ygoprodeck
Yu-Gi-Oh!,Portuguese,Noble Knights of the Round Table Power-Up Pack,,NKRT,,,,,,,,44,ygoprodeck
Yu-Gi-Oh!,Portuguese,Number Hunters,,NUMH,,,,,,,,60,ygoprodeck
Yu-Gi-Oh!,Portuguese,OTS Tournament Pack 1,,OP01,,,,,,,,27,ygoprodeck
Yu-Gi-Oh!,Portuguese,OTS Tournament Pack 10 (POR),,OP10,,,,,,,,60,ygoprodeck
Yu-Gi-Oh!,Portuguese,OTS Tournament Pack 11,,OP11,,,,,,,,55,ygoprodeck
Yu-Gi-Oh!,Portuguese,OTS Tournament Pack 12,,OP12,,,,,,,,60,ygoprodeck
Yu-Gi-Oh!,Portuguese,OTS Tournament Pack 13,,OP13,,,,,,,,59,ygoprodeck
Yu-Gi-Oh!,Portuguese,OTS Tournament Pack 14,,OP14,,,,,,,,60,ygoprodeck
Yu-Gi-Oh!,Portuguese,OTS Tournament Pack 15,,OP15,,,,,,,,62,ygoprodeck
Yu-Gi-Oh!,Portuguese,OTS Tournament Pack 16,,OP16,,,,,,,,62,ygoprodeck
Yu-Gi-Oh!,Portuguese,OTS Tournament Pack 17,,OP17,,,,,,,,60,ygoprodeck
Yu-Gi-Oh!,Portuguese,OTS Tournament Pack 18,,OP18,,,,,,,,60,ygoprodeck
Yu-Gi-Oh!,Portuguese,OTS Tournament Pack 19,,OP19,,,,,,,,65,ygoprodeck
Yu-Gi-Oh!,Portuguese,OTS Tournament Pack 2,,OP02,,,,,,,,27,ygoprodeck
Yu-Gi-Oh!,Portuguese,OTS Tournament Pack 20,,OP20,,,,,,,,25,ygoprodeck
Yu-Gi-Oh!,Portuguese,OTS Tournament Pack 21,,OP21,,,,,,,,19,ygoprodeck
Yu-Gi-Oh!,Portuguese,OTS Tournament Pack 22,,OP22,,,,,,,,18,ygoprodeck
Yu-Gi-Oh!,Portuguese,OTS Tournament Pack 23,,OP23,,,,,,,,20,ygoprodeck
Yu-Gi-Oh!,Portuguese,OTS Tournament Pack 24,,OP24,,,,,,,,20,ygoprodeck
Yu-Gi-Oh!,Portuguese,OTS Tournament Pack 25,,OP25,,,,,,,,22,ygoprodeck
Yu-Gi-Oh!,Portuguese,OTS Tournament Pack 26,,OP26,,,,,,,,23,ygoprodeck
Yu-Gi-Oh!,Portuguese,OTS Tournament Pack 27,,OP27,,,,,,,,18,ygoprodeck
Yu-Gi-Oh!,Portuguese,OTS Tournament Pack 28,,OP28,,,,,,,,18,ygoprodeck
Yu-Gi-Oh!,Portuguese,OTS Tournament Pack 29,,OP29,,,,,,,,16,ygoprodeck
Yu-Gi-Oh!,Portuguese,OTS Tournament Pack 3,,OP03,,,,,,,,27,ygoprodeck
Yu-Gi-Oh!,Portuguese,OTS Tournament Pack 30,,OP30,,,,,,,,14,ygoprodeck
Yu-Gi-Oh!,Portuguese,OTS Tournament Pack 4,,OP04,,,,,,,,27,ygoprodeck
Yu-Gi-Oh!,Portuguese,OTS Tournament Pack 5,,OP05,,,,,,,,27,ygoprodeck
Yu-Gi-Oh!,Portuguese,OTS Tournament Pack 6,,OP06,,,,,,,,26,ygoprodeck
Yu-Gi-Oh!,Portuguese,OTS Tournament Pack 7,,OP07,,,,,,,,60,ygoprodeck
Yu-Gi-Oh!,Portuguese,OTS Tournament Pack 8 (POR),,OP08,,,,,,,,62,ygoprodeck
Yu-Gi-Oh!,Portuguese,OTS Tournament Pack 9 (POR),,OP09,,,,,,,,62,ygoprodeck
Yu-Gi-Oh!,Portuguese,Onslaught of the Fire Kings Structure Deck,,SDOK,,,,,,,,39,ygoprodeck
Yu-Gi-Oh!,Portuguese,Order of Chaos,,ORCS,,,,,,,,66,ygoprodeck
Yu-Gi-Oh!,Portuguese,Pendulum Domination Structure Deck,,SDPD,,,,,,,,43,ygoprodeck
Yu-Gi-Oh!,Portuguese,Pendulum Evolution,,PEVO,,,,,,,,60,ygoprodeck
Yu-Gi-Oh!,Portuguese,Phantom Darkness,,PTDN,,,,,,,,90,ygoprodeck
Yu-Gi-Oh!,Portuguese,Phantom Rage,,PHRA,,,,,,,,102,ygoprodeck
Yu-Gi-Oh!,Portuguese,Phantom Revenge,,PHRE,,,,,,,,18,ygoprodeck
Yu-Gi-Oh!,Portuguese,Pharaoh Tour 2005 promotional cards,,PT1,,,,,,,,2,ygoprodeck
Yu-Gi-Oh!,Portuguese,Pharaoh Tour 2006 promotional cards,,PT02,,,,,,,,2,ygoprodeck
Yu-Gi-Oh!,Portuguese,Pharaoh Tour 2007 promotional cards,,PT03,,,,,,,,2,ygoprodeck
Yu-Gi-Oh!,Portuguese,Pharaoh's Servant,,PSV,,,,,,,,237,ygoprodeck
Yu-Gi-Oh!,Portuguese,Pharaonic Guardian,,PGD,,,,,,,,95,ygoprodeck
Yu-Gi-Oh!,Portuguese,Photon Hypernova,,PHHY,,,,,,,,1,ygoprodeck
Yu-Gi-Oh!,Portuguese,Photon Shockwave,,PHSW,,,,,,,,57,ygoprodeck
Yu-Gi-Oh!,Portuguese,Power of the Duelist,,POTD,,,,,,,,53,ygoprodeck
Yu-Gi-Oh!,Portuguese,Power of the Elements,,POTE,,,,,,,,101,ygoprodeck
Yu-Gi-Oh!,Portuguese,Premium Collection Tin,,PRC1,,,,,,,,20,ygoprodeck
Yu-Gi-Oh!,Portuguese,Premium Gold,,PGLD,,,,,,,,90,ygoprodeck
Yu-Gi-Oh!,Portuguese,Premium Gold: Infinite Gold,,PGL3,,,,,,,,100,ygoprodeck
Yu-Gi-Oh!,Portuguese,Premium Gold: Return of the Bling,,PGL2,,,,,,,,91,ygoprodeck
Yu-Gi-Oh!,Portuguese,Premium Pack (TCG),,PP01,,,,,,,,15,ygoprodeck
Yu-Gi-Oh!,Portuguese,Premium Pack 2 (TCG),,PP02,,,,,,,,16,ygoprodeck
Yu-Gi-Oh!,Portuguese,Primal Origin,,PRIO,,,,,,,,106,ygoprodeck
Yu-Gi-Oh!,Portuguese,Quarter Century Bonanza,,RA03,,,,,,,,263,ygoprodeck
Yu-Gi-Oh!,Portuguese,Quarter Century Stampede,,RA04,,,,,,,,268,ygoprodeck
Yu-Gi-Oh!,Portuguese,Ra Yellow Mega Pack,,RYMP,,,,,,,,111,ygoprodeck
Yu-Gi-Oh!,Portuguese,Raging Battle,,RGBT,,,,,,,,103,ygoprodeck
Yu-Gi-Oh!,Portuguese,Raging Tempest,,RATE,,,,,,,,105,ygoprodeck
Yu-Gi-Oh!,Portuguese,Rarity Collection 5,,RA05,,,,,,,,100,ygoprodeck
Yu-Gi-Oh!,Portuguese,Realm of Light Structure Deck,,SDLI,,,,,,,,36,ygoprodeck
Yu-Gi-Oh!,Portuguese,Realm of the Sea Emperor Structure Deck,,SDRE,,,,,,,,36,ygoprodeck
Yu-Gi-Oh!,Portuguese,Retro Pack,,RP01,,,,,,,,99,ygoprodeck
Yu-Gi-Oh!,Portuguese,Retro Pack 2,,RP02,,,,,,,,100,ygoprodeck
Yu-Gi-Oh!,Portuguese,Return of the Duelist,,REDU,,,,,,,,85,ygoprodeck
Yu-Gi-Oh!,Portuguese,Rise of Destiny,,RDS,,,,,,,,64,ygoprodeck
Yu-Gi-Oh!,Portuguese,Rise of the Dragon Lords Structure Deck,,SDRL,,,,,,,,37,ygoprodeck
Yu-Gi-Oh!,Portuguese,Rise of the Duelist,,ROTD,,,,,,,,102,ygoprodeck
Yu-Gi-Oh!,Portuguese,Rise of the True Dragons Structure Deck,,SR02,,,,,,,,41,ygoprodeck
Yu-Gi-Oh!,Portuguese,Rising Rampage,,RIRA,,,,,,,,105,ygoprodeck
Yu-Gi-Oh!,Portuguese,SJ Jump Pack Spring 2020 promotional card,,JMPS,,,,,,,,8,ygoprodeck
Yu-Gi-Oh!,Portuguese,Saga of Blue-Eyes White Dragon Structure Deck,,SDBE,,,,,,,,40,ygoprodeck
Yu-Gi-Oh!,Portuguese,Samurai Assault,,SAAS,,,,,,,,1,ygoprodeck
Yu-Gi-Oh!,Portuguese,Samurai Warlords Structure Deck,,SDWA,,,,,,,,39,ygoprodeck
Yu-Gi-Oh!,Portuguese,San Diego Comic-Con promotional cards,,TKN1,,,,,,,,4,ygoprodeck
Yu-Gi-Oh!,Portuguese,Savage Strike,,SAST,,,,,,,,105,ygoprodeck
Yu-Gi-Oh!,Portuguese,Secret Slayers,,SESL,,,,,,,,60,ygoprodeck
Yu-Gi-Oh!,Portuguese,Secrets of Eternity,,SECE,,,,,,,,115,ygoprodeck
Yu-Gi-Oh!,Portuguese,Shadow Specters,,SHSP,,,,,,,,103,ygoprodeck
Yu-Gi-Oh!,Portuguese,Shadow of Infinity,,SOI,,,,,,,,40,ygoprodeck
Yu-Gi-Oh!,Portuguese,Shadow of Infinity Sneak Peek Participation Card,,SP2,,,,,,,,2,ygoprodeck
Yu-Gi-Oh!,Portuguese,Shadows in Valhalla,,SHVA,,,,,,,,60,ygoprodeck
Yu-Gi-Oh!,Portuguese,Shining Victories,,SHVI,,,,,,,,105,ygoprodeck
Yu-Gi-Oh!,Portuguese,Shonen Jump Championship 2004 Prize Card,,SJC,,,,,,,,3,ygoprodeck
Yu-Gi-Oh!,Portuguese,Shonen Jump Championship 2008 Prize Card,,SJCS,,,,,,,,4,ygoprodeck
Yu-Gi-Oh!,Portuguese,"Shonen Jump Vol. 3, Issue 1 promotional card",,JMP,,,,,,,,6,ygoprodeck
Yu-Gi-Oh!,Portuguese,"Shonen Jump Vol. 6, Issue 1 promotional card",,JUMP,,,,,,,,83,ygoprodeck
Yu-Gi-Oh!,Portuguese,Soul Fusion,,SOFU,,,,,,,,105,ygoprodeck
Yu-Gi-Oh!,Portuguese,Soul of the Duelist,,SOD,,,,,,,,60,ygoprodeck
Yu-Gi-Oh!,Portuguese,Space-Time Showdown Power-Up Pack,,YS14,,,,,,,,55,ygoprodeck
Yu-Gi-Oh!,Portuguese,Speed Duel Demo Deck,,DEM5,,,,,,,,10,ygoprodeck
Yu-Gi-Oh!,Portuguese,Speed Duel Demo Deck 2020,,DEM6,,,,,,,,20,ygoprodeck
Yu-Gi-Oh!,Portuguese,Speed Duel GX: Duel Academy Box,,SGX1,,,,,,,,196,ygoprodeck
Yu-Gi-Oh!,Portuguese,Speed Duel GX: Duelists of Shadows,,SGX3,,,,,,,,187,ygoprodeck
Yu-Gi-Oh!,Portuguese,Speed Duel GX: Midterm Paradox,,SGX2,,,,,,,,97,ygoprodeck
Yu-Gi-Oh!,Portuguese,Speed Duel Starter Decks: Destiny Masters,,SS01,,,,,,,,63,ygoprodeck
Yu-Gi-Oh!,Portuguese,Speed Duel Starter Decks: Duelists of Tomorrow,,SS02,,,,,,,,69,ygoprodeck
Yu-Gi-Oh!,Portuguese,Speed Duel Starter Decks: Match of the Millennium,,SS04,,,,,,,,66,ygoprodeck
Yu-Gi-Oh!,Portuguese,Speed Duel Starter Decks: Twisted Nightmares,,SS05,,,,,,,,65,ygoprodeck
Yu-Gi-Oh!,Portuguese,Speed Duel Starter Decks: Ultimate Predators,,SS03,,,,,,,,63,ygoprodeck
Yu-Gi-Oh!,Portuguese,Speed Duel Tournament Pack 1,,STP1,,,,,,,,18,ygoprodeck
Yu-Gi-Oh!,Portuguese,Speed Duel Tournament Pack 2,,STP2,,,,,,,,18,ygoprodeck
Yu-Gi-Oh!,Portuguese,Speed Duel Tournament Pack 3,,STP3,,,,,,,,33,ygoprodeck
Yu-Gi-Oh!,Portuguese,Speed Duel Tournament Pack 4,,STP4,,,,,,,,32,ygoprodeck
Yu-Gi-Oh!,Portuguese,Speed Duel Tournament Pack 5,,STP5,,,,,,,,35,ygoprodeck
Yu-Gi-Oh!,Portuguese,Speed Duel Tournament Pack 6,,STP6,,,,,,,,31,ygoprodeck
Yu-Gi-Oh!,Portuguese,Speed Duel: Arena of Lost Souls,,SBLS,,,,,,,,48,ygoprodeck
Yu-Gi-Oh!,Portuguese,Speed Duel: Attack from the Deep,,SBAD,,,,,,,,50,ygoprodeck
Yu-Gi-Oh!,Portuguese,Speed Duel: Battle City Box,,SBCB,,,,,,,,200,ygoprodeck
Yu-Gi-Oh!,Portuguese,Speed Duel: Scars of Battle,,SBSC,,,,,,,,48,ygoprodeck
Yu-Gi-Oh!,Portuguese,Speed Duel: Scars of Battle Launch Event participation card,,EVSD,,,,,,,,6,ygoprodeck
Yu-Gi-Oh!,Portuguese,Speed Duel: Streets of Battle City,,SBC1,,,,,,,,184,ygoprodeck
Yu-Gi-Oh!,Portuguese,Speed Duel: Trials of the Kingdom,,SBTK,,,,,,,,55,ygoprodeck
Yu-Gi-Oh!,Portuguese,Spell Ruler,,SRL,,,,,,,,196,ygoprodeck
Yu-Gi-Oh!,Portuguese,Spellcaster's Command Structure Deck,,SDSC,,,,,,,,37,ygoprodeck
Yu-Gi-Oh!,Portuguese,Spirit Warriors,,SPWA,,,,,,,,60,ygoprodeck
Yu-Gi-Oh!,Portuguese,Star Pack 2013,,SP13,,,,,,,,50,ygoprodeck
Yu-Gi-Oh!,Portuguese,Star Pack 2014,,SP14,,,,,,,,50,ygoprodeck
Yu-Gi-Oh!,Portuguese,Star Pack ARC-V,,SP15,,,,,,,,50,ygoprodeck
Yu-Gi-Oh!,Portuguese,Star Pack Battle Royal,,SP17,,,,,,,,50,ygoprodeck
Yu-Gi-Oh!,Portuguese,Star Pack VRAINS,,SP18,,,,,,,,50,ygoprodeck
Yu-Gi-Oh!,Portuguese,Stardust Overdrive,,SOVR,,,,,,,,96,ygoprodeck
Yu-Gi-Oh!,Portuguese,Starstrike Blast,,STBL,,,,,,,,60,ygoprodeck
Yu-Gi-Oh!,Portuguese,Starter Deck 2006,,YSD,,,,,,,,41,ygoprodeck
Yu-Gi-Oh!,Portuguese,Starter Deck: Codebreaker,,YS18,,,,,,,,45,ygoprodeck
Yu-Gi-Oh!,Portuguese,Starter Deck: Dawn of the Xyz,,YS11,,,,,,,,36,ygoprodeck
Yu-Gi-Oh!,Portuguese,Starter Deck: Duelist Toolbox,,5DS3,,,,,,,,42,ygoprodeck
Yu-Gi-Oh!,Portuguese,Starter Deck: Jaden Yuki,,YSDJ,,,,,,,,40,ygoprodeck
Yu-Gi-Oh!,Portuguese,Starter Deck: Joey,,SDJ,,,,,,,,49,ygoprodeck
Yu-Gi-Oh!,Portuguese,Starter Deck: Kaiba,,SDK,,,,,,,,96,ygoprodeck
Yu-Gi-Oh!,Portuguese,Starter Deck: Kaiba Evolution,,SKE,,,,,,,,49,ygoprodeck
Yu-Gi-Oh!,Portuguese,Starter Deck: Kaiba Reloaded,,YSKR,,,,,,,,48,ygoprodeck
Yu-Gi-Oh!,Portuguese,Starter Deck: Link Strike,,YS17,,,,,,,,43,ygoprodeck
Yu-Gi-Oh!,Portuguese,Starter Deck: Pegasus,,SDP,,,,,,,,50,ygoprodeck
Yu-Gi-Oh!,Portuguese,Starter Deck: Syrus Truesdale,,YSDS,,,,,,,,40,ygoprodeck
Yu-Gi-Oh!,Portuguese,Starter Deck: Xyz Symphony,,YS12,,,,,,,,43,ygoprodeck
Yu-Gi-Oh!,Portuguese,Starter Deck: Yu-Gi-Oh! 5D's,,5DS1,,,,,,,,42,ygoprodeck
Yu-Gi-Oh!,Portuguese,Starter Deck: Yu-Gi-Oh! 5D's 2009,,5DS2,,,,,,,,38,ygoprodeck
Yu-Gi-Oh!,Portuguese,Starter Deck: Yugi,,SDY,,,,,,,,96,ygoprodeck
Yu-Gi-Oh!,Portuguese,Starter Deck: Yugi Evolution,,SYE,,,,,,,,50,ygoprodeck
Yu-Gi-Oh!,Portuguese,Starter Deck: Yugi Reloaded,,YSYR,,,,,,,,46,ygoprodeck
Yu-Gi-Oh!,Portuguese,Starter Deck: Yuya,,YS16,,,,,,,,43,ygoprodeck
Yu-Gi-Oh!,Portuguese,Storm of Ragnarok,,STOR,,,,,,,,78,ygoprodeck
Yu-Gi-Oh!,Portuguese,Strike of Neos,,STON,,,,,,,,51,ygoprodeck
Yu-Gi-Oh!,Portuguese,Structure Deck: Albaz Strike,,SDAZ,,,,,,,,46,ygoprodeck
Yu-Gi-Oh!,Portuguese,Structure Deck: Beware of Traptrix,,SDBT,,,,,,,,38,ygoprodeck
Yu-Gi-Oh!,Portuguese,Structure Deck: Blaze of Destruction,,SD3,,,,,,,,31,ygoprodeck
Yu-Gi-Oh!,Portuguese,Structure Deck: Blue-Eyes White Destiny,,SDWD,,,,,,,,35,ygoprodeck
Yu-Gi-Oh!,Portuguese,Structure Deck: Cyber Strike,,SDCS,,,,,,,,48,ygoprodeck
Yu-Gi-Oh!,Portuguese,Structure Deck: Cyberse Link,,SDCL,,,,,,,,43,ygoprodeck
Yu-Gi-Oh!,Portuguese,Structure Deck: Dark World,,SR13,,,,,,,,34,ygoprodeck
Yu-Gi-Oh!,Portuguese,Structure Deck: Dinosaur's Rage,,SD09,,,,,,,,34,ygoprodeck
Yu-Gi-Oh!,Portuguese,Structure Deck: Dragon's Roar,,SD1,,,,,,,,29,ygoprodeck
Yu-Gi-Oh!,Portuguese,Structure Deck: Fire Kings,,SR14,,,,,,,,38,ygoprodeck
Yu-Gi-Oh!,Portuguese,Structure Deck: Freezing Chains,,SDFC,,,,,,,,46,ygoprodeck
Yu-Gi-Oh!,Portuguese,Structure Deck: Fury from the Deep,,SD4,,,,,,,,32,ygoprodeck
Yu-Gi-Oh!,Portuguese,Structure Deck: Invincible Fortress,,SD7,,,,,,,,31,ygoprodeck
Yu-Gi-Oh!,Portuguese,Structure Deck: Lair of Darkness,,SR06,,,,,,,,42,ygoprodeck
Yu-Gi-Oh!,Portuguese,Structure Deck: Legend of the Crystal Beasts,,SDCB,,,,,,,,46,ygoprodeck
Yu-Gi-Oh!,Portuguese,Structure Deck: Lord of the Storm,,SD8,,,,,,,,34,ygoprodeck
Yu-Gi-Oh!,Portuguese,Structure Deck: Machine Re-Volt,,SD10,,,,,,,,37,ygoprodeck
Yu-Gi-Oh!,Portuguese,Structure Deck: Marik (TCG),,SDMA,,,,,,,,38,ygoprodeck
Yu-Gi-Oh!,Portuguese,Structure Deck: Mechanized Madness,,SR10,,,,,,,,41,ygoprodeck
Yu-Gi-Oh!,Portuguese,Structure Deck: Order of the Spellcasters,,SR08,,,,,,,,41,ygoprodeck
Yu-Gi-Oh!,Portuguese,Structure Deck: Powercode Link,,SDPL,,,,,,,,42,ygoprodeck
Yu-Gi-Oh!,Portuguese,Structure Deck: Rokket Revolt,,SDRR,,,,,,,,46,ygoprodeck
Yu-Gi-Oh!,Portuguese,Structure Deck: Sacred Beasts,,SDSA,,,,,,,,48,ygoprodeck
Yu-Gi-Oh!,Portuguese,Structure Deck: Seto Kaiba,,SDKS,,,,,,,,44,ygoprodeck
Yu-Gi-Oh!,Portuguese,Structure Deck: Shaddoll Showdown,,SDSH,,,,,,,,49,ygoprodeck
Yu-Gi-Oh!,Portuguese,Structure Deck: Soulburner,,SDSB,,,,,,,,45,ygoprodeck
Yu-Gi-Oh!,Portuguese,Structure Deck: Spellcaster's Judgment,,SD6,,,,,,,,35,ygoprodeck
Yu-Gi-Oh!,Portuguese,Structure Deck: Spirit Charmers,,SDCH,,,,,,,,41,ygoprodeck
Yu-Gi-Oh!,Portuguese,Structure Deck: The Crimson King,,SDCK,,,,,,,,40,ygoprodeck
Yu-Gi-Oh!,Portuguese,Structure Deck: Warrior's Triumph,,SD5,,,,,,,,36,ygoprodeck
Yu-Gi-Oh!,Portuguese,Structure Deck: Wave of Light,,SR05,,,,,,,,42,ygoprodeck
Yu-Gi-Oh!,Portuguese,Structure Deck: Yugi Muto,,SDMY,,,,,,,,45,ygoprodeck
Yu-Gi-Oh!,Portuguese,Structure Deck: Zombie Horde,,SR07,,,,,,,,42,ygoprodeck
Yu-Gi-Oh!,Portuguese,Structure Deck: Zombie Madness,,SD2,,,,,,,,29,ygoprodeck
Yu-Gi-Oh!,Portuguese,Super Starter: V for Victory,,YS13,,,,,,,,57,ygoprodeck
Yu-Gi-Oh!,Portuguese,Synchron Extreme Structure Deck,,SDSE,,,,,,,,43,ygoprodeck
Yu-Gi-Oh!,Portuguese,THANK YOU PACK,,TYP1,,,,,,,,12,ygoprodeck
Yu-Gi-Oh!,Portuguese,THE CHRONICLES DECK: Spirit Charmers (All-Foil Edition),,CH02,,,,,,,,40,ygoprodeck
Yu-Gi-Oh!,Portuguese,THE CHRONICLES DECK: The Fallen & The Virtuous (All-Foil Edition),,CH01,,,,,,,,35,ygoprodeck
Yu-Gi-Oh!,Portuguese,Tactical Evolution: Special Edition,,TAEV,,,,,,,,75,ygoprodeck
Yu-Gi-Oh!,Portuguese,Tactical Masters,,TAMA,,,,,,,,59,ygoprodeck
Yu-Gi-Oh!,Portuguese,The Dark Emperor Structure Deck,,SDDE,,,,,,,,34,ygoprodeck
Yu-Gi-Oh!,Portuguese,The Dark Illusion,,TDIL,,,,,,,,105,ygoprodeck
Yu-Gi-Oh!,Portuguese,The Duelist Genesis,,TDGS,,,,,,,,85,ygoprodeck
Yu-Gi-Oh!,Portuguese,The Grand Creators,,GRCR,,,,,,,,60,ygoprodeck
Yu-Gi-Oh!,Portuguese,The Infinity Chasers,,INCH,,,,,,,,60,ygoprodeck
Yu-Gi-Oh!,Portuguese,The Lost Art Promotion (series),,LART,,,,,,,,71,ygoprodeck
Yu-Gi-Oh!,Portuguese,The Lost Millennium,,TLM,,,,,,,,64,ygoprodeck
Yu-Gi-Oh!,Portuguese,The New Challengers,,NECH,,,,,,,,115,ygoprodeck
Yu-Gi-Oh!,Portuguese,The Pot Collection,,TBC1,,,,,,,,14,ygoprodeck
Yu-Gi-Oh!,Portuguese,The Secret Forces,,THSF,,,,,,,,60,ygoprodeck
Yu-Gi-Oh!,Portuguese,The Shining Darkness,,TSHD,,,,,,,,96,ygoprodeck
Yu-Gi-Oh!,Portuguese,Toon Chaos,,TOCH,,,,,,,,60,ygoprodeck
Yu-Gi-Oh!,Portuguese,Tournament Pack 4,,TP4,,,,,,,,20,ygoprodeck
Yu-Gi-Oh!,Portuguese,Tournament Pack 5,,TP5,,,,,,,,15,ygoprodeck
Yu-Gi-Oh!,Portuguese,Tournament Pack 6,,TP6,,,,,,,,19,ygoprodeck
Yu-Gi-Oh!,Portuguese,Tournament Pack 7,,TP7,,,,,,,,20,ygoprodeck
Yu-Gi-Oh!,Portuguese,Tournament Pack 8,,TP8,,,,,,,,18,ygoprodeck
Yu-Gi-Oh!,Portuguese,Tournament Pack: 1st Season,,TP1,,,,,,,,46,ygoprodeck
Yu-Gi-Oh!,Portuguese,Tournament Pack: 2nd Season,,TP2,,,,,,,,27,ygoprodeck
Yu-Gi-Oh!,Portuguese,Tournament Pack: 3rd Season,,TP3,,,,,,,,20,ygoprodeck
Yu-Gi-Oh!,Portuguese,Trials of the Pharaoh - Trials of the Kingdom promotional card,,OPTP,,,,,,,,3,ygoprodeck
Yu-Gi-Oh!,Portuguese,Turbo Pack: Booster Eight,,TU08,,,,,,,,21,ygoprodeck
Yu-Gi-Oh!,Portuguese,Turbo Pack: Booster Five,,TU05,,,,,,,,21,ygoprodeck
Yu-Gi-Oh!,Portuguese,Turbo Pack: Booster Four,,TU04,,,,,,,,16,ygoprodeck
Yu-Gi-Oh!,Portuguese,Turbo Pack: Booster One,,TU01,,,,,,,,21,ygoprodeck
Yu-Gi-Oh!,Portuguese,Turbo Pack: Booster Seven,,TU07,,,,,,,,20,ygoprodeck
Yu-Gi-Oh!,Portuguese,Turbo Pack: Booster Six,,TU06,,,,,,,,19,ygoprodeck
Yu-Gi-Oh!,Portuguese,Turbo Pack: Booster Three,,TU03,,,,,,,,20,ygoprodeck
Yu-Gi-Oh!,Portuguese,Turbo Pack: Booster Two,,TU02,,,,,,,,21,ygoprodeck
Yu-Gi-Oh!,Portuguese,Twilight Edition,,TWED,,,,,,,,1,ygoprodeck
Yu-Gi-Oh!,Portuguese,Ultimate Edition 2,,UE02,,,,,,,,1,ygoprodeck
Yu-Gi-Oh!,Portuguese,Ultimate Tournament Pack 1,,UP01,,,,,,,,41,ygoprodeck
Yu-Gi-Oh!,Portuguese,Valiant Smashers,,VASM,,,,,,,,28,ygoprodeck
Yu-Gi-Oh!,Portuguese,War of the Giants Reinforcements,,WGRT,,,,,,,,104,ygoprodeck
Yu-Gi-Oh!,Portuguese,War of the Giants: Round 2,,BPW2,,,,,,,,103,ygoprodeck
Yu-Gi-Oh!,Portuguese,Warriors' Strike Structure Deck,,SDWS,,,,,,,,37,ygoprodeck
Yu-Gi-Oh!,Portuguese,Wild Survivors,,WISU,,,,,,,,28,ygoprodeck
Yu-Gi-Oh!,Portuguese,Wing Raiders,,WIRA,,,,,,,,60,ygoprodeck
Yu-Gi-Oh!,Portuguese,Winner's Pack 2026-2027,,WI26,,,,,,,,20,ygoprodeck
Yu-Gi-Oh!,Portuguese,World Championship 2010 Card Pack,,WCPP,,,,,,,,16,ygoprodeck
Yu-Gi-Oh!,Portuguese,World Championship 2011 Card Pack,,WP11,,,,,,,,16,ygoprodeck
Yu-Gi-Oh!,Portuguese,World Superstars,,WSUP,,,,,,,,50,ygoprodeck
Yu-Gi-Oh!,Portuguese,X-Saber Power-Up,,XSPU,,,,,,,,1,ygoprodeck
Yu-Gi-Oh!,Portuguese,Yu-Gi-Oh! 3D Bonds Beyond Time DVD promotional card,,MOV2,,,,,,,,1,ygoprodeck
Yu-Gi-Oh!,Portuguese,Yu-Gi-Oh! 3D Bonds Beyond Time Movie Pack,,YMP1,,,,,,,,7,ygoprodeck
Yu-Gi-Oh!,Portuguese,Yu-Gi-Oh! 5D's Duel Transer promotional cards,,YDT1,,,,,,,,3,ygoprodeck
Yu-Gi-Oh!,Portuguese,Yu-Gi-Oh! 5D's Stardust Accelerator promotional cards,,WC09,,,,,,,,3,ygoprodeck
Yu-Gi-Oh!,Portuguese,Yu-Gi-Oh! 5D's Tag Force 4 promotional cards,,TF04,,,,,,,,3,ygoprodeck
Yu-Gi-Oh!,Portuguese,Yu-Gi-Oh! 5D's Tag Force 5 promotional cards,,TF05,,,,,,,,3,ygoprodeck
Yu-Gi-Oh!,Portuguese,Yu-Gi-Oh! 5D's Volume 2 promotional card,,YF02,,,,,,,,1,ygoprodeck
Yu-Gi-Oh!,Portuguese,Yu-Gi-Oh! 5D's Volume 3 promotional card,,YF03,,,,,,,,1,ygoprodeck
Yu-Gi-Oh!,Portuguese,Yu-Gi-Oh! 5D's Volume 4 promotional card,,YF04,,,,,,,,1,ygoprodeck
Yu-Gi-Oh!,Portuguese,Yu-Gi-Oh! 5D's Volume 5 promotional card,,YF05,,,,,,,,1,ygoprodeck
Yu-Gi-Oh!,Portuguese,Yu-Gi-Oh! 5D's Volume 6 promotional card,,YF06,,,,,,,,1,ygoprodeck
Yu-Gi-Oh!,Portuguese,Yu-Gi-Oh! 5D's Volume 7 promotional card,,YF07,,,,,,,,1,ygoprodeck
Yu-Gi-Oh!,Portuguese,Yu-Gi-Oh! 5D's Volume 9 promotional card,,YF09,,,,,,,,1,ygoprodeck
Yu-Gi-Oh!,Portuguese,Yu-Gi-Oh! 5D's Wheelie Breakers Promotional Cards,,WB01,,,,,,,,3,ygoprodeck
Yu-Gi-Oh!,Portuguese,Yu-Gi-Oh! 5D's World Championship 2010: Reverse of Arcadia promotional cards,,WC10,,,,,,,,2,ygoprodeck
Yu-Gi-Oh!,Portuguese,Yu-Gi-Oh! 5D's World Championship 2011: Over the Nexus promotional cards,,WC11,,,,,,,,3,ygoprodeck
Yu-Gi-Oh!,Portuguese,Yu-Gi-Oh! 5D's volume 8 promotional card,,YF08,,,,,,,,1,ygoprodeck
Yu-Gi-Oh!,Portuguese,Yu-Gi-Oh! 7 Trials to Glory: World Championship Tournament 2005 promotional cards,,WC5,,,,,,,,3,ygoprodeck
Yu-Gi-Oh!,Portuguese,Yu-Gi-Oh! ARC-V Volume 1 promotional card,,YA01,,,,,,,,1,ygoprodeck
Yu-Gi-Oh!,Portuguese,Yu-Gi-Oh! ARC-V Volume 2 promotional card,,YA02,,,,,,,,1,ygoprodeck
Yu-Gi-Oh!,Portuguese,Yu-Gi-Oh! ARC-V Volume 3 promotional card,,YA03,,,,,,,,1,ygoprodeck
Yu-Gi-Oh!,Portuguese,Yu-Gi-Oh! ARC-V Volume 4 promotional card,,YA04,,,,,,,,1,ygoprodeck
Yu-Gi-Oh!,Portuguese,Yu-Gi-Oh! ARC-V Volume 7 promotional card,,YA07,,,,,,,,1,ygoprodeck
Yu-Gi-Oh!,Portuguese,Yu-Gi-Oh! Advent Calendar (2018),,AC18,,,,,,,,23,ygoprodeck
Yu-Gi-Oh!,Portuguese,Yu-Gi-Oh! Advent Calendar (2019),,AC19,,,,,,,,24,ygoprodeck
Yu-Gi-Oh!,Portuguese,Yu-Gi-Oh! Capsule Monster Coliseum promotional cards,,CMC,,,,,,,,2,ygoprodeck
Yu-Gi-Oh!,Portuguese,Yu-Gi-Oh! Championship Series 2012 Prize Card,,YCSW,,,,,,,,11,ygoprodeck
Yu-Gi-Oh!,Portuguese,Yu-Gi-Oh! Championship Series 2025 prize cards,,25YC,,,,,,,,12,ygoprodeck
Yu-Gi-Oh!,Portuguese,Yu-Gi-Oh! Dark Duel Stories promotional cards,,DDS,,,,,,,,6,ygoprodeck
Yu-Gi-Oh!,Portuguese,Yu-Gi-Oh! Destiny Board Traveler promotional cards,,DBT,,,,,,,,2,ygoprodeck
Yu-Gi-Oh!,Portuguese,Yu-Gi-Oh! Elemental Hero Collection 1,,EHC1,,,,,,,,4,ygoprodeck
Yu-Gi-Oh!,Portuguese,Yu-Gi-Oh! Elemental Hero Collection 2,,EHC2,,,,,,,,4,ygoprodeck
Yu-Gi-Oh!,Portuguese,Yu-Gi-Oh! Forbidden Memories promotional cards,,FMR,,,,,,,,3,ygoprodeck
Yu-Gi-Oh!,Portuguese,Yu-Gi-Oh! GX Card Almanac promotional cards,,YDB1,,,,,,,,3,ygoprodeck
Yu-Gi-Oh!,Portuguese,Yu-Gi-Oh! GX Duel Academy promotional cards,,GX1,,,,,,,,3,ygoprodeck
Yu-Gi-Oh!,Portuguese,Yu-Gi-Oh! GX Special Edition,,GSE,,,,,,,,1,ygoprodeck
Yu-Gi-Oh!,Portuguese,Yu-Gi-Oh! GX Spirit Caller promotional cards,,GX03,,,,,,,,2,ygoprodeck
Yu-Gi-Oh!,Portuguese,Yu-Gi-Oh! GX Tag Force 2 promotional cards,,GX04,,,,,,,,3,ygoprodeck
Yu-Gi-Oh!,Portuguese,Yu-Gi-Oh! GX Tag Force 3 promotional cards,,GX06,,,,,,,,2,ygoprodeck
Yu-Gi-Oh!,Portuguese,Yu-Gi-Oh! GX Tag Force Evolution promotional cards,,GX05,,,,,,,,2,ygoprodeck
Yu-Gi-Oh!,Portuguese,Yu-Gi-Oh! GX Tag Force promotional cards,,GX02,,,,,,,,3,ygoprodeck
Yu-Gi-Oh!,Portuguese,Yu-Gi-Oh! GX Ultimate Beginner's Pack,,UBP1,,,,,,,,5,ygoprodeck
Yu-Gi-Oh!,Portuguese,Yu-Gi-Oh! GX Volume 1 promotional card,,YG01,,,,,,,,1,ygoprodeck
Yu-Gi-Oh!,Portuguese,Yu-Gi-Oh! GX Volume 2 promotional card,,YG02,,,,,,,,1,ygoprodeck
Yu-Gi-Oh!,Portuguese,Yu-Gi-Oh! GX Volume 3 promotional card,,YG03,,,,,,,,1,ygoprodeck
Yu-Gi-Oh!,Portuguese,Yu-Gi-Oh! GX Volume 4 promotional card,,YG04,,,,,,,,1,ygoprodeck
Yu-Gi-Oh!,Portuguese,Yu-Gi-Oh! GX Volume 5 promotional card,,YG05,,,,,,,,1,ygoprodeck
Yu-Gi-Oh!,Portuguese,Yu-Gi-Oh! GX Volume 6 promotional card,,YG06,,,,,,,,1,ygoprodeck
Yu-Gi-Oh!,Portuguese,Yu-Gi-Oh! GX Volume 8 promotional card,,YG08,,,,,,,,1,ygoprodeck
Yu-Gi-Oh!,Portuguese,Yu-Gi-Oh! GX Volume 9 promotional card,,YG09,,,,,,,,1,ygoprodeck
Yu-Gi-Oh!,Portuguese,Yu-Gi-Oh! Legacy of the Duelist: Link Evolution promotional cards,,LOD2,,,,,,,,3,ygoprodeck
Yu-Gi-Oh!,Portuguese,Yu-Gi-Oh! Nightmare Troubadour promotional cards,,NTR,,,,,,,,3,ygoprodeck
Yu-Gi-Oh!,Portuguese,Yu-Gi-Oh! Power of Chaos: Joey the Passion promotional cards,,PCJ,,,,,,,,3,ygoprodeck
Yu-Gi-Oh!,Portuguese,Yu-Gi-Oh! Power of Chaos: Kaiba the Revenge promotional cards,,PCK,,,,,,,,4,ygoprodeck
Yu-Gi-Oh!,Portuguese,Yu-Gi-Oh! Power of Chaos: Yugi the Destiny promotional cards,,PCY,,,,,,,,10,ygoprodeck
Yu-Gi-Oh!,Portuguese,Yu-Gi-Oh! R Volume 3 promotional card,,YR01,,,,,,,,2,ygoprodeck
Yu-Gi-Oh!,Portuguese,Yu-Gi-Oh! R Volume 4 promotional card,,YR04,,,,,,,,1,ygoprodeck
Yu-Gi-Oh!,Portuguese,Yu-Gi-Oh! R Volume 5 promotional card,,YR05,,,,,,,,1,ygoprodeck
Yu-Gi-Oh!,Portuguese,Yu-Gi-Oh! Reshef of Destruction promotional cards,,ROD,,,,,,,,1,ygoprodeck
Yu-Gi-Oh!,Portuguese,Yu-Gi-Oh! The Dark Side of Dimensions Blu-ray & DVD promotional card,,MVPC,,,,,,,,1,ygoprodeck
Yu-Gi-Oh!,Portuguese,Yu-Gi-Oh! The Dark Side of Dimensions Movie Pack,,MVP1,,,,,,,,185,ygoprodeck
Yu-Gi-Oh!,Portuguese,Yu-Gi-Oh! The Dawn of Destiny promotional cards,,DOD,,,,,,,,4,ygoprodeck
Yu-Gi-Oh!,Portuguese,Yu-Gi-Oh! The Duelists of the Roses promotional cards,,DOR,,,,,,,,6,ygoprodeck
Yu-Gi-Oh!,Portuguese,Yu-Gi-Oh! The Eternal Duelist Soul promotional cards,,EDS,,,,,,,,3,ygoprodeck
Yu-Gi-Oh!,Portuguese,Yu-Gi-Oh! The Falsebound Kingdom promotional cards,,TFK,,,,,,,,5,ygoprodeck
Yu-Gi-Oh!,Portuguese,Yu-Gi-Oh! The Sacred Cards promotional cards,,TSC,,,,,,,,6,ygoprodeck
Yu-Gi-Oh!,Portuguese,Yu-Gi-Oh! Trading Card Game Tour 2004 promotional card,,EM1,,,,,,,,1,ygoprodeck
Yu-Gi-Oh!,Portuguese,Yu-Gi-Oh! Ultimate Masters: World Championship Tournament 2006 promotional cards,,WC6,,,,,,,,2,ygoprodeck
Yu-Gi-Oh!,Portuguese,Yu-Gi-Oh! World Championship 2005 prize cards,,WCS,,,,,,,,4,ygoprodeck
Yu-Gi-Oh!,Portuguese,Yu-Gi-Oh! World Championship 2007 prize cards,,WCPS,,,,,,,,3,ygoprodeck
Yu-Gi-Oh!,Portuguese,Yu-Gi-Oh! World Championship 2007 promotional cards,,WC07,,,,,,,,3,ygoprodeck
Yu-Gi-Oh!,Portuguese,Yu-Gi-Oh! World Championship 2008 promotional cards,,WC08,,,,,,,,3,ygoprodeck
Yu-Gi-Oh!,Portuguese,Yu-Gi-Oh! World Championship 2017 prize cards,,2017,,,,,,,,2,ygoprodeck
Yu-Gi-Oh!,Portuguese,Yu-Gi-Oh! World Championship Qualifier National Championships 2011 prize cards,,WQ11,,,,,,,,3,ygoprodeck
Yu-Gi-Oh!,Portuguese,Yu-Gi-Oh! World Championship Tournament 2004 promotional cards,,WC4,,,,,,,,5,ygoprodeck
Yu-Gi-Oh!,Portuguese,Yu-Gi-Oh! Worldwide Edition: Stairway to the Destined Duel promotional cards,,SDD,,,,,,,,6,ygoprodeck
Yu-Gi-Oh!,Portuguese,Yu-Gi-Oh! ZEXAL Volume 1 promotional card,,YZ01,,,,,,,,1,ygoprodeck
Yu-Gi-Oh!,Portuguese,Yu-Gi-Oh! ZEXAL Volume 2 promotional card,,YZ02,,,,,,,,1,ygoprodeck
Yu-Gi-Oh!,Portuguese,Yu-Gi-Oh! ZEXAL Volume 3 promotional card,,YZ03,,,,,,,,1,ygoprodeck
Yu-Gi-Oh!,Portuguese,Yu-Gi-Oh! ZEXAL Volume 4 promotional card,,YZ04,,,,,,,,1,ygoprodeck
Yu-Gi-Oh!,Portuguese,Yu-Gi-Oh! ZEXAL Volume 5 promotional card,,YZ05,,,,,,,,1,ygoprodeck
Yu-Gi-Oh!,Portuguese,Yu-Gi-Oh! ZEXAL Volume 6 promotional card,,YZ06,,,,,,,,1,ygoprodeck
Yu-Gi-Oh!,Portuguese,Yu-Gi-Oh! ZEXAL Volume 7 promotional card,,YZ07,,,,,,,,1,ygoprodeck
Yu-Gi-Oh!,Portuguese,Yu-Gi-Oh! ZEXAL Volume 8 promotional card,,YZ08,,,,,,,,1,ygoprodeck
Yu-Gi-Oh!,Portuguese,Yu-Gi-Oh! ZEXAL World Duel Carnival promotional cards,,ZDC1,,,,,,,,3,ygoprodeck
Yu-Gi-Oh!,Portuguese,Yugi & Kaiba Collector Box,,KACB,,,,,,,,1,ygoprodeck
Yu-Gi-Oh!,Portuguese,Yugi's Legendary Decks,,YGLD,,,,,,,,125,ygoprodeck
Yu-Gi-Oh!,Portuguese,Zexal Collection Tin,,ZTIN,,,,,,,,21,ygoprodeck
Yu-Gi-Oh!,Portuguese,Zombie World Structure Deck,,SDZW,,,,,,,,35,ygoprodeck
